PC     Output      Line
040000             0001  ;
040000             0002  ; cube.asm — Spinning cube MOS executable
040000             0003  ; Auto-generated by build_cube_bin.py
040000             0004  ;
040000             0005  ; Assembled with: ez80asm cube.asm cube.bin
040000             0006  ;
040000             0007  
040000             0008  			.ASSUME	ADL = 1
040000             0009  
040000 C3 45 00 04 0010  			JP	_start			; Jump over header
040004             0011  
040004 63 75 62 65 0012  _exec_name:		DB	"cube.bin",0		; Executable name
       2E 62 69 6E 
       00          
04000D             0013  
04000D FF FF FF FF 0014  			ALIGN	64
       FF FF FF FF 
       FF FF FF FF 
       FF FF FF FF 
       FF FF FF FF 
       FF FF FF FF 
       FF FF FF FF 
       FF FF FF FF 
       FF FF FF FF 
       FF FF FF FF 
       FF FF FF FF 
       FF FF FF FF 
       FF FF FF    
040040             0015  
040040 4D 4F 53    0016  			DB	"MOS"			; MOS magic
040043 00          0017  			DB	00h			; Header version 0
040044 01          0018  			DB	01h			; ADL mode
040045             0019  
040045             0020  _start:
040045 F5          0021  			PUSH	AF
040046 C5          0022  			PUSH	BC
040047 D5          0023  			PUSH	DE
040048 DD E5       0024  			PUSH	IX
04004A FD E5       0025  			PUSH	IY
04004C             0026  
04004C ED 6E       0027  			LD	A, MB			; Save MB
04004E F5          0028  			PUSH	AF
04004F AF          0029  			XOR	A
040050 ED 6D       0030  			LD	MB, A			; Clear MB for 24-bit MOS API
040052             0031  
040052             0032  			; Get system variables pointer
040052 3E 08       0033  			LD	A, 08h			; mos_sysvars
040054 5B CF       0034  			RST.LIL	08h			; IX = sysvars
040056             0035  
040056             0036  			; Send VDU setup (mode 8, pixel coords, cursor off, CLS, CLG)
040056 21 B6 00 04 0037  			LD	HL, setup_data
04005A 01 0B 00 00 0038  			LD	BC, 11
04005E 5B DF       0039  			RST.LIL	18h			; Send BC bytes from HL to VDP
040060             0040  
040060             0041  			; Wait for mode switch to settle
040060 06 0F       0042  			LD	B, 15
040062 CD A9 00 04 0043  			CALL	wait_ticks
040066             0044  
040066             0045  ; ---- Main animation loop (infinite) ----
040066             0046  main_loop:
040066 21 C8 00 04 0047  			LD	HL, frame_data + 2	; Skip num_frames u16 header
04006A 11 68 01 00 0048  			LD	DE, 360
04006E             0049  
04006E             0050  next_frame:
04006E             0051  			; Read frame length: 16-bit LE at (HL)
04006E 4E          0052  			LD	C, (HL)
04006F 23          0053  			INC	HL
040070 46          0054  			LD	B, (HL)
040071 23          0055  			INC	HL			; HL = frame VDU data start
040072             0056  
040072 D5          0057  			PUSH	DE			; save frame counter
040073 E5          0058  			PUSH	HL			; save data pointer
040074 C5          0059  			PUSH	BC			; save frame length
040075             0060  
040075             0061  			; Send frame to VDP
040075 5B DF       0062  			RST.LIL	18h			; HL=addr, BC=len
040077             0063  
040077             0064  			; Wait 2 vsync ticks (~30fps)
040077 06 02       0065  			LD	B, 2
040079 CD A9 00 04 0066  			CALL	wait_ticks
04007D             0067  
04007D             0068  			; Check for space key (sysvar_keyascii = IX+5)
04007D DD 7E 05    0069  			LD	A, (IX+5)
040080 FE 20       0070  			CP	20h			; space?
040082 28 0D       0071  			JR	Z, _exit
040084             0072  
040084 C1          0073  			POP	BC			; restore frame length
040085 E1          0074  			POP	HL			; restore data pointer
040086 D1          0075  			POP	DE			; restore frame counter
040087             0076  
040087             0077  			; Advance HL past frame data
040087 09          0078  			ADD	HL, BC
040088             0079  
040088             0080  			; Decrement frame counter, loop if not zero
040088 1B          0081  			DEC	DE
040089 7A          0082  			LD	A, D
04008A B3          0083  			OR	E
04008B 20 E1       0084  			JR	NZ, next_frame
04008D             0085  
04008D             0086  			; Loop forever
04008D C3 66 00 04 0087  			JP	main_loop
040091             0088  
040091             0089  _exit:
040091 C1          0090  			POP	BC			; clean up stack from frame loop
040092 E1          0091  			POP	HL
040093 D1          0092  			POP	DE
040094             0093  
040094             0094  			; Restore mode 0 + cursor
040094 21 C1 00 04 0095  			LD	HL, restore_data
040098 01 05 00 00 0096  			LD	BC, 5
04009C 5B DF       0097  			RST.LIL	18h
04009E             0098  
04009E F1          0099  			POP	AF
04009F ED 6D       0100  			LD	MB, A			; Restore MB
0400A1 FD E1       0101  			POP	IY
0400A3 DD E1       0102  			POP	IX
0400A5 D1          0103  			POP	DE
0400A6 C1          0104  			POP	BC
0400A7 F1          0105  			POP	AF
0400A8 C9          0106  			RET
0400A9             0107  
0400A9             0108  ; ---- Subroutine: wait B ticks of sysvar_time ----
0400A9             0109  ; sysvar_time (IX+0) increments by 2 every VBLANK (~60Hz).
0400A9             0110  ; We wait for B changes of the low byte.
0400A9             0111  wait_ticks:
0400A9             0112  wt_outer:
0400A9 DD 7E 00    0113  			LD	A, (IX+0)		; current sysvar_time low byte
0400AC 4F          0114  			LD	C, A			; snapshot
0400AD             0115  wt_inner:
0400AD DD 7E 00    0116  			LD	A, (IX+0)		; re-read
0400B0 B9          0117  			CP	C			; changed?
0400B1 28 FA       0118  			JR	Z, wt_inner		; no — keep spinning
0400B3 10 F4       0119  			DJNZ	wt_outer		; yes — one tick done
0400B5 C9          0120  			RET
0400B6             0121  
0400B6             0122  ; ---- Data ----
0400B6             0123  setup_data:
0400B6 16 08 17 00 0124  			INCBIN	"cube_setup.bin"
       C0 00 17 01 
       00 0C 10    
0400C1             0125  
0400C1             0126  restore_data:
0400C1 16 00       0127  			DB	22, 0			; VDU 22, 0 — mode 0
0400C3 17 01 01    0128  			DB	23, 1, 1		; cursor on
0400C6             0129  
0400C6             0130  frame_data:
0400C6 68 01 2B 00 0131  			INCBIN	"cube_frames.bin"
       10 12 00 03 
       19 04 6E 00 
       AA 00 19 04 
       6E 00 46 00 
       19 55 D2 00 
       46 00 12 00 
       03 19 04 6E 
       00 AA 00 19 
       04 D2 00 46 
       00 19 55 D2 
       00 AA 00 7F 
       00 10 12 00 
       05 19 04 6D 
       00 A9 00 19 
       04 C4 00 9C 
       00 19 55 7C 
       00 9C 00 12 
       00 04 19 04 
       D1 00 A9 00 
       19 04 C4 00 
       54 00 19 55 
       C4 00 9C 00 
       12 00 04 19 
       04 D1 00 A9 
       00 19 04 D1 
       00 45 00 19 
       55 C4 00 54 
       00 12 00 05 
       19 04 6D 00 
       A9 00 19 04 
       D1 00 A9 00 
       19 55 C4 00 
       9C 00 12 00 
       03 19 04 6D 
       00 A9 00 19 
       04 6D 00 45 
       00 19 55 D1 
       00 45 00 12 
       00 03 19 04 
       6D 00 A9 00 
       19 04 D1 00 
       45 00 19 55 
       D1 00 A9 00 
       7F 00 10 12 
       00 05 19 04 
       6C 00 A8 00 
       19 04 C5 00 
       9C 00 19 55 
       7D 00 9C 00 
       12 00 04 19 
       04 D0 00 A9 
       00 19 04 C5 
       00 54 00 19 
       55 C5 00 9C 
       00 12 00 04 
       19 04 D0 00 
       A9 00 19 04 
       D0 00 44 00 
       19 55 C5 00 
       54 00 12 00 
       05 19 04 6C 
       00 A8 00 19 
       04 D0 00 A9 
       00 19 55 C5 
       00 9C 00 12 
       00 03 19 04 
       6C 00 A8 00 
       19 04 6C 00 
       45 00 19 55 
       D0 00 44 00 
       12 00 03 19 
       04 6C 00 A8 
       00 19 04 D0 
       00 44 00 19 
       55 D0 00 A9 
       00 7F 00 10 
       12 00 05 19 
       04 6B 00 A8 
       00 19 04 C5 
       00 9D 00 19 
       55 7E 00 9C 
       00 12 00 04 
       19 04 D0 00 
       A9 00 19 04 
       C5 00 55 00 
       19 55 C5 00 
       9D 00 12 00 
       04 19 04 D0 
       00 A9 00 19 
       04 CF 00 44 
       00 19 55 C5 
       00 55 00 12 
       00 05 19 04 
       6B 00 A8 00 
       19 04 D0 00 
       A9 00 19 55 
       C5 00 9D 00 
       12 00 03 19 
       04 6B 00 A8 
       00 19 04 6C 
       00 45 00 19 
       55 CF 00 44 
       00 12 00 03 
       19 04 6B 00 
       A8 00 19 04 
       CF 00 44 00 
       19 55 D0 00 
       A9 00 7F 00 
       10 12 00 05 
       19 04 6A 00 
       A7 00 19 04 
       C6 00 9D 00 
       19 55 7E 00 
       9D 00 12 00 
       04 19 04 CF 
       00 A8 00 19 
       04 C6 00 55 
       00 19 55 C6 
       00 9D 00 12 
       00 04 19 04 
       CF 00 A8 00 
       19 04 CE 00 
       43 00 19 55 
       C6 00 55 00 
       12 00 05 19 
       04 6A 00 A7 
       00 19 04 CF 
       00 A8 00 19 
       55 C6 00 9D 
       00 12 00 03 
       19 04 6A 00 
       A7 00 19 04 
       6B 00 45 00 
       19 55 CE 00 
       43 00 12 00 
       03 19 04 6A 
       00 A7 00 19 
       04 CE 00 43 
       00 19 55 CF 
       00 A8 00 7F 
       00 10 12 00 
       05 19 04 6A 
       00 A6 00 19 
       04 C7 00 9E 
       00 19 55 7F 
       00 9D 00 12 
       00 04 19 04 
       CE 00 A8 00 
       19 04 C7 00 
       55 00 19 55 
       C7 00 9E 00 
       12 00 04 19 
       04 CE 00 A8 
       00 19 04 CD 
       00 43 00 19 
       55 C7 00 55 
       00 12 00 05 
       19 04 6A 00 
       A6 00 19 04 
       CE 00 A8 00 
       19 55 C7 00 
       9E 00 12 00 
       03 19 04 6A 
       00 A6 00 19 
       04 6B 00 44 
       00 19 55 CD 
       00 43 00 12 
       00 03 19 04 
       6A 00 A6 00 
       19 04 CD 00 
       43 00 19 55 
       CE 00 A8 00 
       7F 00 10 12 
       00 05 19 04 
       69 00 A6 00 
       19 04 C8 00 
       9E 00 19 55 
       80 00 9D 00 
       12 00 04 19 
       04 CD 00 A8 
       00 19 04 C7 
       00 56 00 19 
       55 C8 00 9E 
       00 12 00 04 
       19 04 CD 00 
       A8 00 19 04 
       CD 00 42 00 
       19 55 C7 00 
       56 00 12 00 
       05 19 04 69 
       00 A6 00 19 
       04 CD 00 A8 
       00 19 55 C8 
       00 9E 00 12 
       00 03 19 04 
       69 00 A6 00 
       19 04 6B 00 
       44 00 19 55 
       CD 00 42 00 
       12 00 03 19 
       04 69 00 A6 
       00 19 04 CD 
       00 42 00 19 
       55 CD 00 A8 
       00 7F 00 10 
       12 00 05 19 
       04 68 00 A5 
       00 19 04 C8 
       00 9F 00 19 
       55 80 00 9D 
       00 12 00 04 
       19 04 CC 00 
       A8 00 19 04 
       C8 00 56 00 
       19 55 C8 00 
       9F 00 12 00 
       04 19 04 CC 
       00 A8 00 19 
       04 CC 00 42 
       00 19 55 C8 
       00 56 00 12 
       00 05 19 04 
       68 00 A5 00 
       19 04 CC 00 
       A8 00 19 55 
       C8 00 9F 00 
       12 00 03 19 
       04 68 00 A5 
       00 19 04 6A 
       00 44 00 19 
       55 CC 00 42 
       00 12 00 03 
       19 04 68 00 
       A5 00 19 04 
       CC 00 42 00 
       19 55 CC 00 
       A8 00 7F 00 
       10 12 00 05 
       19 04 67 00 
       A5 00 19 04 
       C9 00 9F 00 
       19 55 81 00 
       9E 00 12 00 
       04 19 04 CB 
       00 A7 00 19 
       04 C9 00 57 
       00 19 55 C9 
       00 9F 00 12 
       00 04 19 04 
       CB 00 A7 00 
       19 04 CB 00 
       41 00 19 55 
       C9 00 57 00 
       12 00 05 19 
       04 67 00 A5 
       00 19 04 CB 
       00 A7 00 19 
       55 C9 00 9F 
       00 12 00 03 
       19 04 67 00 
       A5 00 19 04 
       6A 00 44 00 
       19 55 CB 00 
       41 00 12 00 
       03 19 04 67 
       00 A5 00 19 
       04 CB 00 41 
       00 19 55 CB 
       00 A7 00 7F 
       00 10 12 00 
       05 19 04 67 
       00 A4 00 19 
       04 C9 00 A0 
       00 19 55 81 
       00 9E 00 12 
       00 04 19 04 
       CA 00 A7 00 
       19 04 C9 00 
       57 00 19 55 
       C9 00 A0 00 
       12 00 04 19 
       04 CA 00 A7 
       00 19 04 CA 
       00 41 00 19 
       55 C9 00 57 
       00 12 00 05 
       19 04 67 00 
       A4 00 19 04 
       CA 00 A7 00 
       19 55 C9 00 
       A0 00 12 00 
       03 19 04 67 
       00 A4 00 19 
       04 6A 00 44 
       00 19 55 CA 
       00 41 00 12 
       00 03 19 04 
       67 00 A4 00 
       19 04 CA 00 
       41 00 19 55 
       CA 00 A7 00 
       7F 00 10 12 
       00 05 19 04 
       66 00 A3 00 
       19 04 CA 00 
       A0 00 19 55 
       82 00 9E 00 
       12 00 04 19 
       04 C9 00 A7 
       00 19 04 CA 
       00 57 00 19 
       55 CA 00 A0 
       00 12 00 04 
       19 04 C9 00 
       A7 00 19 04 
       C9 00 40 00 
       19 55 CA 00 
       57 00 12 00 
       05 19 04 66 
       00 A3 00 19 
       04 C9 00 A7 
       00 19 55 CA 
       00 A0 00 12 
       00 03 19 04 
       66 00 A3 00 
       19 04 6A 00 
       44 00 19 55 
       C9 00 40 00 
       12 00 03 19 
       04 66 00 A3 
       00 19 04 C9 
       00 40 00 19 
       55 C9 00 A7 
       00 7F 00 10 
       12 00 05 19 
       04 65 00 A3 
       00 19 04 CB 
       00 A1 00 19 
       55 83 00 9F 
       00 12 00 04 
       19 04 C8 00 
       A6 00 19 04 
       CB 00 58 00 
       19 55 CB 00 
       A1 00 12 00 
       04 19 04 C8 
       00 A6 00 19 
       04 C9 00 40 
       00 19 55 CB 
       00 58 00 12 
       00 05 19 04 
       65 00 A3 00 
       19 04 C8 00 
       A6 00 19 55 
       CB 00 A1 00 
       12 00 03 19 
       04 65 00 A3 
       00 19 04 6A 
       00 44 00 19 
       55 C9 00 40 
       00 12 00 03 
       19 04 65 00 
       A3 00 19 04 
       C9 00 40 00 
       19 55 C8 00 
       A6 00 7F 00 
       10 12 00 05 
       19 04 64 00 
       A2 00 19 04 
       CB 00 A1 00 
       19 55 83 00 
       9F 00 12 00 
       08 19 04 C7 
       00 A6 00 19 
       04 CB 00 58 
       00 19 55 CB 
       00 A1 00 12 
       00 08 19 04 
       C7 00 A6 00 
       19 04 C8 00 
       3F 00 19 55 
       CB 00 58 00 
       12 00 05 19 
       04 64 00 A2 
       00 19 04 C7 
       00 A6 00 19 
       55 CB 00 A1 
       00 12 00 03 
       19 04 64 00 
       A2 00 19 04 
       69 00 43 00 
       19 55 C8 00 
       3F 00 12 00 
       03 19 04 64 
       00 A2 00 19 
       04 C8 00 3F 
       00 19 55 C7 
       00 A6 00 7F 
       00 10 12 00 
       05 19 04 64 
       00 A1 00 19 
       04 CC 00 A2 
       00 19 55 84 
       00 9F 00 12 
       00 08 19 04 
       C6 00 A5 00 
       19 04 CC 00 
       58 00 19 55 
       CC 00 A2 00 
       12 00 08 19 
       04 C6 00 A5 
       00 19 04 C7 
       00 3F 00 19 
       55 CC 00 58 
       00 12 00 05 
       19 04 64 00 
       A1 00 19 04 
       C6 00 A5 00 
       19 55 CC 00 
       A2 00 12 00 
       03 19 04 64 
       00 A1 00 19 
       04 69 00 43 
       00 19 55 C7 
       00 3F 00 12 
       00 03 19 04 
       64 00 A1 00 
       19 04 C7 00 
       3F 00 19 55 
       C6 00 A5 00 
       7F 00 10 12 
       00 05 19 04 
       63 00 A1 00 
       19 04 CC 00 
       A2 00 19 55 
       84 00 9F 00 
       12 00 08 19 
       04 C5 00 A5 
       00 19 04 CD 
       00 59 00 19 
       55 CC 00 A2 
       00 12 00 08 
       19 04 C5 00 
       A5 00 19 04 
       C6 00 3E 00 
       19 55 CD 00 
       59 00 12 00 
       05 19 04 63 
       00 A1 00 19 
       04 C5 00 A5 
       00 19 55 CC 
       00 A2 00 12 
       00 03 19 04 
       63 00 A1 00 
       19 04 69 00 
       43 00 19 55 
       C6 00 3E 00 
       12 00 03 19 
       04 63 00 A1 
       00 19 04 C6 
       00 3E 00 19 
       55 C5 00 A5 
       00 7F 00 10 
       12 00 05 19 
       04 62 00 A0 
       00 19 04 CD 
       00 A3 00 19 
       55 85 00 A0 
       00 12 00 08 
       19 04 C4 00 
       A5 00 19 04 
       CE 00 59 00 
       19 55 CD 00 
       A3 00 12 00 
       08 19 04 C4 
       00 A5 00 19 
       04 C5 00 3E 
       00 19 55 CE 
       00 59 00 12 
       00 05 19 04 
       62 00 A0 00 
       19 04 C4 00 
       A5 00 19 55 
       CD 00 A3 00 
       12 00 03 19 
       04 62 00 A0 
       00 19 04 69 
       00 43 00 19 
       55 C5 00 3E 
       00 12 00 03 
       19 04 62 00 
       A0 00 19 04 
       C5 00 3E 00 
       19 55 C4 00 
       A5 00 7F 00 
       10 12 00 05 
       19 04 62 00 
       A0 00 19 04 
       CD 00 A3 00 
       19 55 86 00 
       A0 00 12 00 
       08 19 04 C2 
       00 A4 00 19 
       04 CE 00 59 
       00 19 55 CD 
       00 A3 00 12 
       00 08 19 04 
       C2 00 A4 00 
       19 04 C5 00 
       3D 00 19 55 
       CE 00 59 00 
       12 00 05 19 
       04 62 00 A0 
       00 19 04 C2 
       00 A4 00 19 
       55 CD 00 A3 
       00 12 00 03 
       19 04 62 00 
       A0 00 19 04 
       69 00 43 00 
       19 55 C5 00 
       3D 00 12 00 
       03 19 04 62 
       00 A0 00 19 
       04 C5 00 3D 
       00 19 55 C2 
       00 A4 00 7F 
       00 10 12 00 
       05 19 04 61 
       00 9F 00 19 
       04 CE 00 A4 
       00 19 55 86 
       00 A0 00 12 
       00 08 19 04 
       C1 00 A4 00 
       19 04 CF 00 
       59 00 19 55 
       CE 00 A4 00 
       12 00 08 19 
       04 C1 00 A4 
       00 19 04 C4 
       00 3D 00 19 
       55 CF 00 59 
       00 12 00 05 
       19 04 61 00 
       9F 00 19 04 
       C1 00 A4 00 
       19 55 CE 00 
       A4 00 12 00 
       03 19 04 61 
       00 9F 00 19 
       04 69 00 43 
       00 19 55 C4 
       00 3D 00 12 
       00 03 19 04 
       61 00 9F 00 
       19 04 C4 00 
       3D 00 19 55 
       C1 00 A4 00 
       7F 00 10 12 
       00 05 19 04 
       61 00 9E 00 
       19 04 CE 00 
       A4 00 19 55 
       87 00 A0 00 
       12 00 08 19 
       04 C0 00 A4 
       00 19 04 D0 
       00 5A 00 19 
       55 CE 00 A4 
       00 12 00 08 
       19 04 C0 00 
       A4 00 19 04 
       C3 00 3D 00 
       19 55 D0 00 
       5A 00 12 00 
       05 19 04 61 
       00 9E 00 19 
       04 C0 00 A4 
       00 19 55 CE 
       00 A4 00 12 
       00 03 19 04 
       61 00 9E 00 
       19 04 69 00 
       43 00 19 55 
       C3 00 3D 00 
       12 00 03 19 
       04 61 00 9E 
       00 19 04 C3 
       00 3D 00 19 
       55 C0 00 A4 
       00 7F 00 10 
       12 00 05 19 
       04 60 00 9E 
       00 19 04 CE 
       00 A5 00 19 
       55 87 00 A1 
       00 12 00 08 
       19 04 BE 00 
       A3 00 19 04 
       D0 00 5A 00 
       19 55 CE 00 
       A5 00 12 00 
       08 19 04 BE 
       00 A3 00 19 
       04 C2 00 3C 
       00 19 55 D0 
       00 5A 00 12 
       00 05 19 04 
       60 00 9E 00 
       19 04 BE 00 
       A3 00 19 55 
       CE 00 A5 00 
       12 00 03 19 
       04 60 00 9E 
       00 19 04 69 
       00 43 00 19 
       55 C2 00 3C 
       00 12 00 03 
       19 04 60 00 
       9E 00 19 04 
       C2 00 3C 00 
       19 55 BE 00 
       A3 00 7F 00 
       10 12 00 05 
       19 04 60 00 
       9D 00 19 04 
       CF 00 A5 00 
       19 55 88 00 
       A1 00 12 00 
       08 19 04 BD 
       00 A3 00 19 
       04 D1 00 5A 
       00 19 55 CF 
       00 A5 00 12 
       00 08 19 04 
       BD 00 A3 00 
       19 04 C2 00 
       3C 00 19 55 
       D1 00 5A 00 
       12 00 05 19 
       04 60 00 9D 
       00 19 04 BD 
       00 A3 00 19 
       55 CF 00 A5 
       00 12 00 03 
       19 04 60 00 
       9D 00 19 04 
       69 00 43 00 
       19 55 C2 00 
       3C 00 12 00 
       03 19 04 60 
       00 9D 00 19 
       04 C2 00 3C 
       00 19 55 BD 
       00 A3 00 7F 
       00 10 12 00 
       05 19 04 5F 
       00 9D 00 19 
       04 CF 00 A6 
       00 19 55 88 
       00 A1 00 12 
       00 08 19 04 
       BC 00 A2 00 
       19 04 D2 00 
       5B 00 19 55 
       CF 00 A6 00 
       12 00 08 19 
       04 BC 00 A2 
       00 19 04 C1 
       00 3B 00 19 
       55 D2 00 5B 
       00 12 00 05 
       19 04 5F 00 
       9D 00 19 04 
       BC 00 A2 00 
       19 55 CF 00 
       A6 00 12 00 
       03 19 04 5F 
       00 9D 00 19 
       04 6A 00 43 
       00 19 55 C1 
       00 3B 00 12 
       00 03 19 04 
       5F 00 9D 00 
       19 04 C1 00 
       3B 00 19 55 
       BC 00 A2 00 
       7F 00 10 12 
       00 05 19 04 
       5F 00 9C 00 
       19 04 CF 00 
       A6 00 19 55 
       89 00 A1 00 
       12 00 08 19 
       04 BA 00 A2 
       00 19 04 D2 
       00 5B 00 19 
       55 CF 00 A6 
       00 12 00 08 
       19 04 BA 00 
       A2 00 19 04 
       C0 00 3B 00 
       19 55 D2 00 
       5B 00 12 00 
       05 19 04 5F 
       00 9C 00 19 
       04 BA 00 A2 
       00 19 55 CF 
       00 A6 00 12 
       00 03 19 04 
       5F 00 9C 00 
       19 04 6A 00 
       43 00 19 55 
       C0 00 3B 00 
       12 00 03 19 
       04 5F 00 9C 
       00 19 04 C0 
       00 3B 00 19 
       55 BA 00 A2 
       00 7F 00 10 
       12 00 05 19 
       04 5E 00 9C 
       00 19 04 D0 
       00 A7 00 19 
       55 8A 00 A1 
       00 12 00 08 
       19 04 B9 00 
       A2 00 19 04 
       D3 00 5B 00 
       19 55 D0 00 
       A7 00 12 00 
       08 19 04 B9 
       00 A2 00 19 
       04 BF 00 3B 
       00 19 55 D3 
       00 5B 00 12 
       00 05 19 04 
       5E 00 9C 00 
       19 04 B9 00 
       A2 00 19 55 
       D0 00 A7 00 
       12 00 03 19 
       04 5E 00 9C 
       00 19 04 6A 
       00 43 00 19 
       55 BF 00 3B 
       00 12 00 03 
       19 04 5E 00 
       9C 00 19 04 
       BF 00 3B 00 
       19 55 B9 00 
       A2 00 7F 00 
       10 12 00 05 
       19 04 5E 00 
       9B 00 19 04 
       D0 00 A7 00 
       19 55 8A 00 
       A2 00 12 00 
       08 19 04 B7 
       00 A1 00 19 
       04 D4 00 5B 
       00 19 55 D0 
       00 A7 00 12 
       00 05 19 04 
       5E 00 9B 00 
       19 04 B7 00 
       A1 00 19 55 
       D0 00 A7 00 
       12 00 08 19 
       04 B7 00 A1 
       00 19 04 BE 
       00 3B 00 19 
       55 D4 00 5B 
       00 12 00 03 
       19 04 5E 00 
       9B 00 19 04 
       6A 00 43 00 
       19 55 BE 00 
       3B 00 12 00 
       03 19 04 5E 
       00 9B 00 19 
       04 BE 00 3B 
       00 19 55 B7 
       00 A1 00 7F 
       00 10 12 00 
       05 19 04 5D 
       00 9A 00 19 
       04 D0 00 A8 
       00 19 55 8B 
       00 A2 00 12 
       00 08 19 04 
       B6 00 A1 00 
       19 04 D5 00 
       5C 00 19 55 
       D0 00 A8 00 
       12 00 05 19 
       04 5D 00 9A 
       00 19 04 B6 
       00 A1 00 19 
       55 D0 00 A8 
       00 12 00 08 
       19 04 B6 00 
       A1 00 19 04 
       BE 00 3A 00 
       19 55 D5 00 
       5C 00 12 00 
       03 19 04 5D 
       00 9A 00 19 
       04 6A 00 43 
       00 19 55 BE 
       00 3A 00 12 
       00 03 19 04 
       5D 00 9A 00 
       19 04 BE 00 
       3A 00 19 55 
       B6 00 A1 00 
       7F 00 10 12 
       00 05 19 04 
       5D 00 9A 00 
       19 04 D1 00 
       A8 00 19 55 
       8B 00 A2 00 
       12 00 08 19 
       04 B4 00 A1 
       00 19 04 D5 
       00 5C 00 19 
       55 D1 00 A8 
       00 12 00 05 
       19 04 5D 00 
       9A 00 19 04 
       B4 00 A1 00 
       19 55 D1 00 
       A8 00 12 00 
       03 19 04 5D 
       00 9A 00 19 
       04 6B 00 43 
       00 19 55 BD 
       00 3A 00 12 
       00 08 19 04 
       B4 00 A1 00 
       19 04 BD 00 
       3A 00 19 55 
       D5 00 5C 00 
       12 00 03 19 
       04 5D 00 9A 
       00 19 04 BD 
       00 3A 00 19 
       55 B4 00 A1 
       00 7F 00 10 
       12 00 05 19 
       04 5C 00 99 
       00 19 04 D1 
       00 A8 00 19 
       55 8C 00 A2 
       00 12 00 08 
       19 04 B3 00 
       A0 00 19 04 
       D6 00 5C 00 
       19 55 D1 00 
       A8 00 12 00 
       03 19 04 5C 
       00 99 00 19 
       04 6B 00 43 
       00 19 55 BC 
       00 3A 00 12 
       00 05 19 04 
       5C 00 99 00 
       19 04 B3 00 
       A0 00 19 55 
       D1 00 A8 00 
       12 00 08 19 
       04 B3 00 A0 
       00 19 04 BC 
       00 3A 00 19 
       55 D6 00 5C 
       00 12 00 03 
       19 04 5C 00 
       99 00 19 04 
       BC 00 3A 00 
       19 55 B3 00 
       A0 00 7F 00 
       10 12 00 05 
       19 04 5C 00 
       99 00 19 04 
       D1 00 A9 00 
       19 55 8C 00 
       A2 00 12 00 
       08 19 04 B1 
       00 A0 00 19 
       04 D7 00 5C 
       00 19 55 D1 
       00 A9 00 12 
       00 03 19 04 
       5C 00 99 00 
       19 04 6B 00 
       43 00 19 55 
       BB 00 39 00 
       12 00 05 19 
       04 5C 00 99 
       00 19 04 B1 
       00 A0 00 19 
       55 D1 00 A9 
       00 12 00 08 
       19 04 B1 00 
       A0 00 19 04 
       BB 00 39 00 
       19 55 D7 00 
       5C 00 12 00 
       03 19 04 5C 
       00 99 00 19 
       04 BB 00 39 
       00 19 55 B1 
       00 A0 00 7F 
       00 10 12 00 
       05 19 04 5C 
       00 99 00 19 
       04 D1 00 A9 
       00 19 55 8D 
       00 A2 00 12 
       00 08 19 04 
       AF 00 A0 00 
       19 04 D7 00 
       5C 00 19 55 
       D1 00 A9 00 
       12 00 03 19 
       04 5C 00 99 
       00 19 04 6B 
       00 43 00 19 
       55 BA 00 39 
       00 12 00 05 
       19 04 5C 00 
       99 00 19 04 
       AF 00 A0 00 
       19 55 D1 00 
       A9 00 12 00 
       08 19 04 AF 
       00 A0 00 19 
       04 BA 00 39 
       00 19 55 D7 
       00 5C 00 12 
       00 03 19 04 
       5C 00 99 00 
       19 04 BA 00 
       39 00 19 55 
       AF 00 A0 00 
       7F 00 10 12 
       00 05 19 04 
       5C 00 98 00 
       19 04 D1 00 
       AA 00 19 55 
       8E 00 A2 00 
       12 00 08 19 
       04 AE 00 9F 
       00 19 04 D8 
       00 5C 00 19 
       55 D1 00 AA 
       00 12 00 03 
       19 04 5C 00 
       98 00 19 04 
       6C 00 44 00 
       19 55 BA 00 
       39 00 12 00 
       05 19 04 5C 
       00 98 00 19 
       04 AE 00 9F 
       00 19 55 D1 
       00 AA 00 12 
       00 08 19 04 
       AE 00 9F 00 
       19 04 BA 00 
       39 00 19 55 
       D8 00 5C 00 
       12 00 03 19 
       04 5C 00 98 
       00 19 04 BA 
       00 39 00 19 
       55 AE 00 9F 
       00 7F 00 10 
       12 00 05 19 
       04 5B 00 98 
       00 19 04 D2 
       00 AA 00 19 
       55 8E 00 A3 
       00 12 00 08 
       19 04 AC 00 
       9F 00 19 04 
       D8 00 5D 00 
       19 55 D2 00 
       AA 00 12 00 
       03 19 04 5B 
       00 98 00 19 
       04 6C 00 44 
       00 19 55 B9 
       00 39 00 12 
       00 05 19 04 
       5B 00 98 00 
       19 04 AC 00 
       9F 00 19 55 
       D2 00 AA 00 
       12 00 08 19 
       04 AC 00 9F 
       00 19 04 B9 
       00 39 00 19 
       55 D8 00 5D 
       00 12 00 03 
       19 04 5B 00 
       98 00 19 04 
       B9 00 39 00 
       19 55 AC 00 
       9F 00 7F 00 
       10 12 00 05 
       19 04 5B 00 
       97 00 19 04 
       D2 00 AA 00 
       19 55 8F 00 
       A3 00 12 00 
       08 19 04 AB 
       00 9F 00 19 
       04 D9 00 5D 
       00 19 55 D2 
       00 AA 00 12 
       00 03 19 04 
       5B 00 97 00 
       19 04 6C 00 
       44 00 19 55 
       B8 00 38 00 
       12 00 05 19 
       04 5B 00 97 
       00 19 04 AB 
       00 9F 00 19 
       55 D2 00 AA 
       00 12 00 08 
       19 04 AB 00 
       9F 00 19 04 
       B8 00 38 00 
       19 55 D9 00 
       5D 00 12 00 
       03 19 04 5B 
       00 97 00 19 
       04 B8 00 38 
       00 19 55 AB 
       00 9F 00 7F 
       00 10 12 00 
       05 19 04 5B 
       00 97 00 19 
       04 D2 00 AB 
       00 19 55 8F 
       00 A3 00 12 
       00 08 19 04 
       A9 00 9F 00 
       19 04 DA 00 
       5D 00 19 55 
       D2 00 AB 00 
       12 00 03 19 
       04 5B 00 97 
       00 19 04 6D 
       00 44 00 19 
       55 B7 00 38 
       00 12 00 05 
       19 04 5B 00 
       97 00 19 04 
       A9 00 9F 00 
       19 55 D2 00 
       AB 00 12 00 
       08 19 04 A9 
       00 9F 00 19 
       04 B7 00 38 
       00 19 55 DA 
       00 5D 00 12 
       00 03 19 04 
       5B 00 97 00 
       19 04 B7 00 
       38 00 19 55 
       A9 00 9F 00 
       7F 00 10 12 
       00 05 19 04 
       5B 00 97 00 
       19 04 D2 00 
       AB 00 19 55 
       90 00 A3 00 
       12 00 08 19 
       04 A7 00 9E 
       00 19 04 DA 
       00 5D 00 19 
       55 D2 00 AB 
       00 12 00 03 
       19 04 5B 00 
       97 00 19 04 
       6D 00 44 00 
       19 55 B6 00 
       38 00 12 00 
       05 19 04 5B 
       00 97 00 19 
       04 A7 00 9E 
       00 19 55 D2 
       00 AB 00 12 
       00 08 19 04 
       A7 00 9E 00 
       19 04 B6 00 
       38 00 19 55 
       DA 00 5D 00 
       12 00 03 19 
       04 5B 00 97 
       00 19 04 B6 
       00 38 00 19 
       55 A7 00 9E 
       00 7F 00 10 
       12 00 05 19 
       04 5B 00 96 
       00 19 04 D2 
       00 AB 00 19 
       55 91 00 A3 
       00 12 00 08 
       19 04 A6 00 
       9E 00 19 04 
       DB 00 5D 00 
       19 55 D2 00 
       AB 00 12 00 
       03 19 04 5B 
       00 96 00 19 
       04 6D 00 44 
       00 19 55 B5 
       00 38 00 12 
       00 05 19 04 
       5B 00 96 00 
       19 04 A6 00 
       9E 00 19 55 
       D2 00 AB 00 
       12 00 08 19 
       04 A6 00 9E 
       00 19 04 B5 
       00 38 00 19 
       55 DB 00 5D 
       00 12 00 03 
       19 04 5B 00 
       96 00 19 04 
       B5 00 38 00 
       19 55 A6 00 
       9E 00 7F 00 
       10 12 00 05 
       19 04 5B 00 
       96 00 19 04 
       D2 00 AC 00 
       19 55 91 00 
       A3 00 12 00 
       08 19 04 A4 
       00 9E 00 19 
       04 DB 00 5D 
       00 19 55 D2 
       00 AC 00 12 
       00 03 19 04 
       5B 00 96 00 
       19 04 6E 00 
       44 00 19 55 
       B5 00 38 00 
       12 00 05 19 
       04 5B 00 96 
       00 19 04 A4 
       00 9E 00 19 
       55 D2 00 AC 
       00 12 00 08 
       19 04 A4 00 
       9E 00 19 04 
       B5 00 38 00 
       19 55 DB 00 
       5D 00 12 00 
       03 19 04 5B 
       00 96 00 19 
       04 B5 00 38 
       00 19 55 A4 
       00 9E 00 7F 
       00 10 12 00 
       05 19 04 5B 
       00 96 00 19 
       04 D2 00 AC 
       00 19 55 92 
       00 A3 00 12 
       00 0C 19 04 
       A2 00 9E 00 
       19 04 DC 00 
       5D 00 19 55 
       D2 00 AC 00 
       12 00 03 19 
       04 5B 00 96 
       00 19 04 6E 
       00 44 00 19 
       55 B4 00 38 
       00 12 00 05 
       19 04 5B 00 
       96 00 19 04 
       A2 00 9E 00 
       19 55 D2 00 
       AC 00 12 00 
       0C 19 04 A2 
       00 9E 00 19 
       04 B4 00 38 
       00 19 55 DC 
       00 5D 00 12 
       00 03 19 04 
       5B 00 96 00 
       19 04 B4 00 
       38 00 19 55 
       A2 00 9E 00 
       7F 00 10 12 
       00 05 19 04 
       5B 00 95 00 
       19 04 D2 00 
       AC 00 19 55 
       92 00 A3 00 
       12 00 0C 19 
       04 A1 00 9E 
       00 19 04 DD 
       00 5D 00 19 
       55 D2 00 AC 
       00 12 00 03 
       19 04 5B 00 
       95 00 19 04 
       6E 00 44 00 
       19 55 B3 00 
       37 00 12 00 
       05 19 04 5B 
       00 95 00 19 
       04 A1 00 9E 
       00 19 55 D2 
       00 AC 00 12 
       00 0C 19 04 
       A1 00 9E 00 
       19 04 B3 00 
       37 00 19 55 
       DD 00 5D 00 
       12 00 03 19 
       04 5B 00 95 
       00 19 04 B3 
       00 37 00 19 
       55 A1 00 9E 
       00 7F 00 10 
       12 00 05 19 
       04 5B 00 95 
       00 19 04 D2 
       00 AC 00 19 
       55 93 00 A3 
       00 12 00 0C 
       19 04 9F 00 
       9D 00 19 04 
       DD 00 5D 00 
       19 55 D2 00 
       AC 00 12 00 
       03 19 04 5B 
       00 95 00 19 
       04 6F 00 44 
       00 19 55 B2 
       00 37 00 12 
       00 05 19 04 
       5B 00 95 00 
       19 04 9F 00 
       9D 00 19 55 
       D2 00 AC 00 
       12 00 0C 19 
       04 9F 00 9D 
       00 19 04 B2 
       00 37 00 19 
       55 DD 00 5D 
       00 12 00 03 
       19 04 5B 00 
       95 00 19 04 
       B2 00 37 00 
       19 55 9F 00 
       9D 00 7F 00 
       10 12 00 05 
       19 04 5B 00 
       95 00 19 04 
       D2 00 AD 00 
       19 55 94 00 
       A3 00 12 00 
       03 19 04 5B 
       00 95 00 19 
       04 6F 00 45 
       00 19 55 B1 
       00 37 00 12 
       00 0C 19 04 
       9D 00 9D 00 
       19 04 DE 00 
       5D 00 19 55 
       D2 00 AD 00 
       12 00 05 19 
       04 5B 00 95 
       00 19 04 9D 
       00 9D 00 19 
       55 D2 00 AD 
       00 12 00 0C 
       19 04 9D 00 
       9D 00 19 04 
       B1 00 37 00 
       19 55 DE 00 
       5D 00 12 00 
       03 19 04 5B 
       00 95 00 19 
       04 B1 00 37 
       00 19 55 9D 
       00 9D 00 7F 
       00 10 12 00 
       05 19 04 5B 
       00 95 00 19 
       04 D2 00 AD 
       00 19 55 94 
       00 A3 00 12 
       00 03 19 04 
       5B 00 95 00 
       19 04 6F 00 
       45 00 19 55 
       B0 00 37 00 
       12 00 0C 19 
       04 9C 00 9D 
       00 19 04 DE 
       00 5D 00 19 
       55 D2 00 AD 
       00 12 00 05 
       19 04 5B 00 
       95 00 19 04 
       9C 00 9D 00 
       19 55 D2 00 
       AD 00 12 00 
       0C 19 04 9C 
       00 9D 00 19 
       04 B0 00 37 
       00 19 55 DE 
       00 5D 00 12 
       00 03 19 04 
       5B 00 95 00 
       19 04 B0 00 
       37 00 19 55 
       9C 00 9D 00 
       7F 00 10 12 
       00 05 19 04 
       5B 00 94 00 
       19 04 D2 00 
       AD 00 19 55 
       95 00 A3 00 
       12 00 03 19 
       04 5B 00 94 
       00 19 04 70 
       00 45 00 19 
       55 AF 00 37 
       00 12 00 0C 
       19 04 9A 00 
       9D 00 19 04 
       DF 00 5D 00 
       19 55 D2 00 
       AD 00 12 00 
       05 19 04 5B 
       00 94 00 19 
       04 9A 00 9D 
       00 19 55 D2 
       00 AD 00 12 
       00 0C 19 04 
       9A 00 9D 00 
       19 04 AF 00 
       37 00 19 55 
       DF 00 5D 00 
       12 00 03 19 
       04 5B 00 94 
       00 19 04 AF 
       00 37 00 19 
       55 9A 00 9D 
       00 7F 00 10 
       12 00 05 19 
       04 5B 00 94 
       00 19 04 D2 
       00 AD 00 19 
       55 96 00 A3 
       00 12 00 03 
       19 04 5B 00 
       94 00 19 04 
       70 00 45 00 
       19 55 AE 00 
       37 00 12 00 
       0C 19 04 99 
       00 9D 00 19 
       04 DF 00 5D 
       00 19 55 D2 
       00 AD 00 12 
       00 05 19 04 
       5B 00 94 00 
       19 04 99 00 
       9D 00 19 55 
       D2 00 AD 00 
       12 00 0C 19 
       04 99 00 9D 
       00 19 04 AE 
       00 37 00 19 
       55 DF 00 5D 
       00 12 00 03 
       19 04 5B 00 
       94 00 19 04 
       AE 00 37 00 
       19 55 99 00 
       9D 00 7F 00 
       10 12 00 05 
       19 04 5B 00 
       94 00 19 04 
       D2 00 AE 00 
       19 55 96 00 
       A3 00 12 00 
       03 19 04 5B 
       00 94 00 19 
       04 70 00 45 
       00 19 55 AD 
       00 37 00 12 
       00 0C 19 04 
       97 00 9D 00 
       19 04 DF 00 
       5D 00 19 55 
       D2 00 AE 00 
       12 00 05 19 
       04 5B 00 94 
       00 19 04 97 
       00 9D 00 19 
       55 D2 00 AE 
       00 12 00 0C 
       19 04 97 00 
       9D 00 19 04 
       AD 00 37 00 
       19 55 DF 00 
       5D 00 12 00 
       03 19 04 5B 
       00 94 00 19 
       04 AD 00 37 
       00 19 55 97 
       00 9D 00 7F 
       00 10 12 00 
       05 19 04 5B 
       00 94 00 19 
       04 D2 00 AE 
       00 19 55 97 
       00 A3 00 12 
       00 03 19 04 
       5B 00 94 00 
       19 04 70 00 
       45 00 19 55 
       AC 00 37 00 
       12 00 0C 19 
       04 95 00 9D 
       00 19 04 E0 
       00 5D 00 19 
       55 D2 00 AE 
       00 12 00 05 
       19 04 5B 00 
       94 00 19 04 
       95 00 9D 00 
       19 55 D2 00 
       AE 00 12 00 
       0C 19 04 95 
       00 9D 00 19 
       04 AC 00 37 
       00 19 55 E0 
       00 5D 00 12 
       00 03 19 04 
       5B 00 94 00 
       19 04 AC 00 
       37 00 19 55 
       95 00 9D 00 
       7F 00 10 12 
       00 05 19 04 
       5B 00 94 00 
       19 04 D2 00 
       AE 00 19 55 
       98 00 A3 00 
       12 00 03 19 
       04 5B 00 94 
       00 19 04 71 
       00 46 00 19 
       55 AB 00 37 
       00 12 00 0C 
       19 04 94 00 
       9D 00 19 04 
       E0 00 5D 00 
       19 55 D2 00 
       AE 00 12 00 
       05 19 04 5B 
       00 94 00 19 
       04 94 00 9D 
       00 19 55 D2 
       00 AE 00 12 
       00 0C 19 04 
       94 00 9D 00 
       19 04 AB 00 
       37 00 19 55 
       E0 00 5D 00 
       12 00 03 19 
       04 5B 00 94 
       00 19 04 AB 
       00 37 00 19 
       55 94 00 9D 
       00 7F 00 10 
       12 00 05 19 
       04 5C 00 94 
       00 19 04 D2 
       00 AE 00 19 
       55 99 00 A3 
       00 12 00 02 
       19 04 5C 00 
       94 00 19 04 
       71 00 46 00 
       19 55 AA 00 
       37 00 12 00 
       0C 19 04 92 
       00 9D 00 19 
       04 E1 00 5D 
       00 19 55 D2 
       00 AE 00 12 
       00 05 19 04 
       5C 00 94 00 
       19 04 92 00 
       9D 00 19 55 
       D2 00 AE 00 
       12 00 0C 19 
       04 92 00 9D 
       00 19 04 AA 
       00 37 00 19 
       55 E1 00 5D 
       00 12 00 02 
       19 04 5C 00 
       94 00 19 04 
       AA 00 37 00 
       19 55 92 00 
       9D 00 7F 00 
       10 12 00 05 
       19 04 5C 00 
       94 00 19 04 
       D2 00 AE 00 
       19 55 99 00 
       A3 00 12 00 
       02 19 04 5C 
       00 94 00 19 
       04 71 00 46 
       00 19 55 A9 
       00 37 00 12 
       00 0C 19 04 
       91 00 9D 00 
       19 04 E1 00 
       5C 00 19 55 
       D2 00 AE 00 
       12 00 05 19 
       04 5C 00 94 
       00 19 04 91 
       00 9D 00 19 
       55 D2 00 AE 
       00 12 00 0C 
       19 04 91 00 
       9D 00 19 04 
       A9 00 37 00 
       19 55 E1 00 
       5C 00 12 00 
       02 19 04 5C 
       00 94 00 19 
       04 A9 00 37 
       00 19 55 91 
       00 9D 00 7F 
       00 10 12 00 
       05 19 04 5C 
       00 93 00 19 
       04 D2 00 AE 
       00 19 55 9A 
       00 A3 00 12 
       00 02 19 04 
       5C 00 93 00 
       19 04 72 00 
       46 00 19 55 
       A8 00 37 00 
       12 00 0C 19 
       04 8F 00 9D 
       00 19 04 E1 
       00 5C 00 19 
       55 D2 00 AE 
       00 12 00 05 
       19 04 5C 00 
       93 00 19 04 
       8F 00 9D 00 
       19 55 D2 00 
       AE 00 12 00 
       0C 19 04 8F 
       00 9D 00 19 
       04 A8 00 37 
       00 19 55 E1 
       00 5C 00 12 
       00 02 19 04 
       5C 00 93 00 
       19 04 A8 00 
       37 00 19 55 
       8F 00 9D 00 
       7F 00 10 12 
       00 05 19 04 
       5C 00 93 00 
       19 04 D2 00 
       AF 00 19 55 
       9B 00 A3 00 
       12 00 02 19 
       04 5C 00 93 
       00 19 04 72 
       00 46 00 19 
       55 A6 00 37 
       00 12 00 0C 
       19 04 8E 00 
       9D 00 19 04 
       E2 00 5C 00 
       19 55 D2 00 
       AF 00 12 00 
       05 19 04 5C 
       00 93 00 19 
       04 8E 00 9D 
       00 19 55 D2 
       00 AF 00 12 
       00 0C 19 04 
       8E 00 9D 00 
       19 04 A6 00 
       37 00 19 55 
       E2 00 5C 00 
       12 00 02 19 
       04 5C 00 93 
       00 19 04 A6 
       00 37 00 19 
       55 8E 00 9D 
       00 7F 00 10 
       12 00 05 19 
       04 5D 00 93 
       00 19 04 D2 
       00 AF 00 19 
       55 9C 00 A3 
       00 12 00 02 
       19 04 5D 00 
       93 00 19 04 
       72 00 46 00 
       19 55 A5 00 
       37 00 12 00 
       0C 19 04 8C 
       00 9D 00 19 
       04 E2 00 5C 
       00 19 55 D2 
       00 AF 00 12 
       00 05 19 04 
       5D 00 93 00 
       19 04 8C 00 
       9D 00 19 55 
       D2 00 AF 00 
       12 00 0C 19 
       04 8C 00 9D 
       00 19 04 A5 
       00 37 00 19 
       55 E2 00 5C 
       00 12 00 02 
       19 04 5D 00 
       93 00 19 04 
       A5 00 37 00 
       19 55 8C 00 
       9D 00 7F 00 
       10 12 00 05 
       19 04 5D 00 
       93 00 19 04 
       D2 00 AF 00 
       19 55 9C 00 
       A3 00 12 00 
       02 19 04 5D 
       00 93 00 19 
       04 73 00 47 
       00 19 55 A4 
       00 37 00 12 
       00 05 19 04 
       5D 00 93 00 
       19 04 8B 00 
       9D 00 19 55 
       D2 00 AF 00 
       12 00 0C 19 
       04 8B 00 9D 
       00 19 04 E2 
       00 5B 00 19 
       55 D2 00 AF 
       00 12 00 02 
       19 04 5D 00 
       93 00 19 04 
       A4 00 37 00 
       19 55 8B 00 
       9D 00 12 00 
       0C 19 04 8B 
       00 9D 00 19 
       04 A4 00 37 
       00 19 55 E2 
       00 5B 00 7F 
       00 10 12 00 
       05 19 04 5E 
       00 93 00 19 
       04 D2 00 AF 
       00 19 55 9D 
       00 A3 00 12 
       00 02 19 04 
       5E 00 93 00 
       19 04 73 00 
       47 00 19 55 
       A3 00 37 00 
       12 00 05 19 
       04 5E 00 93 
       00 19 04 8A 
       00 9D 00 19 
       55 D2 00 AF 
       00 12 00 0C 
       19 04 8A 00 
       9D 00 19 04 
       E3 00 5B 00 
       19 55 D2 00 
       AF 00 12 00 
       02 19 04 5E 
       00 93 00 19 
       04 A3 00 37 
       00 19 55 8A 
       00 9D 00 12 
       00 0C 19 04 
       8A 00 9D 00 
       19 04 A3 00 
       37 00 19 55 
       E3 00 5B 00 
       7F 00 10 12 
       00 05 19 04 
       5E 00 93 00 
       19 04 D2 00 
       AF 00 19 55 
       9E 00 A3 00 
       12 00 02 19 
       04 5E 00 93 
       00 19 04 73 
       00 47 00 19 
       55 A2 00 37 
       00 12 00 05 
       19 04 5E 00 
       93 00 19 04 
       88 00 9D 00 
       19 55 D2 00 
       AF 00 12 00 
       0C 19 04 88 
       00 9D 00 19 
       04 E3 00 5B 
       00 19 55 D2 
       00 AF 00 12 
       00 02 19 04 
       5E 00 93 00 
       19 04 A2 00 
       37 00 19 55 
       88 00 9D 00 
       12 00 0C 19 
       04 88 00 9D 
       00 19 04 A2 
       00 37 00 19 
       55 E3 00 5B 
       00 7F 00 10 
       12 00 05 19 
       04 5E 00 93 
       00 19 04 D2 
       00 AF 00 19 
       55 9F 00 A2 
       00 12 00 02 
       19 04 5E 00 
       93 00 19 04 
       73 00 47 00 
       19 55 A0 00 
       37 00 12 00 
       05 19 04 5E 
       00 93 00 19 
       04 87 00 9E 
       00 19 55 D2 
       00 AF 00 12 
       00 0C 19 04 
       87 00 9E 00 
       19 04 E3 00 
       5B 00 19 55 
       D2 00 AF 00 
       12 00 02 19 
       04 5E 00 93 
       00 19 04 A0 
       00 37 00 19 
       55 87 00 9E 
       00 12 00 0C 
       19 04 87 00 
       9E 00 19 04 
       A0 00 37 00 
       19 55 E3 00 
       5B 00 7F 00 
       10 12 00 05 
       19 04 5F 00 
       93 00 19 04 
       D2 00 AF 00 
       19 55 A0 00 
       A2 00 12 00 
       02 19 04 5F 
       00 93 00 19 
       04 74 00 48 
       00 19 55 9F 
       00 37 00 12 
       00 05 19 04 
       5F 00 93 00 
       19 04 86 00 
       9E 00 19 55 
       D2 00 AF 00 
       12 00 0C 19 
       04 86 00 9E 
       00 19 04 E3 
       00 5A 00 19 
       55 D2 00 AF 
       00 12 00 02 
       19 04 5F 00 
       93 00 19 04 
       9F 00 37 00 
       19 55 86 00 
       9E 00 12 00 
       0C 19 04 86 
       00 9E 00 19 
       04 9F 00 37 
       00 19 55 E3 
       00 5A 00 7F 
       00 10 12 00 
       05 19 04 5F 
       00 94 00 19 
       04 D2 00 AF 
       00 19 55 A1 
       00 A2 00 12 
       00 02 19 04 
       5F 00 94 00 
       19 04 74 00 
       48 00 19 55 
       9E 00 37 00 
       12 00 05 19 
       04 5F 00 94 
       00 19 04 84 
       00 9E 00 19 
       55 D2 00 AF 
       00 12 00 0C 
       19 04 84 00 
       9E 00 19 04 
       E3 00 5A 00 
       19 55 D2 00 
       AF 00 12 00 
       02 19 04 5F 
       00 94 00 19 
       04 9E 00 37 
       00 19 55 84 
       00 9E 00 12 
       00 0C 19 04 
       84 00 9E 00 
       19 04 9E 00 
       37 00 19 55 
       E3 00 5A 00 
       7F 00 10 12 
       00 05 19 04 
       60 00 94 00 
       19 04 D2 00 
       AF 00 19 55 
       A2 00 A2 00 
       12 00 02 19 
       04 60 00 94 
       00 19 04 74 
       00 48 00 19 
       55 9C 00 37 
       00 12 00 05 
       19 04 60 00 
       94 00 19 04 
       83 00 9E 00 
       19 55 D2 00 
       AF 00 12 00 
       0C 19 04 83 
       00 9E 00 19 
       04 E3 00 59 
       00 19 55 D2 
       00 AF 00 12 
       00 02 19 04 
       60 00 94 00 
       19 04 9C 00 
       37 00 19 55 
       83 00 9E 00 
       12 00 0C 19 
       04 83 00 9E 
       00 19 04 9C 
       00 37 00 19 
       55 E3 00 59 
       00 7F 00 10 
       12 00 05 19 
       04 61 00 94 
       00 19 04 D2 
       00 AF 00 19 
       55 A3 00 A2 
       00 12 00 02 
       19 04 61 00 
       94 00 19 04 
       74 00 48 00 
       19 55 9B 00 
       37 00 12 00 
       05 19 04 61 
       00 94 00 19 
       04 82 00 9E 
       00 19 55 D2 
       00 AF 00 12 
       00 0C 19 04 
       82 00 9E 00 
       19 04 E3 00 
       59 00 19 55 
       D2 00 AF 00 
       12 00 02 19 
       04 61 00 94 
       00 19 04 9B 
       00 37 00 19 
       55 82 00 9E 
       00 12 00 0C 
       19 04 82 00 
       9E 00 19 04 
       9B 00 37 00 
       19 55 E3 00 
       59 00 7F 00 
       10 12 00 05 
       19 04 61 00 
       94 00 19 04 
       D2 00 AF 00 
       19 55 A3 00 
       A2 00 12 00 
       02 19 04 61 
       00 94 00 19 
       04 75 00 49 
       00 19 55 9A 
       00 38 00 12 
       00 05 19 04 
       61 00 94 00 
       19 04 81 00 
       9F 00 19 55 
       D2 00 AF 00 
       12 00 0C 19 
       04 81 00 9F 
       00 19 04 E3 
       00 59 00 19 
       55 D2 00 AF 
       00 12 00 02 
       19 04 61 00 
       94 00 19 04 
       9A 00 38 00 
       19 55 81 00 
       9F 00 12 00 
       0C 19 04 81 
       00 9F 00 19 
       04 9A 00 38 
       00 19 55 E3 
       00 59 00 7F 
       00 10 12 00 
       05 19 04 62 
       00 94 00 19 
       04 D2 00 AF 
       00 19 55 A4 
       00 A2 00 12 
       00 02 19 04 
       62 00 94 00 
       19 04 75 00 
       49 00 19 55 
       98 00 38 00 
       12 00 05 19 
       04 62 00 94 
       00 19 04 7F 
       00 9F 00 19 
       55 D2 00 AF 
       00 12 00 0C 
       19 04 7F 00 
       9F 00 19 04 
       E3 00 58 00 
       19 55 D2 00 
       AF 00 12 00 
       02 19 04 62 
       00 94 00 19 
       04 98 00 38 
       00 19 55 7F 
       00 9F 00 12 
       00 0C 19 04 
       7F 00 9F 00 
       19 04 98 00 
       38 00 19 55 
       E3 00 58 00 
       7F 00 10 12 
       00 05 19 04 
       62 00 94 00 
       19 04 D2 00 
       AF 00 19 55 
       A5 00 A2 00 
       12 00 02 19 
       04 62 00 94 
       00 19 04 75 
       00 49 00 19 
       55 97 00 38 
       00 12 00 05 
       19 04 62 00 
       94 00 19 04 
       7E 00 9F 00 
       19 55 D2 00 
       AF 00 12 00 
       0C 19 04 7E 
       00 9F 00 19 
       04 E3 00 58 
       00 19 55 D2 
       00 AF 00 12 
       00 02 19 04 
       62 00 94 00 
       19 04 97 00 
       38 00 19 55 
       7E 00 9F 00 
       12 00 0C 19 
       04 7E 00 9F 
       00 19 04 97 
       00 38 00 19 
       55 E3 00 58 
       00 7F 00 10 
       12 00 05 19 
       04 63 00 94 
       00 19 04 D2 
       00 AF 00 19 
       55 A6 00 A1 
       00 12 00 02 
       19 04 63 00 
       94 00 19 04 
       75 00 49 00 
       19 55 95 00 
       38 00 12 00 
       05 19 04 63 
       00 94 00 19 
       04 7D 00 A0 
       00 19 55 D2 
       00 AF 00 12 
       00 02 19 04 
       63 00 94 00 
       19 04 95 00 
       38 00 19 55 
       7D 00 A0 00 
       12 00 0C 19 
       04 7D 00 A0 
       00 19 04 E3 
       00 57 00 19 
       55 D2 00 AF 
       00 12 00 0C 
       19 04 7D 00 
       A0 00 19 04 
       95 00 38 00 
       19 55 E3 00 
       57 00 7F 00 
       10 12 00 05 
       19 04 64 00 
       94 00 19 04 
       D2 00 AF 00 
       19 55 A7 00 
       A1 00 12 00 
       02 19 04 64 
       00 94 00 19 
       04 76 00 4A 
       00 19 55 94 
       00 38 00 12 
       00 05 19 04 
       64 00 94 00 
       19 04 7C 00 
       A0 00 19 55 
       D2 00 AF 00 
       12 00 02 19 
       04 64 00 94 
       00 19 04 94 
       00 38 00 19 
       55 7C 00 A0 
       00 12 00 0C 
       19 04 7C 00 
       A0 00 19 04 
       E3 00 57 00 
       19 55 D2 00 
       AF 00 12 00 
       0C 19 04 7C 
       00 A0 00 19 
       04 94 00 38 
       00 19 55 E3 
       00 57 00 7F 
       00 10 12 00 
       05 19 04 64 
       00 95 00 19 
       04 D2 00 AF 
       00 19 55 A8 
       00 A1 00 12 
       00 02 19 04 
       64 00 95 00 
       19 04 76 00 
       4A 00 19 55 
       92 00 39 00 
       12 00 05 19 
       04 64 00 95 
       00 19 04 7B 
       00 A0 00 19 
       55 D2 00 AF 
       00 12 00 02 
       19 04 64 00 
       95 00 19 04 
       92 00 39 00 
       19 55 7B 00 
       A0 00 12 00 
       0C 19 04 7B 
       00 A0 00 19 
       04 E3 00 56 
       00 19 55 D2 
       00 AF 00 12 
       00 0C 19 04 
       7B 00 A0 00 
       19 04 92 00 
       39 00 19 55 
       E3 00 56 00 
       7F 00 10 12 
       00 05 19 04 
       65 00 95 00 
       19 04 D2 00 
       AF 00 19 55 
       A9 00 A1 00 
       12 00 02 19 
       04 65 00 95 
       00 19 04 76 
       00 4A 00 19 
       55 91 00 39 
       00 12 00 05 
       19 04 65 00 
       95 00 19 04 
       7A 00 A0 00 
       19 55 D2 00 
       AF 00 12 00 
       02 19 04 65 
       00 95 00 19 
       04 91 00 39 
       00 19 55 7A 
       00 A0 00 12 
       00 0C 19 04 
       7A 00 A0 00 
       19 04 E3 00 
       56 00 19 55 
       D2 00 AF 00 
       12 00 0C 19 
       04 7A 00 A0 
       00 19 04 91 
       00 39 00 19 
       55 E3 00 56 
       00 7F 00 10 
       12 00 05 19 
       04 66 00 95 
       00 19 04 D2 
       00 AF 00 19 
       55 AA 00 A1 
       00 12 00 02 
       19 04 66 00 
       95 00 19 04 
       76 00 4B 00 
       19 55 8F 00 
       39 00 12 00 
       05 19 04 66 
       00 95 00 19 
       04 79 00 A1 
       00 19 55 D2 
       00 AF 00 12 
       00 02 19 04 
       66 00 95 00 
       19 04 8F 00 
       39 00 19 55 
       79 00 A1 00 
       12 00 0C 19 
       04 79 00 A1 
       00 19 04 E3 
       00 55 00 19 
       55 D2 00 AF 
       00 12 00 0C 
       19 04 79 00 
       A1 00 19 04 
       8F 00 39 00 
       19 55 E3 00 
       55 00 7F 00 
       10 12 00 05 
       19 04 67 00 
       95 00 19 04 
       D2 00 AF 00 
       19 55 AB 00 
       A1 00 12 00 
       02 19 04 67 
       00 95 00 19 
       04 76 00 4B 
       00 19 55 8E 
       00 3A 00 12 
       00 05 19 04 
       67 00 95 00 
       19 04 78 00 
       A1 00 19 55 
       D2 00 AF 00 
       12 00 02 19 
       04 67 00 95 
       00 19 04 8E 
       00 3A 00 19 
       55 78 00 A1 
       00 12 00 0C 
       19 04 78 00 
       A1 00 19 04 
       E2 00 55 00 
       19 55 D2 00 
       AF 00 12 00 
       0C 19 04 78 
       00 A1 00 19 
       04 8E 00 3A 
       00 19 55 E2 
       00 55 00 7F 
       00 10 12 00 
       05 19 04 67 
       00 95 00 19 
       04 D2 00 AF 
       00 19 55 AC 
       00 A0 00 12 
       00 02 19 04 
       67 00 95 00 
       19 04 77 00 
       4B 00 19 55 
       8C 00 3A 00 
       12 00 05 19 
       04 67 00 95 
       00 19 04 78 
       00 A2 00 19 
       55 D2 00 AF 
       00 12 00 02 
       19 04 67 00 
       95 00 19 04 
       8C 00 3A 00 
       19 55 78 00 
       A2 00 12 00 
       0C 19 04 78 
       00 A2 00 19 
       04 E2 00 54 
       00 19 55 D2 
       00 AF 00 12 
       00 0C 19 04 
       78 00 A2 00 
       19 04 8C 00 
       3A 00 19 55 
       E2 00 54 00 
       7F 00 10 12 
       00 05 19 04 
       68 00 96 00 
       19 04 D2 00 
       AF 00 19 55 
       AD 00 A0 00 
       12 00 01 19 
       04 68 00 96 
       00 19 04 77 
       00 4C 00 19 
       55 8B 00 3A 
       00 12 00 05 
       19 04 68 00 
       96 00 19 04 
       77 00 A2 00 
       19 55 D2 00 
       AF 00 12 00 
       01 19 04 68 
       00 96 00 19 
       04 8B 00 3A 
       00 19 55 77 
       00 A2 00 12 
       00 0C 19 04 
       77 00 A2 00 
       19 04 E2 00 
       53 00 19 55 
       D2 00 AF 00 
       12 00 0C 19 
       04 77 00 A2 
       00 19 04 8B 
       00 3A 00 19 
       55 E2 00 53 
       00 7F 00 10 
       12 00 05 19 
       04 69 00 96 
       00 19 04 D2 
       00 AE 00 19 
       55 AE 00 A0 
       00 12 00 01 
       19 04 69 00 
       96 00 19 04 
       77 00 4C 00 
       19 55 89 00 
       3B 00 12 00 
       05 19 04 69 
       00 96 00 19 
       04 76 00 A2 
       00 19 55 D2 
       00 AE 00 12 
       00 01 19 04 
       69 00 96 00 
       19 04 89 00 
       3B 00 19 55 
       76 00 A2 00 
       12 00 0C 19 
       04 76 00 A2 
       00 19 04 E1 
       00 53 00 19 
       55 D2 00 AE 
       00 12 00 0C 
       19 04 76 00 
       A2 00 19 04 
       89 00 3B 00 
       19 55 E1 00 
       53 00 7F 00 
       10 12 00 05 
       19 04 6A 00 
       96 00 19 04 
       D2 00 AE 00 
       19 55 AF 00 
       A0 00 12 00 
       01 19 04 6A 
       00 96 00 19 
       04 77 00 4C 
       00 19 55 88 
       00 3B 00 12 
       00 05 19 04 
       6A 00 96 00 
       19 04 75 00 
       A3 00 19 55 
       D2 00 AE 00 
       12 00 01 19 
       04 6A 00 96 
       00 19 04 88 
       00 3B 00 19 
       55 75 00 A3 
       00 12 00 0C 
       19 04 75 00 
       A3 00 19 04 
       E1 00 52 00 
       19 55 D2 00 
       AE 00 12 00 
       0C 19 04 75 
       00 A3 00 19 
       04 88 00 3B 
       00 19 55 E1 
       00 52 00 7F 
       00 10 12 00 
       05 19 04 6B 
       00 96 00 19 
       04 D2 00 AE 
       00 19 55 B1 
       00 A0 00 12 
       00 01 19 04 
       6B 00 96 00 
       19 04 77 00 
       4D 00 19 55 
       86 00 3C 00 
       12 00 05 19 
       04 6B 00 96 
       00 19 04 74 
       00 A3 00 19 
       55 D2 00 AE 
       00 12 00 01 
       19 04 6B 00 
       96 00 19 04 
       86 00 3C 00 
       19 55 74 00 
       A3 00 12 00 
       0C 19 04 74 
       00 A3 00 19 
       04 E0 00 51 
       00 19 55 D2 
       00 AE 00 12 
       00 0C 19 04 
       74 00 A3 00 
       19 04 86 00 
       3C 00 19 55 
       E0 00 51 00 
       7F 00 10 12 
       00 05 19 04 
       6C 00 97 00 
       19 04 D2 00 
       AE 00 19 55 
       B2 00 9F 00 
       12 00 01 19 
       04 6C 00 97 
       00 19 04 78 
       00 4D 00 19 
       55 84 00 3C 
       00 12 00 05 
       19 04 6C 00 
       97 00 19 04 
       74 00 A3 00 
       19 55 D2 00 
       AE 00 12 00 
       01 19 04 6C 
       00 97 00 19 
       04 84 00 3C 
       00 19 55 74 
       00 A3 00 12 
       00 0C 19 04 
       74 00 A3 00 
       19 04 E0 00 
       51 00 19 55 
       D2 00 AE 00 
       12 00 0C 19 
       04 74 00 A3 
       00 19 04 84 
       00 3C 00 19 
       55 E0 00 51 
       00 7F 00 10 
       12 00 05 19 
       04 6D 00 97 
       00 19 04 D2 
       00 AE 00 19 
       55 B3 00 9F 
       00 12 00 01 
       19 04 6D 00 
       97 00 19 04 
       78 00 4D 00 
       19 55 83 00 
       3C 00 12 00 
       05 19 04 6D 
       00 97 00 19 
       04 73 00 A4 
       00 19 55 D2 
       00 AE 00 12 
       00 01 19 04 
       6D 00 97 00 
       19 04 83 00 
       3C 00 19 55 
       73 00 A4 00 
       12 00 0C 19 
       04 73 00 A4 
       00 19 04 DF 
       00 50 00 19 
       55 D2 00 AE 
       00 12 00 0C 
       19 04 73 00 
       A4 00 19 04 
       83 00 3C 00 
       19 55 DF 00 
       50 00 7F 00 
       10 12 00 05 
       19 04 6E 00 
       97 00 19 04 
       D2 00 AD 00 
       19 55 B4 00 
       9F 00 12 00 
       01 19 04 6E 
       00 97 00 19 
       04 78 00 4E 
       00 19 55 81 
       00 3D 00 12 
       00 05 19 04 
       6E 00 97 00 
       19 04 73 00 
       A4 00 19 55 
       D2 00 AD 00 
       12 00 01 19 
       04 6E 00 97 
       00 19 04 81 
       00 3D 00 19 
       55 73 00 A4 
       00 12 00 0C 
       19 04 73 00 
       A4 00 19 04 
       DF 00 4F 00 
       19 55 D2 00 
       AD 00 12 00 
       0C 19 04 73 
       00 A4 00 19 
       04 81 00 3D 
       00 19 55 DF 
       00 4F 00 7F 
       00 10 12 00 
       05 19 04 6E 
       00 97 00 19 
       04 D2 00 AD 
       00 19 55 B5 
       00 9F 00 12 
       00 01 19 04 
       6E 00 97 00 
       19 04 78 00 
       4E 00 19 55 
       80 00 3D 00 
       12 00 05 19 
       04 6E 00 97 
       00 19 04 72 
       00 A5 00 19 
       55 D2 00 AD 
       00 12 00 01 
       19 04 6E 00 
       97 00 19 04 
       80 00 3D 00 
       19 55 72 00 
       A5 00 12 00 
       0C 19 04 72 
       00 A5 00 19 
       04 DE 00 4F 
       00 19 55 D2 
       00 AD 00 12 
       00 0C 19 04 
       72 00 A5 00 
       19 04 80 00 
       3D 00 19 55 
       DE 00 4F 00 
       7F 00 10 12 
       00 05 19 04 
       6F 00 98 00 
       19 04 D2 00 
       AD 00 19 55 
       B6 00 9E 00 
       12 00 01 19 
       04 6F 00 98 
       00 19 04 79 
       00 4F 00 19 
       55 7E 00 3E 
       00 12 00 05 
       19 04 6F 00 
       98 00 19 04 
       71 00 A5 00 
       19 55 D2 00 
       AD 00 12 00 
       01 19 04 6F 
       00 98 00 19 
       04 7E 00 3E 
       00 19 55 71 
       00 A5 00 12 
       00 0C 19 04 
       71 00 A5 00 
       19 04 DD 00 
       4E 00 19 55 
       D2 00 AD 00 
       12 00 0C 19 
       04 71 00 A5 
       00 19 04 7E 
       00 3E 00 19 
       55 DD 00 4E 
       00 7F 00 10 
       12 00 05 19 
       04 70 00 98 
       00 19 04 D2 
       00 AD 00 19 
       55 B7 00 9E 
       00 12 00 01 
       19 04 70 00 
       98 00 19 04 
       79 00 4F 00 
       19 55 7D 00 
       3F 00 12 00 
       05 19 04 70 
       00 98 00 19 
       04 71 00 A5 
       00 19 55 D2 
       00 AD 00 12 
       00 01 19 04 
       70 00 98 00 
       19 04 7D 00 
       3F 00 19 55 
       71 00 A5 00 
       12 00 0C 19 
       04 71 00 A5 
       00 19 04 DD 
       00 4D 00 19 
       55 D2 00 AD 
       00 12 00 0C 
       19 04 71 00 
       A5 00 19 04 
       7D 00 3F 00 
       19 55 DD 00 
       4D 00 7F 00 
       10 12 00 05 
       19 04 71 00 
       98 00 19 04 
       D2 00 AD 00 
       19 55 B8 00 
       9E 00 12 00 
       01 19 04 71 
       00 98 00 19 
       04 79 00 4F 
       00 19 55 7B 
       00 3F 00 12 
       00 05 19 04 
       71 00 98 00 
       19 04 71 00 
       A6 00 19 55 
       D2 00 AD 00 
       12 00 01 19 
       04 71 00 98 
       00 19 04 7B 
       00 3F 00 19 
       55 71 00 A6 
       00 12 00 0C 
       19 04 71 00 
       A6 00 19 04 
       DC 00 4D 00 
       19 55 D2 00 
       AD 00 12 00 
       0C 19 04 71 
       00 A6 00 19 
       04 7B 00 3F 
       00 19 55 DC 
       00 4D 00 7F 
       00 10 12 00 
       05 19 04 72 
       00 99 00 19 
       04 D2 00 AC 
       00 19 55 B9 
       00 9E 00 12 
       00 01 19 04 
       72 00 99 00 
       19 04 79 00 
       50 00 19 55 
       7A 00 40 00 
       12 00 05 19 
       04 72 00 99 
       00 19 04 70 
       00 A6 00 19 
       55 D2 00 AC 
       00 12 00 01 
       19 04 72 00 
       99 00 19 04 
       7A 00 40 00 
       19 55 70 00 
       A6 00 12 00 
       0C 19 04 70 
       00 A6 00 19 
       04 DB 00 4C 
       00 19 55 D2 
       00 AC 00 12 
       00 0C 19 04 
       70 00 A6 00 
       19 04 7A 00 
       40 00 19 55 
       DB 00 4C 00 
       7F 00 10 12 
       00 05 19 04 
       73 00 99 00 
       19 04 D2 00 
       AC 00 19 55 
       BA 00 9D 00 
       12 00 01 19 
       04 73 00 99 
       00 19 04 79 
       00 50 00 19 
       55 78 00 40 
       00 12 00 05 
       19 04 73 00 
       99 00 19 04 
       70 00 A7 00 
       19 55 D2 00 
       AC 00 12 00 
       01 19 04 73 
       00 99 00 19 
       04 78 00 40 
       00 19 55 70 
       00 A7 00 12 
       00 0C 19 04 
       70 00 A7 00 
       19 04 DA 00 
       4B 00 19 55 
       D2 00 AC 00 
       12 00 0C 19 
       04 70 00 A7 
       00 19 04 78 
       00 40 00 19 
       55 DA 00 4B 
       00 7F 00 10 
       12 00 05 19 
       04 74 00 99 
       00 19 04 D2 
       00 AC 00 19 
       55 BC 00 9D 
       00 12 00 01 
       19 04 74 00 
       99 00 19 04 
       7A 00 51 00 
       19 55 77 00 
       41 00 12 00 
       05 19 04 74 
       00 99 00 19 
       04 6F 00 A7 
       00 19 55 D2 
       00 AC 00 12 
       00 01 19 04 
       74 00 99 00 
       19 04 77 00 
       41 00 19 55 
       6F 00 A7 00 
       12 00 0C 19 
       04 6F 00 A7 
       00 19 04 D9 
       00 4A 00 19 
       55 D2 00 AC 
       00 12 00 0C 
       19 04 6F 00 
       A7 00 19 04 
       77 00 41 00 
       19 55 D9 00 
       4A 00 7F 00 
       10 12 00 05 
       19 04 75 00 
       99 00 19 04 
       D2 00 AB 00 
       19 55 BD 00 
       9D 00 12 00 
       01 19 04 75 
       00 99 00 19 
       04 7A 00 51 
       00 19 55 75 
       00 41 00 12 
       00 05 19 04 
       75 00 99 00 
       19 04 6F 00 
       A7 00 19 55 
       D2 00 AB 00 
       12 00 01 19 
       04 75 00 99 
       00 19 04 75 
       00 41 00 19 
       55 6F 00 A7 
       00 12 00 0C 
       19 04 6F 00 
       A7 00 19 04 
       D8 00 4A 00 
       19 55 D2 00 
       AB 00 12 00 
       0C 19 04 6F 
       00 A7 00 19 
       04 75 00 41 
       00 19 55 D8 
       00 4A 00 7F 
       00 10 12 00 
       05 19 04 76 
       00 9A 00 19 
       04 D2 00 AB 
       00 19 55 BE 
       00 9D 00 12 
       00 01 19 04 
       76 00 9A 00 
       19 04 7A 00 
       52 00 19 55 
       74 00 42 00 
       12 00 05 19 
       04 76 00 9A 
       00 19 04 6F 
       00 A8 00 19 
       55 D2 00 AB 
       00 12 00 01 
       19 04 76 00 
       9A 00 19 04 
       74 00 42 00 
       19 55 6F 00 
       A8 00 12 00 
       0C 19 04 6F 
       00 A8 00 19 
       04 D7 00 49 
       00 19 55 D2 
       00 AB 00 12 
       00 0C 19 04 
       6F 00 A8 00 
       19 04 74 00 
       42 00 19 55 
       D7 00 49 00 
       7F 00 10 12 
       00 05 19 04 
       77 00 9A 00 
       19 04 D2 00 
       AB 00 19 55 
       BF 00 9C 00 
       12 00 01 19 
       04 77 00 9A 
       00 19 04 7B 
       00 52 00 19 
       55 73 00 43 
       00 12 00 05 
       19 04 77 00 
       9A 00 19 04 
       6E 00 A8 00 
       19 55 D2 00 
       AB 00 12 00 
       01 19 04 77 
       00 9A 00 19 
       04 73 00 43 
       00 19 55 6E 
       00 A8 00 12 
       00 0C 19 04 
       6E 00 A8 00 
       19 04 D6 00 
       48 00 19 55 
       D2 00 AB 00 
       12 00 0C 19 
       04 6E 00 A8 
       00 19 04 73 
       00 43 00 19 
       55 D6 00 48 
       00 7F 00 10 
       12 00 05 19 
       04 79 00 9A 
       00 19 04 D2 
       00 AB 00 19 
       55 C0 00 9C 
       00 12 00 01 
       19 04 79 00 
       9A 00 19 04 
       7B 00 52 00 
       19 55 71 00 
       43 00 12 00 
       05 19 04 79 
       00 9A 00 19 
       04 6E 00 A8 
       00 19 55 D2 
       00 AB 00 12 
       00 01 19 04 
       79 00 9A 00 
       19 04 71 00 
       43 00 19 55 
       6E 00 A8 00 
       12 00 0C 19 
       04 6E 00 A8 
       00 19 04 D5 
       00 48 00 19 
       55 D2 00 AB 
       00 12 00 0C 
       19 04 6E 00 
       A8 00 19 04 
       71 00 43 00 
       19 55 D5 00 
       48 00 7F 00 
       10 12 00 05 
       19 04 7A 00 
       9B 00 19 04 
       D2 00 AA 00 
       19 55 C1 00 
       9C 00 12 00 
       01 19 04 7A 
       00 9B 00 19 
       04 7B 00 53 
       00 19 55 70 
       00 44 00 12 
       00 05 19 04 
       7A 00 9B 00 
       19 04 6E 00 
       A9 00 19 55 
       D2 00 AA 00 
       12 00 01 19 
       04 7A 00 9B 
       00 19 04 70 
       00 44 00 19 
       55 6E 00 A9 
       00 12 00 0C 
       19 04 6E 00 
       A9 00 19 04 
       D4 00 47 00 
       19 55 D2 00 
       AA 00 12 00 
       0C 19 04 6E 
       00 A9 00 19 
       04 70 00 44 
       00 19 55 D4 
       00 47 00 7F 
       00 10 12 00 
       05 19 04 7B 
       00 9B 00 19 
       04 D2 00 AA 
       00 19 55 C2 
       00 9B 00 12 
       00 01 19 04 
       7B 00 9B 00 
       19 04 7B 00 
       53 00 19 55 
       6F 00 45 00 
       12 00 05 19 
       04 7B 00 9B 
       00 19 04 6E 
       00 A9 00 19 
       55 D2 00 AA 
       00 12 00 01 
       19 04 7B 00 
       9B 00 19 04 
       6F 00 45 00 
       19 55 6E 00 
       A9 00 12 00 
       0C 19 04 6E 
       00 A9 00 19 
       04 D3 00 46 
       00 19 55 D2 
       00 AA 00 12 
       00 0C 19 04 
       6E 00 A9 00 
       19 04 6F 00 
       45 00 19 55 
       D3 00 46 00 
       40 00 10 12 
       00 01 19 04 
       7C 00 9B 00 
       19 04 7C 00 
       54 00 19 55 
       6E 00 46 00 
       12 00 0C 19 
       04 6E 00 AA 
       00 19 04 6E 
       00 46 00 19 
       55 D2 00 46 
       00 12 00 0C 
       19 04 6E 00 
       AA 00 19 04 
       D2 00 46 00 
       19 55 D2 00 
       AA 00 7F 00 
       10 12 00 05 
       19 04 7D 00 
       9B 00 19 04 
       D1 00 A9 00 
       19 55 C4 00 
       9B 00 12 00 
       10 19 04 C4 
       00 9B 00 19 
       04 D0 00 45 
       00 19 55 C4 
       00 53 00 12 
       00 05 19 04 
       7D 00 9B 00 
       19 04 6D 00 
       AA 00 19 55 
       D1 00 A9 00 
       12 00 10 19 
       04 C4 00 9B 
       00 19 04 D1 
       00 A9 00 19 
       55 D0 00 45 
       00 12 00 0C 
       19 04 6D 00 
       AA 00 19 04 
       6C 00 46 00 
       19 55 D0 00 
       45 00 12 00 
       0C 19 04 6D 
       00 AA 00 19 
       04 D0 00 45 
       00 19 55 D1 
       00 A9 00 7F 
       00 10 12 00 
       05 19 04 7E 
       00 9C 00 19 
       04 D1 00 A9 
       00 19 55 C5 
       00 9B 00 12 
       00 10 19 04 
       C5 00 9B 00 
       19 04 CF 00 
       44 00 19 55 
       C4 00 53 00 
       12 00 05 19 
       04 7E 00 9C 
       00 19 04 6D 
       00 AA 00 19 
       55 D1 00 A9 
       00 12 00 10 
       19 04 C5 00 
       9B 00 19 04 
       D1 00 A9 00 
       19 55 CF 00 
       44 00 12 00 
       0C 19 04 6D 
       00 AA 00 19 
       04 6B 00 47 
       00 19 55 CF 
       00 44 00 12 
       00 0C 19 04 
       6D 00 AA 00 
       19 04 CF 00 
       44 00 19 55 
       D1 00 A9 00 
       7F 00 10 12 
       00 05 19 04 
       7F 00 9C 00 
       19 04 D1 00 
       A8 00 19 55 
       C6 00 9A 00 
       12 00 10 19 
       04 C6 00 9A 
       00 19 04 CE 
       00 43 00 19 
       55 C4 00 52 
       00 12 00 05 
       19 04 7F 00 
       9C 00 19 04 
       6D 00 AB 00 
       19 55 D1 00 
       A8 00 12 00 
       10 19 04 C6 
       00 9A 00 19 
       04 D1 00 A8 
       00 19 55 CE 
       00 43 00 12 
       00 0C 19 04 
       6D 00 AB 00 
       19 04 6A 00 
       48 00 19 55 
       CE 00 43 00 
       12 00 0C 19 
       04 6D 00 AB 
       00 19 04 CE 
       00 43 00 19 
       55 D1 00 A8 
       00 7F 00 10 
       12 00 05 19 
       04 80 00 9C 
       00 19 04 D1 
       00 A8 00 19 
       55 C8 00 9A 
       00 12 00 10 
       19 04 C8 00 
       9A 00 19 04 
       CC 00 43 00 
       19 55 C4 00 
       52 00 12 00 
       05 19 04 80 
       00 9C 00 19 
       04 6D 00 AB 
       00 19 55 D1 
       00 A8 00 12 
       00 10 19 04 
       C8 00 9A 00 
       19 04 D1 00 
       A8 00 19 55 
       CC 00 43 00 
       12 00 0C 19 
       04 6D 00 AB 
       00 19 04 69 
       00 48 00 19 
       55 CC 00 43 
       00 12 00 0C 
       19 04 6D 00 
       AB 00 19 04 
       CC 00 43 00 
       19 55 D1 00 
       A8 00 7F 00 
       10 12 00 05 
       19 04 81 00 
       9D 00 19 04 
       D0 00 A8 00 
       19 55 C9 00 
       9A 00 12 00 
       10 19 04 C9 
       00 9A 00 19 
       04 CB 00 42 
       00 19 55 C5 
       00 52 00 12 
       00 05 19 04 
       81 00 9D 00 
       19 04 6D 00 
       AB 00 19 55 
       D0 00 A8 00 
       12 00 10 19 
       04 C9 00 9A 
       00 19 04 D0 
       00 A8 00 19 
       55 CB 00 42 
       00 12 00 0C 
       19 04 6D 00 
       AB 00 19 04 
       68 00 49 00 
       19 55 CB 00 
       42 00 12 00 
       0C 19 04 6D 
       00 AB 00 19 
       04 CB 00 42 
       00 19 55 D0 
       00 A8 00 7F 
       00 10 12 00 
       05 19 04 82 
       00 9D 00 19 
       04 D0 00 A7 
       00 19 55 CA 
       00 99 00 12 
       00 10 19 04 
       CA 00 99 00 
       19 04 CA 00 
       41 00 19 55 
       C5 00 51 00 
       12 00 05 19 
       04 82 00 9D 
       00 19 04 6D 
       00 AB 00 19 
       55 D0 00 A7 
       00 12 00 10 
       19 04 CA 00 
       99 00 19 04 
       D0 00 A7 00 
       19 55 CA 00 
       41 00 12 00 
       0C 19 04 6D 
       00 AB 00 19 
       04 67 00 4A 
       00 19 55 CA 
       00 41 00 12 
       00 0C 19 04 
       6D 00 AB 00 
       19 04 CA 00 
       41 00 19 55 
       D0 00 A7 00 
       7F 00 10 12 
       00 05 19 04 
       83 00 9D 00 
       19 04 D0 00 
       A7 00 19 55 
       CB 00 99 00 
       12 00 10 19 
       04 CB 00 99 
       00 19 04 C8 
       00 41 00 19 
       55 C5 00 51 
       00 12 00 05 
       19 04 83 00 
       9D 00 19 04 
       6D 00 AC 00 
       19 55 D0 00 
       A7 00 12 00 
       10 19 04 CB 
       00 99 00 19 
       04 D0 00 A7 
       00 19 55 C8 
       00 41 00 12 
       00 0C 19 04 
       6D 00 AC 00 
       19 04 66 00 
       4A 00 19 55 
       C8 00 41 00 
       12 00 0C 19 
       04 6D 00 AC 
       00 19 04 C8 
       00 41 00 19 
       55 D0 00 A7 
       00 7F 00 10 
       12 00 05 19 
       04 85 00 9D 
       00 19 04 CF 
       00 A7 00 19 
       55 CC 00 99 
       00 12 00 10 
       19 04 CC 00 
       99 00 19 04 
       C7 00 40 00 
       19 55 C6 00 
       50 00 12 00 
       05 19 04 85 
       00 9D 00 19 
       04 6D 00 AC 
       00 19 55 CF 
       00 A7 00 12 
       00 10 19 04 
       CC 00 99 00 
       19 04 CF 00 
       A7 00 19 55 
       C7 00 40 00 
       12 00 0C 19 
       04 6D 00 AC 
       00 19 04 65 
       00 4B 00 19 
       55 C7 00 40 
       00 12 00 0C 
       19 04 6D 00 
       AC 00 19 04 
       C7 00 40 00 
       19 55 CF 00 
       A7 00 7F 00 
       10 12 00 05 
       19 04 86 00 
       9E 00 19 04 
       CF 00 A6 00 
       19 55 CD 00 
       99 00 12 00 
       10 19 04 CD 
       00 99 00 19 
       04 C5 00 40 
       00 19 55 C6 
       00 50 00 12 
       00 05 19 04 
       86 00 9E 00 
       19 04 6D 00 
       AC 00 19 55 
       CF 00 A6 00 
       12 00 10 19 
       04 CD 00 99 
       00 19 04 CF 
       00 A6 00 19 
       55 C5 00 40 
       00 12 00 0C 
       19 04 6D 00 
       AC 00 19 04 
       64 00 4C 00 
       19 55 C5 00 
       40 00 12 00 
       0C 19 04 6D 
       00 AC 00 19 
       04 C5 00 40 
       00 19 55 CF 
       00 A6 00 7F 
       00 10 12 00 
       05 19 04 87 
       00 9E 00 19 
       04 CE 00 A6 
       00 19 55 CE 
       00 98 00 12 
       00 20 19 04 
       CE 00 98 00 
       19 04 C4 00 
       3F 00 19 55 
       C6 00 4F 00 
       12 00 05 19 
       04 87 00 9E 
       00 19 04 6D 
       00 AD 00 19 
       55 CE 00 A6 
       00 12 00 20 
       19 04 CE 00 
       98 00 19 04 
       CE 00 A6 00 
       19 55 C4 00 
       3F 00 12 00 
       0C 19 04 6D 
       00 AD 00 19 
       04 63 00 4D 
       00 19 55 C4 
       00 3F 00 12 
       00 0C 19 04 
       6D 00 AD 00 
       19 04 C4 00 
       3F 00 19 55 
       CE 00 A6 00 
       7F 00 10 12 
       00 05 19 04 
       88 00 9E 00 
       19 04 CE 00 
       A5 00 19 55 
       CF 00 98 00 
       12 00 20 19 
       04 CF 00 98 
       00 19 04 C2 
       00 3F 00 19 
       55 C6 00 4F 
       00 12 00 05 
       19 04 88 00 
       9E 00 19 04 
       6D 00 AD 00 
       19 55 CE 00 
       A5 00 12 00 
       20 19 04 CF 
       00 98 00 19 
       04 CE 00 A5 
       00 19 55 C2 
       00 3F 00 12 
       00 0C 19 04 
       6D 00 AD 00 
       19 04 62 00 
       4D 00 19 55 
       C2 00 3F 00 
       12 00 0C 19 
       04 6D 00 AD 
       00 19 04 C2 
       00 3F 00 19 
       55 CE 00 A5 
       00 7F 00 10 
       12 00 05 19 
       04 89 00 9E 
       00 19 04 CE 
       00 A5 00 19 
       55 D0 00 98 
       00 12 00 20 
       19 04 D0 00 
       98 00 19 04 
       C1 00 3E 00 
       19 55 C6 00 
       4F 00 12 00 
       05 19 04 89 
       00 9E 00 19 
       04 6D 00 AD 
       00 19 55 CE 
       00 A5 00 12 
       00 20 19 04 
       D0 00 98 00 
       19 04 CE 00 
       A5 00 19 55 
       C1 00 3E 00 
       12 00 0C 19 
       04 6D 00 AD 
       00 19 04 62 
       00 4E 00 19 
       55 C1 00 3E 
       00 12 00 0C 
       19 04 6D 00 
       AD 00 19 04 
       C1 00 3E 00 
       19 55 CE 00 
       A5 00 7F 00 
       10 12 00 05 
       19 04 8A 00 
       9F 00 19 04 
       CD 00 A5 00 
       19 55 D1 00 
       97 00 12 00 
       20 19 04 D1 
       00 97 00 19 
       04 BF 00 3D 
       00 19 55 C7 
       00 4E 00 12 
       00 05 19 04 
       8A 00 9F 00 
       19 04 6D 00 
       AD 00 19 55 
       CD 00 A5 00 
       12 00 20 19 
       04 D1 00 97 
       00 19 04 CD 
       00 A5 00 19 
       55 BF 00 3D 
       00 12 00 0C 
       19 04 6D 00 
       AD 00 19 04 
       61 00 4F 00 
       19 55 BF 00 
       3D 00 12 00 
       0C 19 04 6D 
       00 AD 00 19 
       04 BF 00 3D 
       00 19 55 CD 
       00 A5 00 7F 
       00 10 12 00 
       05 19 04 8B 
       00 9F 00 19 
       04 CC 00 A4 
       00 19 55 D1 
       00 97 00 12 
       00 20 19 04 
       D1 00 97 00 
       19 04 BE 00 
       3D 00 19 55 
       C7 00 4E 00 
       12 00 05 19 
       04 8B 00 9F 
       00 19 04 6D 
       00 AD 00 19 
       55 CC 00 A4 
       00 12 00 20 
       19 04 D1 00 
       97 00 19 04 
       CC 00 A4 00 
       19 55 BE 00 
       3D 00 12 00 
       0C 19 04 6D 
       00 AD 00 19 
       04 60 00 4F 
       00 19 55 BE 
       00 3D 00 12 
       00 0C 19 04 
       6D 00 AD 00 
       19 04 BE 00 
       3D 00 19 55 
       CC 00 A4 00 
       7F 00 10 12 
       00 05 19 04 
       8C 00 9F 00 
       19 04 CC 00 
       A4 00 19 55 
       D2 00 97 00 
       12 00 20 19 
       04 D2 00 97 
       00 19 04 BC 
       00 3C 00 19 
       55 C7 00 4D 
       00 12 00 05 
       19 04 8C 00 
       9F 00 19 04 
       6D 00 AE 00 
       19 55 CC 00 
       A4 00 12 00 
       20 19 04 D2 
       00 97 00 19 
       04 CC 00 A4 
       00 19 55 BC 
       00 3C 00 12 
       00 0C 19 04 
       6D 00 AE 00 
       19 04 60 00 
       50 00 19 55 
       BC 00 3C 00 
       12 00 0C 19 
       04 6D 00 AE 
       00 19 04 BC 
       00 3C 00 19 
       55 CC 00 A4 
       00 7F 00 10 
       12 00 05 19 
       04 8D 00 9F 
       00 19 04 CB 
       00 A3 00 19 
       55 D3 00 97 
       00 12 00 20 
       19 04 D3 00 
       97 00 19 04 
       BB 00 3C 00 
       19 55 C7 00 
       4D 00 12 00 
       05 19 04 8D 
       00 9F 00 19 
       04 6D 00 AE 
       00 19 55 CB 
       00 A3 00 12 
       00 20 19 04 
       D3 00 97 00 
       19 04 CB 00 
       A3 00 19 55 
       BB 00 3C 00 
       12 00 0C 19 
       04 6D 00 AE 
       00 19 04 5F 
       00 51 00 19 
       55 BB 00 3C 
       00 12 00 0C 
       19 04 6D 00 
       AE 00 19 04 
       BB 00 3C 00 
       19 55 CB 00 
       A3 00 7F 00 
       10 12 00 05 
       19 04 8E 00 
       A0 00 19 04 
       CB 00 A3 00 
       19 55 D4 00 
       96 00 12 00 
       20 19 04 D4 
       00 96 00 19 
       04 B9 00 3C 
       00 19 55 C8 
       00 4D 00 12 
       00 05 19 04 
       8E 00 A0 00 
       19 04 6D 00 
       AE 00 19 55 
       CB 00 A3 00 
       12 00 20 19 
       04 D4 00 96 
       00 19 04 CB 
       00 A3 00 19 
       55 B9 00 3C 
       00 12 00 0C 
       19 04 6D 00 
       AE 00 19 04 
       5F 00 51 00 
       19 55 B9 00 
       3C 00 12 00 
       0C 19 04 6D 
       00 AE 00 19 
       04 B9 00 3C 
       00 19 55 CB 
       00 A3 00 7F 
       00 10 12 00 
       05 19 04 90 
       00 A0 00 19 
       04 CA 00 A3 
       00 19 55 D5 
       00 96 00 12 
       00 20 19 04 
       D5 00 96 00 
       19 04 B7 00 
       3B 00 19 55 
       C8 00 4C 00 
       12 00 05 19 
       04 90 00 A0 
       00 19 04 6D 
       00 AE 00 19 
       55 CA 00 A3 
       00 12 00 20 
       19 04 D5 00 
       96 00 19 04 
       CA 00 A3 00 
       19 55 B7 00 
       3B 00 12 00 
       0C 19 04 6D 
       00 AE 00 19 
       04 5E 00 52 
       00 19 55 B7 
       00 3B 00 12 
       00 0C 19 04 
       6D 00 AE 00 
       19 04 B7 00 
       3B 00 19 55 
       CA 00 A3 00 
       7F 00 10 12 
       00 05 19 04 
       91 00 A0 00 
       19 04 C9 00 
       A2 00 19 55 
       D6 00 96 00 
       12 00 20 19 
       04 D6 00 96 
       00 19 04 B6 
       00 3B 00 19 
       55 C8 00 4C 
       00 12 00 05 
       19 04 91 00 
       A0 00 19 04 
       6D 00 AE 00 
       19 55 C9 00 
       A2 00 12 00 
       20 19 04 D6 
       00 96 00 19 
       04 C9 00 A2 
       00 19 55 B6 
       00 3B 00 12 
       00 0C 19 04 
       6D 00 AE 00 
       19 04 5E 00 
       53 00 19 55 
       B6 00 3B 00 
       12 00 0C 19 
       04 6D 00 AE 
       00 19 04 B6 
       00 3B 00 19 
       55 C9 00 A2 
       00 7F 00 10 
       12 00 05 19 
       04 92 00 A0 
       00 19 04 C8 
       00 A2 00 19 
       55 D7 00 96 
       00 12 00 20 
       19 04 D7 00 
       96 00 19 04 
       B4 00 3A 00 
       19 55 C8 00 
       4C 00 12 00 
       05 19 04 92 
       00 A0 00 19 
       04 6D 00 AF 
       00 19 55 C8 
       00 A2 00 12 
       00 20 19 04 
       D7 00 96 00 
       19 04 C8 00 
       A2 00 19 55 
       B4 00 3A 00 
       12 00 0C 19 
       04 6D 00 AF 
       00 19 04 5D 
       00 53 00 19 
       55 B4 00 3A 
       00 12 00 0C 
       19 04 6D 00 
       AF 00 19 04 
       B4 00 3A 00 
       19 55 C8 00 
       A2 00 7F 00 
       10 12 00 05 
       19 04 93 00 
       A0 00 19 04 
       C7 00 A2 00 
       19 55 D8 00 
       95 00 12 00 
       20 19 04 D8 
       00 95 00 19 
       04 B3 00 3A 
       00 19 55 C8 
       00 4B 00 12 
       00 05 19 04 
       93 00 A0 00 
       19 04 6D 00 
       AF 00 19 55 
       C7 00 A2 00 
       12 00 20 19 
       04 D8 00 95 
       00 19 04 C7 
       00 A2 00 19 
       55 B3 00 3A 
       00 12 00 0C 
       19 04 6D 00 
       AF 00 19 04 
       5D 00 54 00 
       19 55 B3 00 
       3A 00 12 00 
       0C 19 04 6D 
       00 AF 00 19 
       04 B3 00 3A 
       00 19 55 C7 
       00 A2 00 7F 
       00 10 12 00 
       05 19 04 94 
       00 A1 00 19 
       04 C7 00 A1 
       00 19 55 D8 
       00 95 00 12 
       00 20 19 04 
       D8 00 95 00 
       19 04 B1 00 
       3A 00 19 55 
       C9 00 4B 00 
       12 00 05 19 
       04 94 00 A1 
       00 19 04 6D 
       00 AF 00 19 
       55 C7 00 A1 
       00 12 00 20 
       19 04 D8 00 
       95 00 19 04 
       C7 00 A1 00 
       19 55 B1 00 
       3A 00 12 00 
       0C 19 04 6D 
       00 AF 00 19 
       04 5D 00 55 
       00 19 55 B1 
       00 3A 00 12 
       00 0C 19 04 
       6D 00 AF 00 
       19 04 B1 00 
       3A 00 19 55 
       C7 00 A1 00 
       7F 00 10 12 
       00 05 19 04 
       95 00 A1 00 
       19 04 C6 00 
       A1 00 19 55 
       D9 00 95 00 
       12 00 20 19 
       04 D9 00 95 
       00 19 04 B0 
       00 39 00 19 
       55 C9 00 4B 
       00 12 00 05 
       19 04 95 00 
       A1 00 19 04 
       6D 00 AF 00 
       19 55 C6 00 
       A1 00 12 00 
       20 19 04 D9 
       00 95 00 19 
       04 C6 00 A1 
       00 19 55 B0 
       00 39 00 12 
       00 0C 19 04 
       6D 00 AF 00 
       19 04 5C 00 
       55 00 19 55 
       B0 00 39 00 
       12 00 0C 19 
       04 6D 00 AF 
       00 19 04 B0 
       00 39 00 19 
       55 C6 00 A1 
       00 7F 00 10 
       12 00 05 19 
       04 96 00 A1 
       00 19 04 C5 
       00 A0 00 19 
       55 DA 00 95 
       00 12 00 20 
       19 04 DA 00 
       95 00 19 04 
       AE 00 39 00 
       19 55 C9 00 
       4A 00 12 00 
       05 19 04 96 
       00 A1 00 19 
       04 6D 00 AF 
       00 19 55 C5 
       00 A0 00 12 
       00 20 19 04 
       DA 00 95 00 
       19 04 C5 00 
       A0 00 19 55 
       AE 00 39 00 
       12 00 0C 19 
       04 6D 00 AF 
       00 19 04 5C 
       00 56 00 19 
       55 AE 00 39 
       00 12 00 0C 
       19 04 6D 00 
       AF 00 19 04 
       AE 00 39 00 
       19 55 C5 00 
       A0 00 7F 00 
       10 12 00 05 
       19 04 97 00 
       A1 00 19 04 
       C4 00 A0 00 
       19 55 DB 00 
       95 00 12 00 
       20 19 04 DB 
       00 95 00 19 
       04 AD 00 39 
       00 19 55 C9 
       00 4A 00 12 
       00 05 19 04 
       97 00 A1 00 
       19 04 6D 00 
       AF 00 19 55 
       C4 00 A0 00 
       12 00 0C 19 
       04 6D 00 AF 
       00 19 04 5C 
       00 56 00 19 
       55 AD 00 39 
       00 12 00 20 
       19 04 DB 00 
       95 00 19 04 
       C4 00 A0 00 
       19 55 AD 00 
       39 00 12 00 
       0C 19 04 6D 
       00 AF 00 19 
       04 AD 00 39 
       00 19 55 C4 
       00 A0 00 7F 
       00 10 12 00 
       05 19 04 98 
       00 A1 00 19 
       04 C3 00 A0 
       00 19 55 DB 
       00 94 00 12 
       00 20 19 04 
       DB 00 94 00 
       19 04 AB 00 
       38 00 19 55 
       C9 00 4A 00 
       12 00 05 19 
       04 98 00 A1 
       00 19 04 6D 
       00 AF 00 19 
       55 C3 00 A0 
       00 12 00 0C 
       19 04 6D 00 
       AF 00 19 04 
       5C 00 57 00 
       19 55 AB 00 
       38 00 12 00 
       20 19 04 DB 
       00 94 00 19 
       04 C3 00 A0 
       00 19 55 AB 
       00 38 00 12 
       00 0C 19 04 
       6D 00 AF 00 
       19 04 AB 00 
       38 00 19 55 
       C3 00 A0 00 
       7F 00 10 12 
       00 05 19 04 
       99 00 A1 00 
       19 04 C2 00 
       A0 00 19 55 
       DC 00 94 00 
       12 00 20 19 
       04 DC 00 94 
       00 19 04 AA 
       00 38 00 19 
       55 CA 00 49 
       00 12 00 05 
       19 04 99 00 
       A1 00 19 04 
       6D 00 AF 00 
       19 55 C2 00 
       A0 00 12 00 
       0C 19 04 6D 
       00 AF 00 19 
       04 5C 00 57 
       00 19 55 AA 
       00 38 00 12 
       00 20 19 04 
       DC 00 94 00 
       19 04 C2 00 
       A0 00 19 55 
       AA 00 38 00 
       12 00 0C 19 
       04 6D 00 AF 
       00 19 04 AA 
       00 38 00 19 
       55 C2 00 A0 
       00 7F 00 10 
       12 00 05 19 
       04 9A 00 A2 
       00 19 04 C1 
       00 9F 00 19 
       55 DD 00 94 
       00 12 00 20 
       19 04 DD 00 
       94 00 19 04 
       A8 00 38 00 
       19 55 CA 00 
       49 00 12 00 
       05 19 04 9A 
       00 A2 00 19 
       04 6D 00 AF 
       00 19 55 C1 
       00 9F 00 12 
       00 0C 19 04 
       6D 00 AF 00 
       19 04 5C 00 
       58 00 19 55 
       A8 00 38 00 
       12 00 20 19 
       04 DD 00 94 
       00 19 04 C1 
       00 9F 00 19 
       55 A8 00 38 
       00 12 00 0C 
       19 04 6D 00 
       AF 00 19 04 
       A8 00 38 00 
       19 55 C1 00 
       9F 00 7F 00 
       10 12 00 05 
       19 04 9B 00 
       A2 00 19 04 
       C0 00 9F 00 
       19 55 DD 00 
       94 00 12 00 
       20 19 04 DD 
       00 94 00 19 
       04 A7 00 38 
       00 19 55 CA 
       00 49 00 12 
       00 05 19 04 
       9B 00 A2 00 
       19 04 6D 00 
       AF 00 19 55 
       C0 00 9F 00 
       12 00 0C 19 
       04 6D 00 AF 
       00 19 04 5C 
       00 58 00 19 
       55 A7 00 38 
       00 12 00 20 
       19 04 DD 00 
       94 00 19 04 
       C0 00 9F 00 
       19 55 A7 00 
       38 00 12 00 
       0C 19 04 6D 
       00 AF 00 19 
       04 A7 00 38 
       00 19 55 C0 
       00 9F 00 7F 
       00 10 12 00 
       05 19 04 9C 
       00 A2 00 19 
       04 BE 00 9F 
       00 19 55 DE 
       00 94 00 12 
       00 20 19 04 
       DE 00 94 00 
       19 04 A5 00 
       38 00 19 55 
       CA 00 49 00 
       12 00 05 19 
       04 9C 00 A2 
       00 19 04 6D 
       00 AF 00 19 
       55 BE 00 9F 
       00 12 00 0C 
       19 04 6D 00 
       AF 00 19 04 
       5C 00 59 00 
       19 55 A5 00 
       38 00 12 00 
       20 19 04 DE 
       00 94 00 19 
       04 BE 00 9F 
       00 19 55 A5 
       00 38 00 12 
       00 0C 19 04 
       6D 00 AF 00 
       19 04 A5 00 
       38 00 19 55 
       BE 00 9F 00 
       7F 00 10 12 
       00 05 19 04 
       9C 00 A2 00 
       19 04 BD 00 
       9E 00 19 55 
       DE 00 94 00 
       12 00 20 19 
       04 DE 00 94 
       00 19 04 A4 
       00 37 00 19 
       55 CB 00 48 
       00 12 00 05 
       19 04 9C 00 
       A2 00 19 04 
       6D 00 AF 00 
       19 55 BD 00 
       9E 00 12 00 
       0C 19 04 6D 
       00 AF 00 19 
       04 5C 00 59 
       00 19 55 A4 
       00 37 00 12 
       00 20 19 04 
       DE 00 94 00 
       19 04 BD 00 
       9E 00 19 55 
       A4 00 37 00 
       12 00 0C 19 
       04 6D 00 AF 
       00 19 04 A4 
       00 37 00 19 
       55 BD 00 9E 
       00 7F 00 10 
       12 00 05 19 
       04 9D 00 A2 
       00 19 04 BC 
       00 9E 00 19 
       55 DF 00 94 
       00 12 00 30 
       19 04 DF 00 
       94 00 19 04 
       A3 00 37 00 
       19 55 CB 00 
       48 00 12 00 
       05 19 04 9D 
       00 A2 00 19 
       04 6D 00 AF 
       00 19 55 BC 
       00 9E 00 12 
       00 0C 19 04 
       6D 00 AF 00 
       19 04 5C 00 
       59 00 19 55 
       A3 00 37 00 
       12 00 30 19 
       04 DF 00 94 
       00 19 04 BC 
       00 9E 00 19 
       55 A3 00 37 
       00 12 00 0C 
       19 04 6D 00 
       AF 00 19 04 
       A3 00 37 00 
       19 55 BC 00 
       9E 00 7F 00 
       10 12 00 05 
       19 04 9E 00 
       A2 00 19 04 
       BB 00 9E 00 
       19 55 E0 00 
       94 00 12 00 
       30 19 04 E0 
       00 94 00 19 
       04 A1 00 37 
       00 19 55 CB 
       00 48 00 12 
       00 05 19 04 
       9E 00 A2 00 
       19 04 6D 00 
       AF 00 19 55 
       BB 00 9E 00 
       12 00 0C 19 
       04 6D 00 AF 
       00 19 04 5C 
       00 5A 00 19 
       55 A1 00 37 
       00 12 00 30 
       19 04 E0 00 
       94 00 19 04 
       BB 00 9E 00 
       19 55 A1 00 
       37 00 12 00 
       0C 19 04 6D 
       00 AF 00 19 
       04 A1 00 37 
       00 19 55 BB 
       00 9E 00 7F 
       00 10 12 00 
       05 19 04 9F 
       00 A2 00 19 
       04 B9 00 9E 
       00 19 55 E0 
       00 93 00 12 
       00 30 19 04 
       E0 00 93 00 
       19 04 A0 00 
       37 00 19 55 
       CB 00 48 00 
       12 00 05 19 
       04 9F 00 A2 
       00 19 04 6D 
       00 AF 00 19 
       55 B9 00 9E 
       00 12 00 0C 
       19 04 6D 00 
       AF 00 19 04 
       5C 00 5A 00 
       19 55 A0 00 
       37 00 12 00 
       30 19 04 E0 
       00 93 00 19 
       04 B9 00 9E 
       00 19 55 A0 
       00 37 00 12 
       00 0C 19 04 
       6D 00 AF 00 
       19 04 A0 00 
       37 00 19 55 
       B9 00 9E 00 
       7F 00 10 12 
       00 05 19 04 
       A0 00 A2 00 
       19 04 B8 00 
       9E 00 19 55 
       E1 00 93 00 
       12 00 30 19 
       04 E1 00 93 
       00 19 04 9F 
       00 37 00 19 
       55 CC 00 47 
       00 12 00 05 
       19 04 A0 00 
       A2 00 19 04 
       6D 00 AF 00 
       19 55 B8 00 
       9E 00 12 00 
       0C 19 04 6D 
       00 AF 00 19 
       04 5C 00 5B 
       00 19 55 9F 
       00 37 00 12 
       00 30 19 04 
       E1 00 93 00 
       19 04 B8 00 
       9E 00 19 55 
       9F 00 37 00 
       12 00 0C 19 
       04 6D 00 AF 
       00 19 04 9F 
       00 37 00 19 
       55 B8 00 9E 
       00 7F 00 10 
       12 00 05 19 
       04 A1 00 A3 
       00 19 04 B7 
       00 9D 00 19 
       55 E1 00 93 
       00 12 00 30 
       19 04 E1 00 
       93 00 19 04 
       9D 00 37 00 
       19 55 CC 00 
       47 00 12 00 
       05 19 04 A1 
       00 A3 00 19 
       04 6D 00 AF 
       00 19 55 B7 
       00 9D 00 12 
       00 0C 19 04 
       6D 00 AF 00 
       19 04 5C 00 
       5B 00 19 55 
       9D 00 37 00 
       12 00 30 19 
       04 E1 00 93 
       00 19 04 B7 
       00 9D 00 19 
       55 9D 00 37 
       00 12 00 0C 
       19 04 6D 00 
       AF 00 19 04 
       9D 00 37 00 
       19 55 B7 00 
       9D 00 7F 00 
       10 12 00 05 
       19 04 A2 00 
       A3 00 19 04 
       B5 00 9D 00 
       19 55 E1 00 
       93 00 12 00 
       05 19 04 A2 
       00 A3 00 19 
       04 6D 00 AF 
       00 19 55 B5 
       00 9D 00 12 
       00 30 19 04 
       E1 00 93 00 
       19 04 9C 00 
       37 00 19 55 
       CC 00 47 00 
       12 00 0C 19 
       04 6D 00 AF 
       00 19 04 5C 
       00 5B 00 19 
       55 9C 00 37 
       00 12 00 30 
       19 04 E1 00 
       93 00 19 04 
       B5 00 9D 00 
       19 55 9C 00 
       37 00 12 00 
       0C 19 04 6D 
       00 AF 00 19 
       04 9C 00 37 
       00 19 55 B5 
       00 9D 00 7F 
       00 10 12 00 
       05 19 04 A3 
       00 A3 00 19 
       04 B4 00 9D 
       00 19 55 E2 
       00 93 00 12 
       00 05 19 04 
       A3 00 A3 00 
       19 04 6D 00 
       AF 00 19 55 
       B4 00 9D 00 
       12 00 30 19 
       04 E2 00 93 
       00 19 04 9B 
       00 37 00 19 
       55 CC 00 47 
       00 12 00 0C 
       19 04 6D 00 
       AF 00 19 04 
       5D 00 5B 00 
       19 55 9B 00 
       37 00 12 00 
       30 19 04 E2 
       00 93 00 19 
       04 B4 00 9D 
       00 19 55 9B 
       00 37 00 12 
       00 0C 19 04 
       6D 00 AF 00 
       19 04 9B 00 
       37 00 19 55 
       B4 00 9D 00 
       7F 00 10 12 
       00 05 19 04 
       A3 00 A3 00 
       19 04 B3 00 
       9D 00 19 55 
       E2 00 93 00 
       12 00 05 19 
       04 A3 00 A3 
       00 19 04 6D 
       00 AF 00 19 
       55 B3 00 9D 
       00 12 00 30 
       19 04 E2 00 
       93 00 19 04 
       9A 00 37 00 
       19 55 CD 00 
       46 00 12 00 
       0C 19 04 6D 
       00 AF 00 19 
       04 5D 00 5C 
       00 19 55 9A 
       00 37 00 12 
       00 30 19 04 
       E2 00 93 00 
       19 04 B3 00 
       9D 00 19 55 
       9A 00 37 00 
       12 00 0C 19 
       04 6D 00 AF 
       00 19 04 9A 
       00 37 00 19 
       55 B3 00 9D 
       00 7F 00 10 
       12 00 05 19 
       04 A4 00 A3 
       00 19 04 B1 
       00 9D 00 19 
       55 E3 00 93 
       00 12 00 05 
       19 04 A4 00 
       A3 00 19 04 
       6D 00 AF 00 
       19 55 B1 00 
       9D 00 12 00 
       30 19 04 E3 
       00 93 00 19 
       04 99 00 37 
       00 19 55 CD 
       00 46 00 12 
       00 0C 19 04 
       6D 00 AF 00 
       19 04 5D 00 
       5C 00 19 55 
       99 00 37 00 
       12 00 30 19 
       04 E3 00 93 
       00 19 04 B1 
       00 9D 00 19 
       55 99 00 37 
       00 12 00 0C 
       19 04 6D 00 
       AF 00 19 04 
       99 00 37 00 
       19 55 B1 00 
       9D 00 7F 00 
       10 12 00 05 
       19 04 A5 00 
       A3 00 19 04 
       B0 00 9D 00 
       19 55 E3 00 
       93 00 12 00 
       05 19 04 A5 
       00 A3 00 19 
       04 6D 00 AE 
       00 19 55 B0 
       00 9D 00 12 
       00 30 19 04 
       E3 00 93 00 
       19 04 97 00 
       37 00 19 55 
       CD 00 46 00 
       12 00 0C 19 
       04 6D 00 AE 
       00 19 04 5E 
       00 5C 00 19 
       55 97 00 37 
       00 12 00 30 
       19 04 E3 00 
       93 00 19 04 
       B0 00 9D 00 
       19 55 97 00 
       37 00 12 00 
       0C 19 04 6D 
       00 AE 00 19 
       04 97 00 37 
       00 19 55 B0 
       00 9D 00 7F 
       00 10 12 00 
       05 19 04 A6 
       00 A3 00 19 
       04 AE 00 9D 
       00 19 55 E3 
       00 94 00 12 
       00 05 19 04 
       A6 00 A3 00 
       19 04 6D 00 
       AE 00 19 55 
       AE 00 9D 00 
       12 00 30 19 
       04 E3 00 94 
       00 19 04 96 
       00 37 00 19 
       55 CE 00 46 
       00 12 00 08 
       19 04 6D 00 
       AE 00 19 04 
       5E 00 5C 00 
       19 55 96 00 
       37 00 12 00 
       30 19 04 E3 
       00 94 00 19 
       04 AE 00 9D 
       00 19 55 96 
       00 37 00 12 
       00 08 19 04 
       6D 00 AE 00 
       19 04 96 00 
       37 00 19 55 
       AE 00 9D 00 
       7F 00 10 12 
       00 05 19 04 
       A6 00 A3 00 
       19 04 AD 00 
       9D 00 19 55 
       E3 00 94 00 
       12 00 05 19 
       04 A6 00 A3 
       00 19 04 6D 
       00 AE 00 19 
       55 AD 00 9D 
       00 12 00 30 
       19 04 E3 00 
       94 00 19 04 
       95 00 37 00 
       19 55 CE 00 
       46 00 12 00 
       08 19 04 6D 
       00 AE 00 19 
       04 5E 00 5D 
       00 19 55 95 
       00 37 00 12 
       00 30 19 04 
       E3 00 94 00 
       19 04 AD 00 
       9D 00 19 55 
       95 00 37 00 
       12 00 08 19 
       04 6D 00 AE 
       00 19 04 95 
       00 37 00 19 
       55 AD 00 9D 
       00 7F 00 10 
       12 00 05 19 
       04 A7 00 A3 
       00 19 04 AB 
       00 9D 00 19 
       55 E4 00 94 
       00 12 00 05 
       19 04 A7 00 
       A3 00 19 04 
       6D 00 AE 00 
       19 55 AB 00 
       9D 00 12 00 
       30 19 04 E4 
       00 94 00 19 
       04 94 00 37 
       00 19 55 CE 
       00 46 00 12 
       00 08 19 04 
       6D 00 AE 00 
       19 04 5F 00 
       5D 00 19 55 
       94 00 37 00 
       12 00 30 19 
       04 E4 00 94 
       00 19 04 AB 
       00 9D 00 19 
       55 94 00 37 
       00 12 00 08 
       19 04 6D 00 
       AE 00 19 04 
       94 00 37 00 
       19 55 AB 00 
       9D 00 7F 00 
       10 12 00 05 
       19 04 A8 00 
       A3 00 19 04 
       AA 00 9D 00 
       19 55 E4 00 
       94 00 12 00 
       05 19 04 A8 
       00 A3 00 19 
       04 6D 00 AE 
       00 19 55 AA 
       00 9D 00 12 
       00 30 19 04 
       E4 00 94 00 
       19 04 93 00 
       37 00 19 55 
       CF 00 45 00 
       12 00 08 19 
       04 6D 00 AE 
       00 19 04 5F 
       00 5D 00 19 
       55 93 00 37 
       00 12 00 30 
       19 04 E4 00 
       94 00 19 04 
       AA 00 9D 00 
       19 55 93 00 
       37 00 12 00 
       08 19 04 6D 
       00 AE 00 19 
       04 93 00 37 
       00 19 55 AA 
       00 9D 00 7F 
       00 10 12 00 
       05 19 04 A9 
       00 A3 00 19 
       04 A8 00 9D 
       00 19 55 E4 
       00 94 00 12 
       00 05 19 04 
       A9 00 A3 00 
       19 04 6D 00 
       AE 00 19 55 
       A8 00 9D 00 
       12 00 30 19 
       04 E4 00 94 
       00 19 04 92 
       00 37 00 19 
       55 CF 00 45 
       00 12 00 08 
       19 04 6D 00 
       AE 00 19 04 
       60 00 5D 00 
       19 55 92 00 
       37 00 12 00 
       30 19 04 E4 
       00 94 00 19 
       04 A8 00 9D 
       00 19 55 92 
       00 37 00 12 
       00 08 19 04 
       6D 00 AE 00 
       19 04 92 00 
       37 00 19 55 
       A8 00 9D 00 
       7F 00 10 12 
       00 05 19 04 
       A9 00 A3 00 
       19 04 6D 00 
       AD 00 19 55 
       A6 00 9D 00 
       12 00 05 19 
       04 A9 00 A3 
       00 19 04 A6 
       00 9D 00 19 
       55 E4 00 94 
       00 12 00 08 
       19 04 6D 00 
       AD 00 19 04 
       60 00 5D 00 
       19 55 91 00 
       37 00 12 00 
       30 19 04 E4 
       00 94 00 19 
       04 91 00 37 
       00 19 55 CF 
       00 45 00 12 
       00 08 19 04 
       6D 00 AD 00 
       19 04 91 00 
       37 00 19 55 
       A6 00 9D 00 
       12 00 30 19 
       04 E4 00 94 
       00 19 04 A6 
       00 9D 00 19 
       55 91 00 37 
       00 7F 00 10 
       12 00 05 19 
       04 AA 00 A3 
       00 19 04 6D 
       00 AD 00 19 
       55 A5 00 9D 
       00 12 00 05 
       19 04 AA 00 
       A3 00 19 04 
       A5 00 9D 00 
       19 55 E4 00 
       94 00 12 00 
       08 19 04 6D 
       00 AD 00 19 
       04 60 00 5D 
       00 19 55 90 
       00 37 00 12 
       00 30 19 04 
       E4 00 94 00 
       19 04 90 00 
       37 00 19 55 
       CF 00 45 00 
       12 00 08 19 
       04 6D 00 AD 
       00 19 04 90 
       00 37 00 19 
       55 A5 00 9D 
       00 12 00 30 
       19 04 E4 00 
       94 00 19 04 
       A5 00 9D 00 
       19 55 90 00 
       37 00 7F 00 
       10 12 00 05 
       19 04 AB 00 
       A3 00 19 04 
       6D 00 AD 00 
       19 55 A3 00 
       9D 00 12 00 
       05 19 04 AB 
       00 A3 00 19 
       04 A3 00 9D 
       00 19 55 E4 
       00 95 00 12 
       00 08 19 04 
       6D 00 AD 00 
       19 04 61 00 
       5D 00 19 55 
       8F 00 37 00 
       12 00 30 19 
       04 E4 00 95 
       00 19 04 8F 
       00 37 00 19 
       55 D0 00 45 
       00 12 00 08 
       19 04 6D 00 
       AD 00 19 04 
       8F 00 37 00 
       19 55 A3 00 
       9D 00 12 00 
       30 19 04 E4 
       00 95 00 19 
       04 A3 00 9D 
       00 19 55 8F 
       00 37 00 7F 
       00 10 12 00 
       05 19 04 AB 
       00 A3 00 19 
       04 6D 00 AD 
       00 19 55 A2 
       00 9D 00 12 
       00 05 19 04 
       AB 00 A3 00 
       19 04 A2 00 
       9D 00 19 55 
       E4 00 95 00 
       12 00 08 19 
       04 6D 00 AD 
       00 19 04 61 
       00 5D 00 19 
       55 8E 00 37 
       00 12 00 30 
       19 04 E4 00 
       95 00 19 04 
       8E 00 37 00 
       19 55 D0 00 
       45 00 12 00 
       08 19 04 6D 
       00 AD 00 19 
       04 8E 00 37 
       00 19 55 A2 
       00 9D 00 12 
       00 30 19 04 
       E4 00 95 00 
       19 04 A2 00 
       9D 00 19 55 
       8E 00 37 00 
       7F 00 10 12 
       00 05 19 04 
       AC 00 A3 00 
       19 04 6D 00 
       AC 00 19 55 
       A0 00 9D 00 
       12 00 05 19 
       04 AC 00 A3 
       00 19 04 A0 
       00 9D 00 19 
       55 E4 00 95 
       00 12 00 08 
       19 04 6D 00 
       AC 00 19 04 
       62 00 5D 00 
       19 55 8D 00 
       37 00 12 00 
       30 19 04 E4 
       00 95 00 19 
       04 8D 00 37 
       00 19 55 D0 
       00 44 00 12 
       00 08 19 04 
       6D 00 AC 00 
       19 04 8D 00 
       37 00 19 55 
       A0 00 9D 00 
       12 00 30 19 
       04 E4 00 95 
       00 19 04 A0 
       00 9D 00 19 
       55 8D 00 37 
       00 7F 00 10 
       12 00 05 19 
       04 AD 00 A3 
       00 19 04 6D 
       00 AC 00 19 
       55 9E 00 9E 
       00 12 00 05 
       19 04 AD 00 
       A3 00 19 04 
       9E 00 9E 00 
       19 55 E4 00 
       95 00 12 00 
       08 19 04 6D 
       00 AC 00 19 
       04 62 00 5D 
       00 19 55 8C 
       00 37 00 12 
       00 30 19 04 
       E4 00 95 00 
       19 04 8C 00 
       37 00 19 55 
       D1 00 44 00 
       12 00 08 19 
       04 6D 00 AC 
       00 19 04 8C 
       00 37 00 19 
       55 9E 00 9E 
       00 12 00 30 
       19 04 E4 00 
       95 00 19 04 
       9E 00 9E 00 
       19 55 8C 00 
       37 00 7F 00 
       10 12 00 05 
       19 04 AD 00 
       A3 00 19 04 
       6D 00 AC 00 
       19 55 9D 00 
       9E 00 12 00 
       08 19 04 6D 
       00 AC 00 19 
       04 63 00 5D 
       00 19 55 8B 
       00 38 00 12 
       00 05 19 04 
       AD 00 A3 00 
       19 04 9D 00 
       9E 00 19 55 
       E4 00 96 00 
       12 00 30 19 
       04 E4 00 96 
       00 19 04 8B 
       00 38 00 19 
       55 D1 00 44 
       00 12 00 08 
       19 04 6D 00 
       AC 00 19 04 
       8B 00 38 00 
       19 55 9D 00 
       9E 00 12 00 
       30 19 04 E4 
       00 96 00 19 
       04 9D 00 9E 
       00 19 55 8B 
       00 38 00 7F 
       00 10 12 00 
       05 19 04 AE 
       00 A3 00 19 
       04 6D 00 AC 
       00 19 55 9B 
       00 9E 00 12 
       00 08 19 04 
       6D 00 AC 00 
       19 04 64 00 
       5D 00 19 55 
       8A 00 38 00 
       12 00 05 19 
       04 AE 00 A3 
       00 19 04 9B 
       00 9E 00 19 
       55 E4 00 96 
       00 12 00 30 
       19 04 E4 00 
       96 00 19 04 
       8A 00 38 00 
       19 55 D1 00 
       44 00 12 00 
       08 19 04 6D 
       00 AC 00 19 
       04 8A 00 38 
       00 19 55 9B 
       00 9E 00 12 
       00 30 19 04 
       E4 00 96 00 
       19 04 9B 00 
       9E 00 19 55 
       8A 00 38 00 
       7F 00 10 12 
       00 05 19 04 
       AE 00 A3 00 
       19 04 6D 00 
       AB 00 19 55 
       99 00 9E 00 
       12 00 08 19 
       04 6D 00 AB 
       00 19 04 64 
       00 5D 00 19 
       55 8A 00 38 
       00 12 00 05 
       19 04 AE 00 
       A3 00 19 04 
       99 00 9E 00 
       19 55 E4 00 
       96 00 12 00 
       30 19 04 E4 
       00 96 00 19 
       04 8A 00 38 
       00 19 55 D2 
       00 44 00 12 
       00 08 19 04 
       6D 00 AB 00 
       19 04 8A 00 
       38 00 19 55 
       99 00 9E 00 
       12 00 30 19 
       04 E4 00 96 
       00 19 04 99 
       00 9E 00 19 
       55 8A 00 38 
       00 7F 00 10 
       12 00 05 19 
       04 AF 00 A3 
       00 19 04 6D 
       00 AB 00 19 
       55 98 00 9E 
       00 12 00 08 
       19 04 6D 00 
       AB 00 19 04 
       65 00 5D 00 
       19 55 89 00 
       38 00 12 00 
       05 19 04 AF 
       00 A3 00 19 
       04 98 00 9E 
       00 19 55 E4 
       00 97 00 12 
       00 30 19 04 
       E4 00 97 00 
       19 04 89 00 
       38 00 19 55 
       D2 00 44 00 
       12 00 08 19 
       04 6D 00 AB 
       00 19 04 89 
       00 38 00 19 
       55 98 00 9E 
       00 12 00 30 
       19 04 E4 00 
       97 00 19 04 
       98 00 9E 00 
       19 55 89 00 
       38 00 7F 00 
       10 12 00 05 
       19 04 B0 00 
       A3 00 19 04 
       6D 00 AB 00 
       19 55 96 00 
       9F 00 12 00 
       08 19 04 6D 
       00 AB 00 19 
       04 65 00 5D 
       00 19 55 88 
       00 38 00 12 
       00 05 19 04 
       B0 00 A3 00 
       19 04 96 00 
       9F 00 19 55 
       E4 00 97 00 
       12 00 30 19 
       04 E4 00 97 
       00 19 04 88 
       00 38 00 19 
       55 D2 00 44 
       00 12 00 08 
       19 04 6D 00 
       AB 00 19 04 
       88 00 38 00 
       19 55 96 00 
       9F 00 12 00 
       30 19 04 E4 
       00 97 00 19 
       04 96 00 9F 
       00 19 55 88 
       00 38 00 7F 
       00 10 12 00 
       05 19 04 B0 
       00 A3 00 19 
       04 6D 00 AA 
       00 19 55 94 
       00 9F 00 12 
       00 08 19 04 
       6D 00 AA 00 
       19 04 66 00 
       5D 00 19 55 
       87 00 38 00 
       12 00 05 19 
       04 B0 00 A3 
       00 19 04 94 
       00 9F 00 19 
       55 E4 00 97 
       00 12 00 30 
       19 04 E4 00 
       97 00 19 04 
       87 00 38 00 
       19 55 D3 00 
       44 00 12 00 
       08 19 04 6D 
       00 AA 00 19 
       04 87 00 38 
       00 19 55 94 
       00 9F 00 12 
       00 30 19 04 
       E4 00 97 00 
       19 04 94 00 
       9F 00 19 55 
       87 00 38 00 
       7F 00 10 12 
       00 05 19 04 
       B1 00 A3 00 
       19 04 6D 00 
       AA 00 19 55 
       93 00 9F 00 
       12 00 08 19 
       04 6D 00 AA 
       00 19 04 67 
       00 5D 00 19 
       55 86 00 39 
       00 12 00 05 
       19 04 B1 00 
       A3 00 19 04 
       93 00 9F 00 
       19 55 E4 00 
       98 00 12 00 
       30 19 04 E4 
       00 98 00 19 
       04 86 00 39 
       00 19 55 D3 
       00 44 00 12 
       00 08 19 04 
       6D 00 AA 00 
       19 04 86 00 
       39 00 19 55 
       93 00 9F 00 
       12 00 30 19 
       04 E4 00 98 
       00 19 04 93 
       00 9F 00 19 
       55 86 00 39 
       00 7F 00 10 
       12 00 05 19 
       04 B1 00 A2 
       00 19 04 6E 
       00 AA 00 19 
       55 91 00 9F 
       00 12 00 08 
       19 04 6E 00 
       AA 00 19 04 
       67 00 5C 00 
       19 55 85 00 
       39 00 12 00 
       05 19 04 B1 
       00 A2 00 19 
       04 91 00 9F 
       00 19 55 E3 
       00 98 00 12 
       00 30 19 04 
       E3 00 98 00 
       19 04 85 00 
       39 00 19 55 
       D3 00 44 00 
       12 00 08 19 
       04 6E 00 AA 
       00 19 04 85 
       00 39 00 19 
       55 91 00 9F 
       00 12 00 30 
       19 04 E3 00 
       98 00 19 04 
       91 00 9F 00 
       19 55 85 00 
       39 00 7F 00 
       10 12 00 05 
       19 04 B2 00 
       A2 00 19 04 
       6E 00 A9 00 
       19 55 90 00 
       A0 00 12 00 
       08 19 04 6E 
       00 A9 00 19 
       04 68 00 5C 
       00 19 55 85 
       00 39 00 12 
       00 05 19 04 
       B2 00 A2 00 
       19 04 90 00 
       A0 00 19 55 
       E3 00 99 00 
       12 00 30 19 
       04 E3 00 99 
       00 19 04 85 
       00 39 00 19 
       55 D4 00 43 
       00 12 00 08 
       19 04 6E 00 
       A9 00 19 04 
       85 00 39 00 
       19 55 90 00 
       A0 00 12 00 
       30 19 04 E3 
       00 99 00 19 
       04 90 00 A0 
       00 19 55 85 
       00 39 00 7F 
       00 10 12 00 
       05 19 04 B3 
       00 A2 00 19 
       04 6E 00 A9 
       00 19 55 8E 
       00 A0 00 12 
       00 08 19 04 
       6E 00 A9 00 
       19 04 68 00 
       5C 00 19 55 
       84 00 39 00 
       12 00 05 19 
       04 B3 00 A2 
       00 19 04 8E 
       00 A0 00 19 
       55 E3 00 99 
       00 12 00 30 
       19 04 E3 00 
       99 00 19 04 
       84 00 39 00 
       19 55 D4 00 
       43 00 12 00 
       08 19 04 6E 
       00 A9 00 19 
       04 84 00 39 
       00 19 55 8E 
       00 A0 00 12 
       00 30 19 04 
       E3 00 99 00 
       19 04 8E 00 
       A0 00 19 55 
       84 00 39 00 
       7F 00 10 12 
       00 05 19 04 
       B3 00 A2 00 
       19 04 6E 00 
       A8 00 19 55 
       8C 00 A0 00 
       12 00 08 19 
       04 6E 00 A8 
       00 19 04 69 
       00 5C 00 19 
       55 83 00 3A 
       00 12 00 05 
       19 04 B3 00 
       A2 00 19 04 
       8C 00 A0 00 
       19 55 E3 00 
       99 00 12 00 
       30 19 04 E3 
       00 99 00 19 
       04 83 00 3A 
       00 19 55 D4 
       00 43 00 12 
       00 08 19 04 
       6E 00 A8 00 
       19 04 83 00 
       3A 00 19 55 
       8C 00 A0 00 
       12 00 30 19 
       04 E3 00 99 
       00 19 04 8C 
       00 A0 00 19 
       55 83 00 3A 
       00 7F 00 10 
       12 00 05 19 
       04 B4 00 A2 
       00 19 04 6E 
       00 A8 00 19 
       55 8B 00 A1 
       00 12 00 08 
       19 04 6E 00 
       A8 00 19 04 
       6A 00 5C 00 
       19 55 82 00 
       3A 00 12 00 
       05 19 04 B4 
       00 A2 00 19 
       04 8B 00 A1 
       00 19 55 E2 
       00 9A 00 12 
       00 30 19 04 
       E2 00 9A 00 
       19 04 82 00 
       3A 00 19 55 
       D4 00 43 00 
       12 00 08 19 
       04 6E 00 A8 
       00 19 04 82 
       00 3A 00 19 
       55 8B 00 A1 
       00 12 00 30 
       19 04 E2 00 
       9A 00 19 04 
       8B 00 A1 00 
       19 55 82 00 
       3A 00 7F 00 
       10 12 00 05 
       19 04 B4 00 
       A2 00 19 04 
       6F 00 A8 00 
       19 55 89 00 
       A1 00 12 00 
       08 19 04 6F 
       00 A8 00 19 
       04 6A 00 5C 
       00 19 55 81 
       00 3A 00 12 
       00 05 19 04 
       B4 00 A2 00 
       19 04 89 00 
       A1 00 19 55 
       E2 00 9A 00 
       12 00 30 19 
       04 E2 00 9A 
       00 19 04 81 
       00 3A 00 19 
       55 D5 00 43 
       00 12 00 08 
       19 04 6F 00 
       A8 00 19 04 
       81 00 3A 00 
       19 55 89 00 
       A1 00 12 00 
       30 19 04 E2 
       00 9A 00 19 
       04 89 00 A1 
       00 19 55 81 
       00 3A 00 7F 
       00 10 12 00 
       05 19 04 B5 
       00 A2 00 19 
       04 6F 00 A7 
       00 19 55 88 
       00 A1 00 12 
       00 08 19 04 
       6F 00 A7 00 
       19 04 6B 00 
       5B 00 19 55 
       81 00 3B 00 
       12 00 05 19 
       04 B5 00 A2 
       00 19 04 88 
       00 A1 00 19 
       55 E1 00 9B 
       00 12 00 30 
       19 04 E1 00 
       9B 00 19 04 
       81 00 3B 00 
       19 55 D5 00 
       43 00 12 00 
       08 19 04 6F 
       00 A7 00 19 
       04 81 00 3B 
       00 19 55 88 
       00 A1 00 12 
       00 30 19 04 
       E1 00 9B 00 
       19 04 88 00 
       A1 00 19 55 
       81 00 3B 00 
       7F 00 10 12 
       00 04 19 04 
       6F 00 A7 00 
       19 04 6C 00 
       5B 00 19 55 
       80 00 3B 00 
       12 00 05 19 
       04 B5 00 A1 
       00 19 04 6F 
       00 A7 00 19 
       55 86 00 A2 
       00 12 00 05 
       19 04 B5 00 
       A1 00 19 04 
       86 00 A2 00 
       19 55 E1 00 
       9C 00 12 00 
       30 19 04 E1 
       00 9C 00 19 
       04 80 00 3B 
       00 19 55 D5 
       00 43 00 12 
       00 04 19 04 
       6F 00 A7 00 
       19 04 80 00 
       3B 00 19 55 
       86 00 A2 00 
       12 00 30 19 
       04 E1 00 9C 
       00 19 04 86 
       00 A2 00 19 
       55 80 00 3B 
       00 7F 00 10 
       12 00 04 19 
       04 70 00 A6 
       00 19 04 6D 
       00 5B 00 19 
       55 7F 00 3B 
       00 12 00 05 
       19 04 B6 00 
       A1 00 19 04 
       70 00 A6 00 
       19 55 85 00 
       A2 00 12 00 
       05 19 04 B6 
       00 A1 00 19 
       04 85 00 A2 
       00 19 55 E0 
       00 9C 00 12 
       00 30 19 04 
       E0 00 9C 00 
       19 04 7F 00 
       3B 00 19 55 
       D5 00 43 00 
       12 00 04 19 
       04 70 00 A6 
       00 19 04 7F 
       00 3B 00 19 
       55 85 00 A2 
       00 12 00 30 
       19 04 E0 00 
       9C 00 19 04 
       85 00 A2 00 
       19 55 7F 00 
       3B 00 7F 00 
       10 12 00 04 
       19 04 70 00 
       A6 00 19 04 
       6D 00 5B 00 
       19 55 7E 00 
       3B 00 12 00 
       05 19 04 B7 
       00 A1 00 19 
       04 70 00 A6 
       00 19 55 83 
       00 A2 00 12 
       00 05 19 04 
       B7 00 A1 00 
       19 04 83 00 
       A2 00 19 55 
       E0 00 9D 00 
       12 00 04 19 
       04 70 00 A6 
       00 19 04 7E 
       00 3B 00 19 
       55 83 00 A2 
       00 12 00 30 
       19 04 E0 00 
       9D 00 19 04 
       7E 00 3B 00 
       19 55 D5 00 
       43 00 12 00 
       30 19 04 E0 
       00 9D 00 19 
       04 83 00 A2 
       00 19 55 7E 
       00 3B 00 7F 
       00 10 12 00 
       04 19 04 70 
       00 A5 00 19 
       04 6E 00 5A 
       00 19 55 7D 
       00 3C 00 12 
       00 05 19 04 
       B7 00 A1 00 
       19 04 70 00 
       A5 00 19 55 
       82 00 A3 00 
       12 00 05 19 
       04 B7 00 A1 
       00 19 04 82 
       00 A3 00 19 
       55 DF 00 9D 
       00 12 00 04 
       19 04 70 00 
       A5 00 19 04 
       7D 00 3C 00 
       19 55 82 00 
       A3 00 12 00 
       30 19 04 DF 
       00 9D 00 19 
       04 7D 00 3C 
       00 19 55 D6 
       00 43 00 12 
       00 30 19 04 
       DF 00 9D 00 
       19 04 82 00 
       A3 00 19 55 
       7D 00 3C 00 
       7F 00 10 12 
       00 04 19 04 
       71 00 A5 00 
       19 04 6F 00 
       5A 00 19 55 
       7D 00 3C 00 
       12 00 05 19 
       04 B8 00 A1 
       00 19 04 71 
       00 A5 00 19 
       55 81 00 A3 
       00 12 00 05 
       19 04 B8 00 
       A1 00 19 04 
       81 00 A3 00 
       19 55 DF 00 
       9E 00 12 00 
       04 19 04 71 
       00 A5 00 19 
       04 7D 00 3C 
       00 19 55 81 
       00 A3 00 12 
       00 30 19 04 
       DF 00 9E 00 
       19 04 7D 00 
       3C 00 19 55 
       D6 00 43 00 
       12 00 30 19 
       04 DF 00 9E 
       00 19 04 81 
       00 A3 00 19 
       55 7D 00 3C 
       00 7F 00 10 
       12 00 04 19 
       04 71 00 A4 
       00 19 04 6F 
       00 5A 00 19 
       55 7C 00 3D 
       00 12 00 05 
       19 04 B8 00 
       A0 00 19 04 
       71 00 A4 00 
       19 55 7F 00 
       A4 00 12 00 
       05 19 04 B8 
       00 A0 00 19 
       04 7F 00 A4 
       00 19 55 DE 
       00 9E 00 12 
       00 04 19 04 
       71 00 A4 00 
       19 04 7C 00 
       3D 00 19 55 
       7F 00 A4 00 
       12 00 30 19 
       04 DE 00 9E 
       00 19 04 7C 
       00 3D 00 19 
       55 D6 00 43 
       00 12 00 30 
       19 04 DE 00 
       9E 00 19 04 
       7F 00 A4 00 
       19 55 7C 00 
       3D 00 7F 00 
       10 12 00 04 
       19 04 71 00 
       A4 00 19 04 
       70 00 59 00 
       19 55 7B 00 
       3D 00 12 00 
       05 19 04 B9 
       00 A0 00 19 
       04 71 00 A4 
       00 19 55 7E 
       00 A4 00 12 
       00 05 19 04 
       B9 00 A0 00 
       19 04 7E 00 
       A4 00 19 55 
       DE 00 9F 00 
       12 00 04 19 
       04 71 00 A4 
       00 19 04 7B 
       00 3D 00 19 
       55 7E 00 A4 
       00 12 00 30 
       19 04 DE 00 
       9F 00 19 04 
       7B 00 3D 00 
       19 55 D6 00 
       43 00 12 00 
       30 19 04 DE 
       00 9F 00 19 
       04 7E 00 A4 
       00 19 55 7B 
       00 3D 00 7F 
       00 10 12 00 
       04 19 04 72 
       00 A3 00 19 
       04 71 00 59 
       00 19 55 7A 
       00 3D 00 12 
       00 05 19 04 
       B9 00 A0 00 
       19 04 72 00 
       A3 00 19 55 
       7D 00 A4 00 
       12 00 05 19 
       04 B9 00 A0 
       00 19 04 7D 
       00 A4 00 19 
       55 DD 00 A0 
       00 12 00 04 
       19 04 72 00 
       A3 00 19 04 
       7A 00 3D 00 
       19 55 7D 00 
       A4 00 12 00 
       30 19 04 DD 
       00 A0 00 19 
       04 7A 00 3D 
       00 19 55 D6 
       00 43 00 12 
       00 30 19 04 
       DD 00 A0 00 
       19 04 7D 00 
       A4 00 19 55 
       7A 00 3D 00 
       7F 00 10 12 
       00 04 19 04 
       72 00 A3 00 
       19 04 71 00 
       59 00 19 55 
       7A 00 3E 00 
       12 00 05 19 
       04 BA 00 A0 
       00 19 04 72 
       00 A3 00 19 
       55 7B 00 A5 
       00 12 00 05 
       19 04 BA 00 
       A0 00 19 04 
       7B 00 A5 00 
       19 55 DD 00 
       A0 00 12 00 
       04 19 04 72 
       00 A3 00 19 
       04 7A 00 3E 
       00 19 55 7B 
       00 A5 00 12 
       00 30 19 04 
       DD 00 A0 00 
       19 04 7A 00 
       3E 00 19 55 
       D6 00 43 00 
       12 00 30 19 
       04 DD 00 A0 
       00 19 04 7B 
       00 A5 00 19 
       55 7A 00 3E 
       00 7F 00 10 
       12 00 04 19 
       04 73 00 A2 
       00 19 04 72 
       00 59 00 19 
       55 79 00 3E 
       00 12 00 05 
       19 04 BB 00 
       9F 00 19 04 
       73 00 A2 00 
       19 55 7A 00 
       A5 00 12 00 
       05 19 04 BB 
       00 9F 00 19 
       04 7A 00 A5 
       00 19 55 DC 
       00 A1 00 12 
       00 04 19 04 
       73 00 A2 00 
       19 04 79 00 
       3E 00 19 55 
       7A 00 A5 00 
       12 00 30 19 
       04 DC 00 A1 
       00 19 04 79 
       00 3E 00 19 
       55 D6 00 43 
       00 12 00 30 
       19 04 DC 00 
       A1 00 19 04 
       7A 00 A5 00 
       19 55 79 00 
       3E 00 7F 00 
       10 12 00 04 
       19 04 73 00 
       A2 00 19 04 
       73 00 58 00 
       19 55 78 00 
       3F 00 12 00 
       05 19 04 BB 
       00 9F 00 19 
       04 73 00 A2 
       00 19 55 79 
       00 A5 00 12 
       00 05 19 04 
       BB 00 9F 00 
       19 04 79 00 
       A5 00 19 55 
       DB 00 A1 00 
       12 00 04 19 
       04 73 00 A2 
       00 19 04 78 
       00 3F 00 19 
       55 79 00 A5 
       00 12 00 30 
       19 04 DB 00 
       A1 00 19 04 
       78 00 3F 00 
       19 55 D6 00 
       43 00 12 00 
       30 19 04 DB 
       00 A1 00 19 
       04 79 00 A5 
       00 19 55 78 
       00 3F 00 7F 
       00 10 12 00 
       04 19 04 74 
       00 A1 00 19 
       04 74 00 58 
       00 19 55 77 
       00 3F 00 12 
       00 05 19 04 
       BC 00 9F 00 
       19 04 74 00 
       A1 00 19 55 
       78 00 A6 00 
       12 00 05 19 
       04 BC 00 9F 
       00 19 04 78 
       00 A6 00 19 
       55 DB 00 A2 
       00 12 00 04 
       19 04 74 00 
       A1 00 19 04 
       77 00 3F 00 
       19 55 78 00 
       A6 00 12 00 
       30 19 04 DB 
       00 A2 00 19 
       04 77 00 3F 
       00 19 55 D6 
       00 43 00 12 
       00 30 19 04 
       DB 00 A2 00 
       19 04 78 00 
       A6 00 19 55 
       77 00 3F 00 
       7F 00 10 12 
       00 04 19 04 
       74 00 A1 00 
       19 04 74 00 
       58 00 19 55 
       76 00 40 00 
       12 00 05 19 
       04 BC 00 9F 
       00 19 04 74 
       00 A1 00 19 
       55 77 00 A6 
       00 12 00 05 
       19 04 BC 00 
       9F 00 19 04 
       77 00 A6 00 
       19 55 DA 00 
       A3 00 12 00 
       04 19 04 74 
       00 A1 00 19 
       04 76 00 40 
       00 19 55 77 
       00 A6 00 12 
       00 30 19 04 
       DA 00 A3 00 
       19 04 76 00 
       40 00 19 55 
       D5 00 44 00 
       12 00 30 19 
       04 DA 00 A3 
       00 19 04 77 
       00 A6 00 19 
       55 76 00 40 
       00 7F 00 10 
       12 00 04 19 
       04 75 00 A0 
       00 19 04 75 
       00 57 00 19 
       55 76 00 40 
       00 12 00 05 
       19 04 BD 00 
       9E 00 19 04 
       75 00 A0 00 
       19 55 76 00 
       A7 00 12 00 
       05 19 04 BD 
       00 9E 00 19 
       04 76 00 A7 
       00 19 55 D9 
       00 A3 00 12 
       00 04 19 04 
       75 00 A0 00 
       19 04 76 00 
       40 00 19 55 
       76 00 A7 00 
       12 00 30 19 
       04 D9 00 A3 
       00 19 04 76 
       00 40 00 19 
       55 D5 00 44 
       00 12 00 30 
       19 04 D9 00 
       A3 00 19 04 
       76 00 A7 00 
       19 55 76 00 
       40 00 7F 00 
       10 12 00 04 
       19 04 76 00 
       A0 00 19 04 
       76 00 57 00 
       19 55 75 00 
       41 00 12 00 
       05 19 04 BE 
       00 9E 00 19 
       04 76 00 A0 
       00 19 55 75 
       00 A7 00 12 
       00 05 19 04 
       BE 00 9E 00 
       19 04 75 00 
       A7 00 19 55 
       D8 00 A4 00 
       12 00 04 19 
       04 76 00 A0 
       00 19 04 75 
       00 41 00 19 
       55 75 00 A7 
       00 12 00 30 
       19 04 D8 00 
       A4 00 19 04 
       75 00 41 00 
       19 55 D5 00 
       44 00 12 00 
       30 19 04 D8 
       00 A4 00 19 
       04 75 00 A7 
       00 19 55 75 
       00 41 00 7F 
       00 10 12 00 
       04 19 04 76 
       00 9F 00 19 
       04 76 00 57 
       00 19 55 74 
       00 41 00 12 
       00 05 19 04 
       BE 00 9E 00 
       19 04 76 00 
       9F 00 19 55 
       74 00 A7 00 
       12 00 05 19 
       04 BE 00 9E 
       00 19 04 74 
       00 A7 00 19 
       55 D8 00 A5 
       00 12 00 04 
       19 04 76 00 
       9F 00 19 04 
       74 00 41 00 
       19 55 74 00 
       A7 00 12 00 
       30 19 04 D8 
       00 A5 00 19 
       04 74 00 41 
       00 19 55 D5 
       00 44 00 12 
       00 30 19 04 
       D8 00 A5 00 
       19 04 74 00 
       A7 00 19 55 
       74 00 41 00 
       7F 00 10 12 
       00 04 19 04 
       77 00 9F 00 
       19 04 77 00 
       56 00 19 55 
       73 00 42 00 
       12 00 05 19 
       04 BF 00 9D 
       00 19 04 77 
       00 9F 00 19 
       55 73 00 A8 
       00 12 00 05 
       19 04 BF 00 
       9D 00 19 04 
       73 00 A8 00 
       19 55 D7 00 
       A5 00 12 00 
       04 19 04 77 
       00 9F 00 19 
       04 73 00 42 
       00 19 55 73 
       00 A8 00 12 
       00 30 19 04 
       D7 00 A5 00 
       19 04 73 00 
       42 00 19 55 
       D5 00 44 00 
       12 00 30 19 
       04 D7 00 A5 
       00 19 04 73 
       00 A8 00 19 
       55 73 00 42 
       00 7F 00 10 
       12 00 04 19 
       04 77 00 9E 
       00 19 04 78 
       00 56 00 19 
       55 72 00 42 
       00 12 00 05 
       19 04 BF 00 
       9D 00 19 04 
       77 00 9E 00 
       19 55 72 00 
       A8 00 12 00 
       05 19 04 BF 
       00 9D 00 19 
       04 72 00 A8 
       00 19 55 D6 
       00 A6 00 12 
       00 04 19 04 
       77 00 9E 00 
       19 04 72 00 
       42 00 19 55 
       72 00 A8 00 
       12 00 30 19 
       04 D6 00 A6 
       00 19 04 72 
       00 42 00 19 
       55 D4 00 44 
       00 12 00 30 
       19 04 D6 00 
       A6 00 19 04 
       72 00 A8 00 
       19 55 72 00 
       42 00 7F 00 
       10 12 00 04 
       19 04 78 00 
       9E 00 19 04 
       78 00 55 00 
       19 55 72 00 
       43 00 12 00 
       05 19 04 C0 
       00 9D 00 19 
       04 78 00 9E 
       00 19 55 71 
       00 A8 00 12 
       00 05 19 04 
       C0 00 9D 00 
       19 04 71 00 
       A8 00 19 55 
       D5 00 A6 00 
       12 00 04 19 
       04 78 00 9E 
       00 19 04 72 
       00 43 00 19 
       55 71 00 A8 
       00 12 00 30 
       19 04 D5 00 
       A6 00 19 04 
       72 00 43 00 
       19 55 D4 00 
       44 00 12 00 
       30 19 04 D5 
       00 A6 00 19 
       04 71 00 A8 
       00 19 55 72 
       00 43 00 7F 
       00 10 12 00 
       04 19 04 79 
       00 9D 00 19 
       04 79 00 55 
       00 19 55 71 
       00 43 00 12 
       00 05 19 04 
       C1 00 9D 00 
       19 04 79 00 
       9D 00 19 55 
       70 00 A8 00 
       12 00 05 19 
       04 C1 00 9D 
       00 19 04 70 
       00 A8 00 19 
       55 D5 00 A7 
       00 12 00 04 
       19 04 79 00 
       9D 00 19 04 
       71 00 43 00 
       19 55 70 00 
       A8 00 12 00 
       30 19 04 D5 
       00 A7 00 19 
       04 71 00 43 
       00 19 55 D4 
       00 45 00 12 
       00 30 19 04 
       D5 00 A7 00 
       19 04 70 00 
       A8 00 19 55 
       71 00 43 00 
       7F 00 10 12 
       00 04 19 04 
       7A 00 9D 00 
       19 04 7A 00 
       55 00 19 55 
       70 00 44 00 
       12 00 05 19 
       04 C1 00 9C 
       00 19 04 7A 
       00 9D 00 19 
       55 6F 00 A9 
       00 12 00 05 
       19 04 C1 00 
       9C 00 19 04 
       6F 00 A9 00 
       19 55 D4 00 
       A8 00 12 00 
       04 19 04 7A 
       00 9D 00 19 
       04 70 00 44 
       00 19 55 6F 
       00 A9 00 12 
       00 30 19 04 
       D4 00 A8 00 
       19 04 70 00 
       44 00 19 55 
       D3 00 45 00 
       12 00 30 19 
       04 D4 00 A8 
       00 19 04 6F 
       00 A9 00 19 
       55 70 00 44 
       00 7F 00 10 
       12 00 04 19 
       04 7A 00 9C 
       00 19 04 7A 
       00 54 00 19 
       55 6F 00 44 
       00 12 00 05 
       19 04 C2 00 
       9C 00 19 04 
       7A 00 9C 00 
       19 55 6F 00 
       A9 00 12 00 
       05 19 04 C2 
       00 9C 00 19 
       04 6F 00 A9 
       00 19 55 D3 
       00 A8 00 12 
       00 04 19 04 
       7A 00 9C 00 
       19 04 6F 00 
       44 00 19 55 
       6F 00 A9 00 
       12 00 30 19 
       04 D3 00 A8 
       00 19 04 6F 
       00 44 00 19 
       55 D3 00 45 
       00 12 00 30 
       19 04 D3 00 
       A8 00 19 04 
       6F 00 A9 00 
       19 55 6F 00 
       44 00 7F 00 
       10 12 00 04 
       19 04 7B 00 
       9C 00 19 04 
       7B 00 54 00 
       19 55 6E 00 
       45 00 12 00 
       05 19 04 C3 
       00 9C 00 19 
       04 7B 00 9C 
       00 19 55 6E 
       00 A9 00 12 
       00 05 19 04 
       C3 00 9C 00 
       19 04 6E 00 
       A9 00 19 55 
       D2 00 A9 00 
       12 00 04 19 
       04 7B 00 9C 
       00 19 04 6E 
       00 45 00 19 
       55 6E 00 A9 
       00 12 00 30 
       19 04 D2 00 
       A9 00 19 04 
       6E 00 45 00 
       19 55 D2 00 
       45 00 12 00 
       30 19 04 D2 
       00 A9 00 19 
       04 6E 00 A9 
       00 19 55 6E 
       00 45 00 7F 
       00 10 12 00 
       04 19 04 7C 
       00 9B 00 19 
       04 7C 00 54 
       00 19 55 6E 
       00 46 00 12 
       00 05 19 04 
       C3 00 9B 00 
       19 04 7C 00 
       9B 00 19 55 
       6E 00 AA 00 
       12 00 05 19 
       04 C3 00 9B 
       00 19 04 6E 
       00 AA 00 19 
       55 D2 00 AA 
       00 12 00 04 
       19 04 7C 00 
       9B 00 19 04 
       6E 00 46 00 
       19 55 6E 00 
       AA 00 12 00 
       30 19 04 D2 
       00 AA 00 19 
       04 6E 00 AA 
       00 19 55 6E 
       00 46 00 12 
       00 30 19 04 
       D2 00 AA 00 
       19 04 6E 00 
       46 00 19 55 
       D2 00 46 00 
       7F 00 10 12 
       00 22 19 04 
       C4 00 53 00 
       19 04 6D 00 
       46 00 19 55 
       7C 00 53 00 
       12 00 14 19 
       04 C4 00 9B 
       00 19 04 D1 
       00 46 00 19 
       55 C4 00 53 
       00 12 00 14 
       19 04 C4 00 
       9B 00 19 04 
       D1 00 AA 00 
       19 55 D1 00 
       46 00 12 00 
       22 19 04 C4 
       00 53 00 19 
       04 D1 00 46 
       00 19 55 6D 
       00 46 00 12 
       00 30 19 04 
       D1 00 AA 00 
       19 04 6D 00 
       AA 00 19 55 
       6D 00 46 00 
       12 00 30 19 
       04 D1 00 AA 
       00 19 04 6D 
       00 46 00 19 
       55 D1 00 46 
       00 7F 00 10 
       12 00 22 19 
       04 C5 00 53 
       00 19 04 6C 
       00 47 00 19 
       55 7D 00 53 
       00 12 00 14 
       19 04 C5 00 
       9B 00 19 04 
       D0 00 46 00 
       19 55 C5 00 
       53 00 12 00 
       14 19 04 C5 
       00 9B 00 19 
       04 D0 00 AB 
       00 19 55 D0 
       00 46 00 12 
       00 22 19 04 
       C5 00 53 00 
       19 04 D0 00 
       46 00 19 55 
       6C 00 47 00 
       12 00 30 19 
       04 D0 00 AB 
       00 19 04 6C 
       00 AA 00 19 
       55 6C 00 47 
       00 12 00 30 
       19 04 D0 00 
       AB 00 19 04 
       6C 00 47 00 
       19 55 D0 00 
       46 00 7F 00 
       10 12 00 22 
       19 04 C5 00 
       52 00 19 04 
       6B 00 47 00 
       19 55 7E 00 
       53 00 12 00 
       14 19 04 C5 
       00 9A 00 19 
       04 D0 00 46 
       00 19 55 C5 
       00 52 00 12 
       00 14 19 04 
       C5 00 9A 00 
       19 04 CF 00 
       AB 00 19 55 
       D0 00 46 00 
       12 00 22 19 
       04 C5 00 52 
       00 19 04 D0 
       00 46 00 19 
       55 6B 00 47 
       00 12 00 30 
       19 04 CF 00 
       AB 00 19 04 
       6C 00 AA 00 
       19 55 6B 00 
       47 00 12 00 
       30 19 04 CF 
       00 AB 00 19 
       04 6B 00 47 
       00 19 55 D0 
       00 46 00 7F 
       00 10 12 00 
       22 19 04 C6 
       00 52 00 19 
       04 6A 00 48 
       00 19 55 7E 
       00 52 00 12 
       00 14 19 04 
       C6 00 9A 00 
       19 04 CF 00 
       47 00 19 55 
       C6 00 52 00 
       12 00 14 19 
       04 C6 00 9A 
       00 19 04 CE 
       00 AC 00 19 
       55 CF 00 47 
       00 12 00 22 
       19 04 C6 00 
       52 00 19 04 
       CF 00 47 00 
       19 55 6A 00 
       48 00 12 00 
       30 19 04 CE 
       00 AC 00 19 
       04 6B 00 AA 
       00 19 55 6A 
       00 48 00 12 
       00 30 19 04 
       CE 00 AC 00 
       19 04 6A 00 
       48 00 19 55 
       CF 00 47 00 
       7F 00 10 12 
       00 22 19 04 
       C7 00 51 00 
       19 04 6A 00 
       49 00 19 55 
       7F 00 52 00 
       12 00 14 19 
       04 C7 00 9A 
       00 19 04 CE 
       00 47 00 19 
       55 C7 00 51 
       00 12 00 14 
       19 04 C7 00 
       9A 00 19 04 
       CD 00 AC 00 
       19 55 CE 00 
       47 00 12 00 
       22 19 04 C7 
       00 51 00 19 
       04 CE 00 47 
       00 19 55 6A 
       00 49 00 12 
       00 30 19 04 
       CD 00 AC 00 
       19 04 6B 00 
       AB 00 19 55 
       6A 00 49 00 
       12 00 30 19 
       04 CD 00 AC 
       00 19 04 6A 
       00 49 00 19 
       55 CE 00 47 
       00 7F 00 10 
       12 00 22 19 
       04 C8 00 51 
       00 19 04 69 
       00 49 00 19 
       55 80 00 52 
       00 12 00 14 
       19 04 C7 00 
       99 00 19 04 
       CD 00 47 00 
       19 55 C8 00 
       51 00 12 00 
       14 19 04 C7 
       00 99 00 19 
       04 CD 00 AD 
       00 19 55 CD 
       00 47 00 12 
       00 22 19 04 
       C8 00 51 00 
       19 04 CD 00 
       47 00 19 55 
       69 00 49 00 
       12 00 30 19 
       04 CD 00 AD 
       00 19 04 6B 
       00 AB 00 19 
       55 69 00 49 
       00 12 00 30 
       19 04 CD 00 
       AD 00 19 04 
       69 00 49 00 
       19 55 CD 00 
       47 00 7F 00 
       10 12 00 22 
       19 04 C8 00 
       50 00 19 04 
       68 00 4A 00 
       19 55 80 00 
       52 00 12 00 
       14 19 04 C8 
       00 99 00 19 
       04 CC 00 47 
       00 19 55 C8 
       00 50 00 12 
       00 14 19 04 
       C8 00 99 00 
       19 04 CC 00 
       AD 00 19 55 
       CC 00 47 00 
       12 00 22 19 
       04 C8 00 50 
       00 19 04 CC 
       00 47 00 19 
       55 68 00 4A 
       00 12 00 30 
       19 04 CC 00 
       AD 00 19 04 
       6A 00 AB 00 
       19 55 68 00 
       4A 00 12 00 
       30 19 04 CC 
       00 AD 00 19 
       04 68 00 4A 
       00 19 55 CC 
       00 47 00 7F 
       00 10 12 00 
       22 19 04 C9 
       00 50 00 19 
       04 67 00 4A 
       00 19 55 81 
       00 51 00 12 
       00 14 19 04 
       C9 00 98 00 
       19 04 CB 00 
       48 00 19 55 
       C9 00 50 00 
       12 00 14 19 
       04 C9 00 98 
       00 19 04 CB 
       00 AE 00 19 
       55 CB 00 48 
       00 12 00 22 
       19 04 C9 00 
       50 00 19 04 
       CB 00 48 00 
       19 55 67 00 
       4A 00 12 00 
       30 19 04 CB 
       00 AE 00 19 
       04 6A 00 AB 
       00 19 55 67 
       00 4A 00 12 
       00 30 19 04 
       CB 00 AE 00 
       19 04 67 00 
       4A 00 19 55 
       CB 00 48 00 
       7F 00 10 12 
       00 22 19 04 
       C9 00 4F 00 
       19 04 67 00 
       4B 00 19 55 
       81 00 51 00 
       12 00 14 19 
       04 C9 00 98 
       00 19 04 CA 
       00 48 00 19 
       55 C9 00 4F 
       00 12 00 14 
       19 04 C9 00 
       98 00 19 04 
       CA 00 AE 00 
       19 55 CA 00 
       48 00 12 00 
       22 19 04 C9 
       00 4F 00 19 
       04 CA 00 48 
       00 19 55 67 
       00 4B 00 12 
       00 30 19 04 
       CA 00 AE 00 
       19 04 6A 00 
       AB 00 19 55 
       67 00 4B 00 
       12 00 30 19 
       04 CA 00 AE 
       00 19 04 67 
       00 4B 00 19 
       55 CA 00 48 
       00 7F 00 10 
       12 00 22 19 
       04 CA 00 4F 
       00 19 04 66 
       00 4C 00 19 
       55 82 00 51 
       00 12 00 14 
       19 04 CA 00 
       98 00 19 04 
       C9 00 48 00 
       19 55 CA 00 
       4F 00 12 00 
       14 19 04 CA 
       00 98 00 19 
       04 C9 00 AF 
       00 19 55 C9 
       00 48 00 12 
       00 22 19 04 
       CA 00 4F 00 
       19 04 C9 00 
       48 00 19 55 
       66 00 4C 00 
       12 00 30 19 
       04 C9 00 AF 
       00 19 04 6A 
       00 AB 00 19 
       55 66 00 4C 
       00 12 00 30 
       19 04 C9 00 
       AF 00 19 04 
       66 00 4C 00 
       19 55 C9 00 
       48 00 7F 00 
       10 12 00 22 
       19 04 CB 00 
       4E 00 19 04 
       65 00 4C 00 
       19 55 83 00 
       50 00 12 00 
       14 19 04 CB 
       00 97 00 19 
       04 C8 00 49 
       00 19 55 CB 
       00 4E 00 12 
       00 14 19 04 
       CB 00 97 00 
       19 04 C9 00 
       AF 00 19 55 
       C8 00 49 00 
       12 00 22 19 
       04 CB 00 4E 
       00 19 04 C8 
       00 49 00 19 
       55 65 00 4C 
       00 12 00 30 
       19 04 C9 00 
       AF 00 19 04 
       6A 00 AB 00 
       19 55 65 00 
       4C 00 12 00 
       30 19 04 C9 
       00 AF 00 19 
       04 65 00 4C 
       00 19 55 C8 
       00 49 00 7F 
       00 10 12 00 
       22 19 04 CB 
       00 4E 00 19 
       04 64 00 4D 
       00 19 55 83 
       00 50 00 12 
       00 28 19 04 
       CB 00 97 00 
       19 04 C7 00 
       49 00 19 55 
       CB 00 4E 00 
       12 00 28 19 
       04 CB 00 97 
       00 19 04 C8 
       00 B0 00 19 
       55 C7 00 49 
       00 12 00 22 
       19 04 CB 00 
       4E 00 19 04 
       C7 00 49 00 
       19 55 64 00 
       4D 00 12 00 
       30 19 04 C8 
       00 B0 00 19 
       04 69 00 AC 
       00 19 55 64 
       00 4D 00 12 
       00 30 19 04 
       C8 00 B0 00 
       19 04 64 00 
       4D 00 19 55 
       C7 00 49 00 
       7F 00 10 12 
       00 22 19 04 
       CC 00 4D 00 
       19 04 64 00 
       4E 00 19 55 
       84 00 50 00 
       12 00 28 19 
       04 CC 00 97 
       00 19 04 C6 
       00 4A 00 19 
       55 CC 00 4D 
       00 12 00 28 
       19 04 CC 00 
       97 00 19 04 
       C7 00 B0 00 
       19 55 C6 00 
       4A 00 12 00 
       22 19 04 CC 
       00 4D 00 19 
       04 C6 00 4A 
       00 19 55 64 
       00 4E 00 12 
       00 30 19 04 
       C7 00 B0 00 
       19 04 69 00 
       AC 00 19 55 
       64 00 4E 00 
       12 00 30 19 
       04 C7 00 B0 
       00 19 04 64 
       00 4E 00 19 
       55 C6 00 4A 
       00 7F 00 10 
       12 00 22 19 
       04 CC 00 4D 
       00 19 04 63 
       00 4E 00 19 
       55 84 00 50 
       00 12 00 28 
       19 04 CD 00 
       96 00 19 04 
       C5 00 4A 00 
       19 55 CC 00 
       4D 00 12 00 
       28 19 04 CD 
       00 96 00 19 
       04 C6 00 B1 
       00 19 55 C5 
       00 4A 00 12 
       00 22 19 04 
       CC 00 4D 00 
       19 04 C5 00 
       4A 00 19 55 
       63 00 4E 00 
       12 00 30 19 
       04 C6 00 B1 
       00 19 04 69 
       00 AC 00 19 
       55 63 00 4E 
       00 12 00 30 
       19 04 C6 00 
       B1 00 19 04 
       63 00 4E 00 
       19 55 C5 00 
       4A 00 7F 00 
       10 12 00 22 
       19 04 CD 00 
       4C 00 19 04 
       62 00 4F 00 
       19 55 85 00 
       4F 00 12 00 
       28 19 04 CE 
       00 96 00 19 
       04 C4 00 4A 
       00 19 55 CD 
       00 4C 00 12 
       00 28 19 04 
       CE 00 96 00 
       19 04 C5 00 
       B1 00 19 55 
       C4 00 4A 00 
       12 00 22 19 
       04 CD 00 4C 
       00 19 04 C4 
       00 4A 00 19 
       55 62 00 4F 
       00 12 00 30 
       19 04 C5 00 
       B1 00 19 04 
       69 00 AC 00 
       19 55 62 00 
       4F 00 12 00 
       30 19 04 C5 
       00 B1 00 19 
       04 62 00 4F 
       00 19 55 C4 
       00 4A 00 7F 
       00 10 12 00 
       22 19 04 CD 
       00 4C 00 19 
       04 62 00 4F 
       00 19 55 86 
       00 4F 00 12 
       00 28 19 04 
       CE 00 96 00 
       19 04 C2 00 
       4B 00 19 55 
       CD 00 4C 00 
       12 00 28 19 
       04 CE 00 96 
       00 19 04 C5 
       00 B2 00 19 
       55 C2 00 4B 
       00 12 00 22 
       19 04 CD 00 
       4C 00 19 04 
       C2 00 4B 00 
       19 55 62 00 
       4F 00 12 00 
       30 19 04 C5 
       00 B2 00 19 
       04 69 00 AC 
       00 19 55 62 
       00 4F 00 12 
       00 30 19 04 
       C5 00 B2 00 
       19 04 62 00 
       4F 00 19 55 
       C2 00 4B 00 
       7F 00 10 12 
       00 22 19 04 
       CE 00 4B 00 
       19 04 61 00 
       50 00 19 55 
       86 00 4F 00 
       12 00 28 19 
       04 CF 00 96 
       00 19 04 C1 
       00 4B 00 19 
       55 CE 00 4B 
       00 12 00 28 
       19 04 CF 00 
       96 00 19 04 
       C4 00 B2 00 
       19 55 C1 00 
       4B 00 12 00 
       22 19 04 CE 
       00 4B 00 19 
       04 C1 00 4B 
       00 19 55 61 
       00 50 00 12 
       00 30 19 04 
       C4 00 B2 00 
       19 04 69 00 
       AC 00 19 55 
       61 00 50 00 
       12 00 30 19 
       04 C4 00 B2 
       00 19 04 61 
       00 50 00 19 
       55 C1 00 4B 
       00 7F 00 10 
       12 00 22 19 
       04 CE 00 4B 
       00 19 04 61 
       00 51 00 19 
       55 87 00 4F 
       00 12 00 28 
       19 04 D0 00 
       95 00 19 04 
       C0 00 4B 00 
       19 55 CE 00 
       4B 00 12 00 
       28 19 04 D0 
       00 95 00 19 
       04 C3 00 B2 
       00 19 55 C0 
       00 4B 00 12 
       00 22 19 04 
       CE 00 4B 00 
       19 04 C0 00 
       4B 00 19 55 
       61 00 51 00 
       12 00 30 19 
       04 C3 00 B2 
       00 19 04 69 
       00 AC 00 19 
       55 61 00 51 
       00 12 00 30 
       19 04 C3 00 
       B2 00 19 04 
       61 00 51 00 
       19 55 C0 00 
       4B 00 7F 00 
       10 12 00 22 
       19 04 CE 00 
       4A 00 19 04 
       60 00 51 00 
       19 55 87 00 
       4E 00 12 00 
       28 19 04 D0 
       00 95 00 19 
       04 BE 00 4C 
       00 19 55 CE 
       00 4A 00 12 
       00 28 19 04 
       D0 00 95 00 
       19 04 C2 00 
       B3 00 19 55 
       BE 00 4C 00 
       12 00 22 19 
       04 CE 00 4A 
       00 19 04 BE 
       00 4C 00 19 
       55 60 00 51 
       00 12 00 30 
       19 04 C2 00 
       B3 00 19 04 
       69 00 AC 00 
       19 55 60 00 
       51 00 12 00 
       30 19 04 C2 
       00 B3 00 19 
       04 60 00 51 
       00 19 55 BE 
       00 4C 00 7F 
       00 10 12 00 
       22 19 04 CF 
       00 4A 00 19 
       04 60 00 52 
       00 19 55 88 
       00 4E 00 12 
       00 28 19 04 
       D1 00 95 00 
       19 04 BD 00 
       4C 00 19 55 
       CF 00 4A 00 
       12 00 28 19 
       04 D1 00 95 
       00 19 04 C2 
       00 B3 00 19 
       55 BD 00 4C 
       00 12 00 22 
       19 04 CF 00 
       4A 00 19 04 
       BD 00 4C 00 
       19 55 60 00 
       52 00 12 00 
       30 19 04 C2 
       00 B3 00 19 
       04 69 00 AC 
       00 19 55 60 
       00 52 00 12 
       00 30 19 04 
       C2 00 B3 00 
       19 04 60 00 
       52 00 19 55 
       BD 00 4C 00 
       7F 00 10 12 
       00 22 19 04 
       CF 00 49 00 
       19 04 5F 00 
       52 00 19 55 
       88 00 4E 00 
       12 00 28 19 
       04 D2 00 94 
       00 19 04 BC 
       00 4D 00 19 
       55 CF 00 49 
       00 12 00 28 
       19 04 D2 00 
       94 00 19 04 
       C1 00 B4 00 
       19 55 BC 00 
       4D 00 12 00 
       22 19 04 CF 
       00 49 00 19 
       04 BC 00 4D 
       00 19 55 5F 
       00 52 00 12 
       00 30 19 04 
       C1 00 B4 00 
       19 04 6A 00 
       AC 00 19 55 
       5F 00 52 00 
       12 00 30 19 
       04 C1 00 B4 
       00 19 04 5F 
       00 52 00 19 
       55 BC 00 4D 
       00 7F 00 10 
       12 00 22 19 
       04 CF 00 49 
       00 19 04 5F 
       00 53 00 19 
       55 89 00 4E 
       00 12 00 28 
       19 04 D2 00 
       94 00 19 04 
       BA 00 4D 00 
       19 55 CF 00 
       49 00 12 00 
       28 19 04 D2 
       00 94 00 19 
       04 C0 00 B4 
       00 19 55 BA 
       00 4D 00 12 
       00 22 19 04 
       CF 00 49 00 
       19 04 BA 00 
       4D 00 19 55 
       5F 00 53 00 
       12 00 30 19 
       04 C0 00 B4 
       00 19 04 6A 
       00 AC 00 19 
       55 5F 00 53 
       00 12 00 30 
       19 04 C0 00 
       B4 00 19 04 
       5F 00 53 00 
       19 55 BA 00 
       4D 00 7F 00 
       10 12 00 22 
       19 04 D0 00 
       48 00 19 04 
       5E 00 53 00 
       19 55 8A 00 
       4E 00 12 00 
       28 19 04 D3 
       00 94 00 19 
       04 B9 00 4D 
       00 19 55 D0 
       00 48 00 12 
       00 28 19 04 
       D3 00 94 00 
       19 04 BF 00 
       B4 00 19 55 
       B9 00 4D 00 
       12 00 22 19 
       04 D0 00 48 
       00 19 04 B9 
       00 4D 00 19 
       55 5E 00 53 
       00 12 00 30 
       19 04 BF 00 
       B4 00 19 04 
       6A 00 AC 00 
       19 55 5E 00 
       53 00 12 00 
       30 19 04 BF 
       00 B4 00 19 
       04 5E 00 53 
       00 19 55 B9 
       00 4D 00 7F 
       00 10 12 00 
       22 19 04 D0 
       00 48 00 19 
       04 5E 00 54 
       00 19 55 8A 
       00 4D 00 12 
       00 28 19 04 
       D4 00 94 00 
       19 04 B7 00 
       4E 00 19 55 
       D0 00 48 00 
       12 00 22 19 
       04 D0 00 48 
       00 19 04 B7 
       00 4E 00 19 
       55 5E 00 54 
       00 12 00 28 
       19 04 D4 00 
       94 00 19 04 
       BE 00 B4 00 
       19 55 B7 00 
       4E 00 12 00 
       30 19 04 BE 
       00 B4 00 19 
       04 6A 00 AC 
       00 19 55 5E 
       00 54 00 12 
       00 30 19 04 
       BE 00 B4 00 
       19 04 5E 00 
       54 00 19 55 
       B7 00 4E 00 
       7F 00 10 12 
       00 22 19 04 
       D0 00 47 00 
       19 04 5D 00 
       55 00 19 55 
       8B 00 4D 00 
       12 00 28 19 
       04 D5 00 93 
       00 19 04 B6 
       00 4E 00 19 
       55 D0 00 47 
       00 12 00 22 
       19 04 D0 00 
       47 00 19 04 
       B6 00 4E 00 
       19 55 5D 00 
       55 00 12 00 
       28 19 04 D5 
       00 93 00 19 
       04 BE 00 B5 
       00 19 55 B6 
       00 4E 00 12 
       00 30 19 04 
       BE 00 B5 00 
       19 04 6A 00 
       AC 00 19 55 
       5D 00 55 00 
       12 00 30 19 
       04 BE 00 B5 
       00 19 04 5D 
       00 55 00 19 
       55 B6 00 4E 
       00 7F 00 10 
       12 00 22 19 
       04 D1 00 47 
       00 19 04 5D 
       00 55 00 19 
       55 8B 00 4D 
       00 12 00 28 
       19 04 D5 00 
       93 00 19 04 
       B4 00 4E 00 
       19 55 D1 00 
       47 00 12 00 
       22 19 04 D1 
       00 47 00 19 
       04 B4 00 4E 
       00 19 55 5D 
       00 55 00 12 
       00 30 19 04 
       BD 00 B5 00 
       19 04 6B 00 
       AC 00 19 55 
       5D 00 55 00 
       12 00 28 19 
       04 D5 00 93 
       00 19 04 BD 
       00 B5 00 19 
       55 B4 00 4E 
       00 12 00 30 
       19 04 BD 00 
       B5 00 19 04 
       5D 00 55 00 
       19 55 B4 00 
       4E 00 7F 00 
       10 12 00 22 
       19 04 D1 00 
       47 00 19 04 
       5C 00 56 00 
       19 55 8C 00 
       4D 00 12 00 
       28 19 04 D6 
       00 93 00 19 
       04 B3 00 4F 
       00 19 55 D1 
       00 47 00 12 
       00 30 19 04 
       BC 00 B5 00 
       19 04 6B 00 
       AC 00 19 55 
       5C 00 56 00 
       12 00 22 19 
       04 D1 00 47 
       00 19 04 B3 
       00 4F 00 19 
       55 5C 00 56 
       00 12 00 28 
       19 04 D6 00 
       93 00 19 04 
       BC 00 B5 00 
       19 55 B3 00 
       4F 00 12 00 
       30 19 04 BC 
       00 B5 00 19 
       04 5C 00 56 
       00 19 55 B3 
       00 4F 00 7F 
       00 10 12 00 
       22 19 04 D1 
       00 46 00 19 
       04 5C 00 56 
       00 19 55 8C 
       00 4D 00 12 
       00 28 19 04 
       D7 00 93 00 
       19 04 B1 00 
       4F 00 19 55 
       D1 00 46 00 
       12 00 30 19 
       04 BB 00 B6 
       00 19 04 6B 
       00 AC 00 19 
       55 5C 00 56 
       00 12 00 22 
       19 04 D1 00 
       46 00 19 04 
       B1 00 4F 00 
       19 55 5C 00 
       56 00 12 00 
       28 19 04 D7 
       00 93 00 19 
       04 BB 00 B6 
       00 19 55 B1 
       00 4F 00 12 
       00 30 19 04 
       BB 00 B6 00 
       19 04 5C 00 
       56 00 19 55 
       B1 00 4F 00 
       7F 00 10 12 
       00 22 19 04 
       D1 00 46 00 
       19 04 5C 00 
       56 00 19 55 
       8D 00 4D 00 
       12 00 28 19 
       04 D7 00 93 
       00 19 04 AF 
       00 4F 00 19 
       55 D1 00 46 
       00 12 00 30 
       19 04 BA 00 
       B6 00 19 04 
       6B 00 AC 00 
       19 55 5C 00 
       56 00 12 00 
       22 19 04 D1 
       00 46 00 19 
       04 AF 00 4F 
       00 19 55 5C 
       00 56 00 12 
       00 28 19 04 
       D7 00 93 00 
       19 04 BA 00 
       B6 00 19 55 
       AF 00 4F 00 
       12 00 30 19 
       04 BA 00 B6 
       00 19 04 5C 
       00 56 00 19 
       55 AF 00 4F 
       00 7F 00 10 
       12 00 22 19 
       04 D1 00 45 
       00 19 04 5C 
       00 57 00 19 
       55 8E 00 4D 
       00 12 00 28 
       19 04 D8 00 
       93 00 19 04 
       AE 00 50 00 
       19 55 D1 00 
       45 00 12 00 
       30 19 04 BA 
       00 B6 00 19 
       04 6C 00 AB 
       00 19 55 5C 
       00 57 00 12 
       00 22 19 04 
       D1 00 45 00 
       19 04 AE 00 
       50 00 19 55 
       5C 00 57 00 
       12 00 28 19 
       04 D8 00 93 
       00 19 04 BA 
       00 B6 00 19 
       55 AE 00 50 
       00 12 00 30 
       19 04 BA 00 
       B6 00 19 04 
       5C 00 57 00 
       19 55 AE 00 
       50 00 7F 00 
       10 12 00 22 
       19 04 D2 00 
       45 00 19 04 
       5B 00 57 00 
       19 55 8E 00 
       4C 00 12 00 
       28 19 04 D8 
       00 92 00 19 
       04 AC 00 50 
       00 19 55 D2 
       00 45 00 12 
       00 30 19 04 
       B9 00 B6 00 
       19 04 6C 00 
       AB 00 19 55 
       5B 00 57 00 
       12 00 22 19 
       04 D2 00 45 
       00 19 04 AC 
       00 50 00 19 
       55 5B 00 57 
       00 12 00 28 
       19 04 D8 00 
       92 00 19 04 
       B9 00 B6 00 
       19 55 AC 00 
       50 00 12 00 
       30 19 04 B9 
       00 B6 00 19 
       04 5B 00 57 
       00 19 55 AC 
       00 50 00 7F 
       00 10 12 00 
       22 19 04 D2 
       00 45 00 19 
       04 5B 00 58 
       00 19 55 8F 
       00 4C 00 12 
       00 28 19 04 
       D9 00 92 00 
       19 04 AB 00 
       50 00 19 55 
       D2 00 45 00 
       12 00 20 19 
       04 B8 00 B7 
       00 19 04 6C 
       00 AB 00 19 
       55 5B 00 58 
       00 12 00 22 
       19 04 D2 00 
       45 00 19 04 
       AB 00 50 00 
       19 55 5B 00 
       58 00 12 00 
       28 19 04 D9 
       00 92 00 19 
       04 B8 00 B7 
       00 19 55 AB 
       00 50 00 12 
       00 20 19 04 
       B8 00 B7 00 
       19 04 5B 00 
       58 00 19 55 
       AB 00 50 00 
       7F 00 10 12 
       00 22 19 04 
       D2 00 44 00 
       19 04 5B 00 
       58 00 19 55 
       8F 00 4C 00 
       12 00 28 19 
       04 DA 00 92 
       00 19 04 A9 
       00 50 00 19 
       55 D2 00 44 
       00 12 00 20 
       19 04 B7 00 
       B7 00 19 04 
       6D 00 AB 00 
       19 55 5B 00 
       58 00 12 00 
       22 19 04 D2 
       00 44 00 19 
       04 A9 00 50 
       00 19 55 5B 
       00 58 00 12 
       00 28 19 04 
       DA 00 92 00 
       19 04 B7 00 
       B7 00 19 55 
       A9 00 50 00 
       12 00 20 19 
       04 B7 00 B7 
       00 19 04 5B 
       00 58 00 19 
       55 A9 00 50 
       00 7F 00 10 
       12 00 22 19 
       04 D2 00 44 
       00 19 04 5B 
       00 58 00 19 
       55 90 00 4C 
       00 12 00 28 
       19 04 DA 00 
       92 00 19 04 
       A7 00 51 00 
       19 55 D2 00 
       44 00 12 00 
       20 19 04 B6 
       00 B7 00 19 
       04 6D 00 AB 
       00 19 55 5B 
       00 58 00 12 
       00 22 19 04 
       D2 00 44 00 
       19 04 A7 00 
       51 00 19 55 
       5B 00 58 00 
       12 00 28 19 
       04 DA 00 92 
       00 19 04 B6 
       00 B7 00 19 
       55 A7 00 51 
       00 12 00 20 
       19 04 B6 00 
       B7 00 19 04 
       5B 00 58 00 
       19 55 A7 00 
       51 00 7F 00 
       10 12 00 22 
       19 04 D2 00 
       44 00 19 04 
       5B 00 59 00 
       19 55 91 00 
       4C 00 12 00 
       28 19 04 DB 
       00 92 00 19 
       04 A6 00 51 
       00 19 55 D2 
       00 44 00 12 
       00 20 19 04 
       B5 00 B7 00 
       19 04 6D 00 
       AB 00 19 55 
       5B 00 59 00 
       12 00 22 19 
       04 D2 00 44 
       00 19 04 A6 
       00 51 00 19 
       55 5B 00 59 
       00 12 00 28 
       19 04 DB 00 
       92 00 19 04 
       B5 00 B7 00 
       19 55 A6 00 
       51 00 12 00 
       20 19 04 B5 
       00 B7 00 19 
       04 5B 00 59 
       00 19 55 A6 
       00 51 00 7F 
       00 10 12 00 
       22 19 04 D2 
       00 43 00 19 
       04 5B 00 59 
       00 19 55 91 
       00 4C 00 12 
       00 28 19 04 
       DB 00 92 00 
       19 04 A4 00 
       51 00 19 55 
       D2 00 43 00 
       12 00 20 19 
       04 B5 00 B7 
       00 19 04 6E 
       00 AB 00 19 
       55 5B 00 59 
       00 12 00 22 
       19 04 D2 00 
       43 00 19 04 
       A4 00 51 00 
       19 55 5B 00 
       59 00 12 00 
       28 19 04 DB 
       00 92 00 19 
       04 B5 00 B7 
       00 19 55 A4 
       00 51 00 12 
       00 20 19 04 
       B5 00 B7 00 
       19 04 5B 00 
       59 00 19 55 
       A4 00 51 00 
       7F 00 10 12 
       00 22 19 04 
       D2 00 43 00 
       19 04 5B 00 
       59 00 19 55 
       92 00 4C 00 
       12 00 3C 19 
       04 DC 00 92 
       00 19 04 A2 
       00 51 00 19 
       55 D2 00 43 
       00 12 00 20 
       19 04 B4 00 
       B7 00 19 04 
       6E 00 AB 00 
       19 55 5B 00 
       59 00 12 00 
       22 19 04 D2 
       00 43 00 19 
       04 A2 00 51 
       00 19 55 5B 
       00 59 00 12 
       00 3C 19 04 
       DC 00 92 00 
       19 04 B4 00 
       B7 00 19 55 
       A2 00 51 00 
       12 00 20 19 
       04 B4 00 B7 
       00 19 04 5B 
       00 59 00 19 
       55 A2 00 51 
       00 7F 00 10 
       12 00 22 19 
       04 D2 00 43 
       00 19 04 5B 
       00 5A 00 19 
       55 92 00 4C 
       00 12 00 3C 
       19 04 DD 00 
       92 00 19 04 
       A1 00 51 00 
       19 55 D2 00 
       43 00 12 00 
       20 19 04 B3 
       00 B8 00 19 
       04 6E 00 AB 
       00 19 55 5B 
       00 5A 00 12 
       00 22 19 04 
       D2 00 43 00 
       19 04 A1 00 
       51 00 19 55 
       5B 00 5A 00 
       12 00 3C 19 
       04 DD 00 92 
       00 19 04 B3 
       00 B8 00 19 
       55 A1 00 51 
       00 12 00 20 
       19 04 B3 00 
       B8 00 19 04 
       5B 00 5A 00 
       19 55 A1 00 
       51 00 7F 00 
       10 12 00 22 
       19 04 D2 00 
       43 00 19 04 
       5B 00 5A 00 
       19 55 93 00 
       4C 00 12 00 
       3C 19 04 DD 
       00 92 00 19 
       04 9F 00 52 
       00 19 55 D2 
       00 43 00 12 
       00 20 19 04 
       B2 00 B8 00 
       19 04 6F 00 
       AB 00 19 55 
       5B 00 5A 00 
       12 00 22 19 
       04 D2 00 43 
       00 19 04 9F 
       00 52 00 19 
       55 5B 00 5A 
       00 12 00 3C 
       19 04 DD 00 
       92 00 19 04 
       B2 00 B8 00 
       19 55 9F 00 
       52 00 12 00 
       20 19 04 B2 
       00 B8 00 19 
       04 5B 00 5A 
       00 19 55 9F 
       00 52 00 7F 
       00 10 12 00 
       22 19 04 D2 
       00 42 00 19 
       04 5B 00 5A 
       00 19 55 94 
       00 4C 00 12 
       00 20 19 04 
       B1 00 B8 00 
       19 04 6F 00 
       AA 00 19 55 
       5B 00 5A 00 
       12 00 3C 19 
       04 DE 00 92 
       00 19 04 9D 
       00 52 00 19 
       55 D2 00 42 
       00 12 00 22 
       19 04 D2 00 
       42 00 19 04 
       9D 00 52 00 
       19 55 5B 00 
       5A 00 12 00 
       3C 19 04 DE 
       00 92 00 19 
       04 B1 00 B8 
       00 19 55 9D 
       00 52 00 12 
       00 20 19 04 
       B1 00 B8 00 
       19 04 5B 00 
       5A 00 19 55 
       9D 00 52 00 
       7F 00 10 12 
       00 22 19 04 
       D2 00 42 00 
       19 04 5B 00 
       5A 00 19 55 
       94 00 4C 00 
       12 00 20 19 
       04 B0 00 B8 
       00 19 04 6F 
       00 AA 00 19 
       55 5B 00 5A 
       00 12 00 3C 
       19 04 DE 00 
       92 00 19 04 
       9C 00 52 00 
       19 55 D2 00 
       42 00 12 00 
       22 19 04 D2 
       00 42 00 19 
       04 9C 00 52 
       00 19 55 5B 
       00 5A 00 12 
       00 3C 19 04 
       DE 00 92 00 
       19 04 B0 00 
       B8 00 19 55 
       9C 00 52 00 
       12 00 20 19 
       04 B0 00 B8 
       00 19 04 5B 
       00 5A 00 19 
       55 9C 00 52 
       00 7F 00 10 
       12 00 22 19 
       04 D2 00 42 
       00 19 04 5B 
       00 5B 00 19 
       55 95 00 4C 
       00 12 00 20 
       19 04 AF 00 
       B8 00 19 04 
       70 00 AA 00 
       19 55 5B 00 
       5B 00 12 00 
       3C 19 04 DF 
       00 92 00 19 
       04 9A 00 52 
       00 19 55 D2 
       00 42 00 12 
       00 22 19 04 
       D2 00 42 00 
       19 04 9A 00 
       52 00 19 55 
       5B 00 5B 00 
       12 00 3C 19 
       04 DF 00 92 
       00 19 04 AF 
       00 B8 00 19 
       55 9A 00 52 
       00 12 00 20 
       19 04 AF 00 
       B8 00 19 04 
       5B 00 5B 00 
       19 55 9A 00 
       52 00 7F 00 
       10 12 00 22 
       19 04 D2 00 
       42 00 19 04 
       5B 00 5B 00 
       19 55 96 00 
       4C 00 12 00 
       20 19 04 AE 
       00 B8 00 19 
       04 70 00 AA 
       00 19 55 5B 
       00 5B 00 12 
       00 3C 19 04 
       DF 00 92 00 
       19 04 99 00 
       52 00 19 55 
       D2 00 42 00 
       12 00 22 19 
       04 D2 00 42 
       00 19 04 99 
       00 52 00 19 
       55 5B 00 5B 
       00 12 00 3C 
       19 04 DF 00 
       92 00 19 04 
       AE 00 B8 00 
       19 55 99 00 
       52 00 12 00 
       20 19 04 AE 
       00 B8 00 19 
       04 5B 00 5B 
       00 19 55 99 
       00 52 00 7F 
       00 10 12 00 
       22 19 04 D2 
       00 41 00 19 
       04 5B 00 5B 
       00 19 55 96 
       00 4C 00 12 
       00 20 19 04 
       AD 00 B8 00 
       19 04 70 00 
       AA 00 19 55 
       5B 00 5B 00 
       12 00 3C 19 
       04 DF 00 92 
       00 19 04 97 
       00 52 00 19 
       55 D2 00 41 
       00 12 00 22 
       19 04 D2 00 
       41 00 19 04 
       97 00 52 00 
       19 55 5B 00 
       5B 00 12 00 
       3C 19 04 DF 
       00 92 00 19 
       04 AD 00 B8 
       00 19 55 97 
       00 52 00 12 
       00 20 19 04 
       AD 00 B8 00 
       19 04 5B 00 
       5B 00 19 55 
       97 00 52 00 
       7F 00 10 12 
       00 22 19 04 
       D2 00 41 00 
       19 04 5B 00 
       5B 00 19 55 
       97 00 4C 00 
       12 00 20 19 
       04 AC 00 B8 
       00 19 04 70 
       00 AA 00 19 
       55 5B 00 5B 
       00 12 00 3C 
       19 04 E0 00 
       92 00 19 04 
       95 00 52 00 
       19 55 D2 00 
       41 00 12 00 
       22 19 04 D2 
       00 41 00 19 
       04 95 00 52 
       00 19 55 5B 
       00 5B 00 12 
       00 3C 19 04 
       E0 00 92 00 
       19 04 AC 00 
       B8 00 19 55 
       95 00 52 00 
       12 00 20 19 
       04 AC 00 B8 
       00 19 04 5B 
       00 5B 00 19 
       55 95 00 52 
       00 7F 00 10 
       12 00 22 19 
       04 D2 00 41 
       00 19 04 5B 
       00 5B 00 19 
       55 98 00 4C 
       00 12 00 20 
       19 04 AB 00 
       B8 00 19 04 
       71 00 A9 00 
       19 55 5B 00 
       5B 00 12 00 
       3C 19 04 E0 
       00 92 00 19 
       04 94 00 52 
       00 19 55 D2 
       00 41 00 12 
       00 22 19 04 
       D2 00 41 00 
       19 04 94 00 
       52 00 19 55 
       5B 00 5B 00 
       12 00 3C 19 
       04 E0 00 92 
       00 19 04 AB 
       00 B8 00 19 
       55 94 00 52 
       00 12 00 20 
       19 04 AB 00 
       B8 00 19 04 
       5B 00 5B 00 
       19 55 94 00 
       52 00 7F 00 
       10 12 00 22 
       19 04 D2 00 
       41 00 19 04 
       5C 00 5B 00 
       19 55 99 00 
       4C 00 12 00 
       20 19 04 AA 
       00 B8 00 19 
       04 71 00 A9 
       00 19 55 5C 
       00 5B 00 12 
       00 3C 19 04 
       E1 00 92 00 
       19 04 92 00 
       52 00 19 55 
       D2 00 41 00 
       12 00 22 19 
       04 D2 00 41 
       00 19 04 92 
       00 52 00 19 
       55 5C 00 5B 
       00 12 00 3C 
       19 04 E1 00 
       92 00 19 04 
       AA 00 B8 00 
       19 55 92 00 
       52 00 12 00 
       20 19 04 AA 
       00 B8 00 19 
       04 5C 00 5B 
       00 19 55 92 
       00 52 00 7F 
       00 10 12 00 
       22 19 04 D2 
       00 41 00 19 
       04 5C 00 5B 
       00 19 55 99 
       00 4C 00 12 
       00 20 19 04 
       A9 00 B8 00 
       19 04 71 00 
       A9 00 19 55 
       5C 00 5B 00 
       12 00 3C 19 
       04 E1 00 93 
       00 19 04 91 
       00 52 00 19 
       55 D2 00 41 
       00 12 00 22 
       19 04 D2 00 
       41 00 19 04 
       91 00 52 00 
       19 55 5C 00 
       5B 00 12 00 
       3C 19 04 E1 
       00 93 00 19 
       04 A9 00 B8 
       00 19 55 91 
       00 52 00 12 
       00 20 19 04 
       A9 00 B8 00 
       19 04 5C 00 
       5B 00 19 55 
       91 00 52 00 
       7F 00 10 12 
       00 22 19 04 
       D2 00 41 00 
       19 04 5C 00 
       5C 00 19 55 
       9A 00 4C 00 
       12 00 20 19 
       04 A8 00 B8 
       00 19 04 72 
       00 A9 00 19 
       55 5C 00 5C 
       00 12 00 3C 
       19 04 E1 00 
       93 00 19 04 
       8F 00 52 00 
       19 55 D2 00 
       41 00 12 00 
       22 19 04 D2 
       00 41 00 19 
       04 8F 00 52 
       00 19 55 5C 
       00 5C 00 12 
       00 3C 19 04 
       E1 00 93 00 
       19 04 A8 00 
       B8 00 19 55 
       8F 00 52 00 
       12 00 20 19 
       04 A8 00 B8 
       00 19 04 5C 
       00 5C 00 19 
       55 8F 00 52 
       00 7F 00 10 
       12 00 22 19 
       04 D2 00 40 
       00 19 04 5C 
       00 5C 00 19 
       55 9B 00 4C 
       00 12 00 20 
       19 04 A6 00 
       B8 00 19 04 
       72 00 A9 00 
       19 55 5C 00 
       5C 00 12 00 
       3C 19 04 E2 
       00 93 00 19 
       04 8E 00 52 
       00 19 55 D2 
       00 40 00 12 
       00 22 19 04 
       D2 00 40 00 
       19 04 8E 00 
       52 00 19 55 
       5C 00 5C 00 
       12 00 3C 19 
       04 E2 00 93 
       00 19 04 A6 
       00 B8 00 19 
       55 8E 00 52 
       00 12 00 20 
       19 04 A6 00 
       B8 00 19 04 
       5C 00 5C 00 
       19 55 8E 00 
       52 00 7F 00 
       10 12 00 22 
       19 04 D2 00 
       40 00 19 04 
       5D 00 5C 00 
       19 55 9C 00 
       4C 00 12 00 
       20 19 04 A5 
       00 B8 00 19 
       04 72 00 A9 
       00 19 55 5D 
       00 5C 00 12 
       00 3C 19 04 
       E2 00 93 00 
       19 04 8C 00 
       52 00 19 55 
       D2 00 40 00 
       12 00 22 19 
       04 D2 00 40 
       00 19 04 8C 
       00 52 00 19 
       55 5D 00 5C 
       00 12 00 3C 
       19 04 E2 00 
       93 00 19 04 
       A5 00 B8 00 
       19 55 8C 00 
       52 00 12 00 
       20 19 04 A5 
       00 B8 00 19 
       04 5D 00 5C 
       00 19 55 8C 
       00 52 00 7F 
       00 10 12 00 
       22 19 04 D2 
       00 40 00 19 
       04 5D 00 5C 
       00 19 55 9C 
       00 4C 00 12 
       00 20 19 04 
       A4 00 B8 00 
       19 04 73 00 
       A8 00 19 55 
       5D 00 5C 00 
       12 00 22 19 
       04 D2 00 40 
       00 19 04 8B 
       00 52 00 19 
       55 5D 00 5C 
       00 12 00 3C 
       19 04 E2 00 
       94 00 19 04 
       8B 00 52 00 
       19 55 D2 00 
       40 00 12 00 
       20 19 04 A4 
       00 B8 00 19 
       04 5D 00 5C 
       00 19 55 8B 
       00 52 00 12 
       00 3C 19 04 
       E2 00 94 00 
       19 04 A4 00 
       B8 00 19 55 
       8B 00 52 00 
       7F 00 10 12 
       00 22 19 04 
       D2 00 40 00 
       19 04 5E 00 
       5C 00 19 55 
       9D 00 4C 00 
       12 00 20 19 
       04 A3 00 B8 
       00 19 04 73 
       00 A8 00 19 
       55 5E 00 5C 
       00 12 00 22 
       19 04 D2 00 
       40 00 19 04 
       8A 00 52 00 
       19 55 5E 00 
       5C 00 12 00 
       3C 19 04 E3 
       00 94 00 19 
       04 8A 00 52 
       00 19 55 D2 
       00 40 00 12 
       00 20 19 04 
       A3 00 B8 00 
       19 04 5E 00 
       5C 00 19 55 
       8A 00 52 00 
       12 00 3C 19 
       04 E3 00 94 
       00 19 04 A3 
       00 B8 00 19 
       55 8A 00 52 
       00 7F 00 10 
       12 00 22 19 
       04 D2 00 40 
       00 19 04 5E 
       00 5C 00 19 
       55 9E 00 4C 
       00 12 00 20 
       19 04 A2 00 
       B8 00 19 04 
       73 00 A8 00 
       19 55 5E 00 
       5C 00 12 00 
       22 19 04 D2 
       00 40 00 19 
       04 88 00 52 
       00 19 55 5E 
       00 5C 00 12 
       00 3C 19 04 
       E3 00 94 00 
       19 04 88 00 
       52 00 19 55 
       D2 00 40 00 
       12 00 20 19 
       04 A2 00 B8 
       00 19 04 5E 
       00 5C 00 19 
       55 88 00 52 
       00 12 00 3C 
       19 04 E3 00 
       94 00 19 04 
       A2 00 B8 00 
       19 55 88 00 
       52 00 7F 00 
       10 12 00 22 
       19 04 D2 00 
       40 00 19 04 
       5E 00 5C 00 
       19 55 9F 00 
       4D 00 12 00 
       20 19 04 A0 
       00 B8 00 19 
       04 73 00 A8 
       00 19 55 5E 
       00 5C 00 12 
       00 22 19 04 
       D2 00 40 00 
       19 04 87 00 
       51 00 19 55 
       5E 00 5C 00 
       12 00 3C 19 
       04 E3 00 94 
       00 19 04 87 
       00 51 00 19 
       55 D2 00 40 
       00 12 00 20 
       19 04 A0 00 
       B8 00 19 04 
       5E 00 5C 00 
       19 55 87 00 
       51 00 12 00 
       3C 19 04 E3 
       00 94 00 19 
       04 A0 00 B8 
       00 19 55 87 
       00 51 00 7F 
       00 10 12 00 
       22 19 04 D2 
       00 40 00 19 
       04 5F 00 5C 
       00 19 55 A0 
       00 4D 00 12 
       00 20 19 04 
       9F 00 B8 00 
       19 04 74 00 
       A7 00 19 55 
       5F 00 5C 00 
       12 00 22 19 
       04 D2 00 40 
       00 19 04 86 
       00 51 00 19 
       55 5F 00 5C 
       00 12 00 3C 
       19 04 E3 00 
       95 00 19 04 
       86 00 51 00 
       19 55 D2 00 
       40 00 12 00 
       20 19 04 9F 
       00 B8 00 19 
       04 5F 00 5C 
       00 19 55 86 
       00 51 00 12 
       00 3C 19 04 
       E3 00 95 00 
       19 04 9F 00 
       B8 00 19 55 
       86 00 51 00 
       7F 00 10 12 
       00 22 19 04 
       D2 00 40 00 
       19 04 5F 00 
       5B 00 19 55 
       A1 00 4D 00 
       12 00 20 19 
       04 9E 00 B8 
       00 19 04 74 
       00 A7 00 19 
       55 5F 00 5B 
       00 12 00 22 
       19 04 D2 00 
       40 00 19 04 
       84 00 51 00 
       19 55 5F 00 
       5B 00 12 00 
       3C 19 04 E3 
       00 95 00 19 
       04 84 00 51 
       00 19 55 D2 
       00 40 00 12 
       00 20 19 04 
       9E 00 B8 00 
       19 04 5F 00 
       5B 00 19 55 
       84 00 51 00 
       12 00 3C 19 
       04 E3 00 95 
       00 19 04 9E 
       00 B8 00 19 
       55 84 00 51 
       00 7F 00 10 
       12 00 22 19 
       04 D2 00 40 
       00 19 04 60 
       00 5B 00 19 
       55 A2 00 4D 
       00 12 00 20 
       19 04 9C 00 
       B8 00 19 04 
       74 00 A7 00 
       19 55 60 00 
       5B 00 12 00 
       22 19 04 D2 
       00 40 00 19 
       04 83 00 51 
       00 19 55 60 
       00 5B 00 12 
       00 3C 19 04 
       E3 00 96 00 
       19 04 83 00 
       51 00 19 55 
       D2 00 40 00 
       12 00 20 19 
       04 9C 00 B8 
       00 19 04 60 
       00 5B 00 19 
       55 83 00 51 
       00 12 00 3C 
       19 04 E3 00 
       96 00 19 04 
       9C 00 B8 00 
       19 55 83 00 
       51 00 7F 00 
       10 12 00 22 
       19 04 D2 00 
       40 00 19 04 
       61 00 5B 00 
       19 55 A3 00 
       4D 00 12 00 
       20 19 04 9B 
       00 B8 00 19 
       04 74 00 A7 
       00 19 55 61 
       00 5B 00 12 
       00 22 19 04 
       D2 00 40 00 
       19 04 82 00 
       51 00 19 55 
       61 00 5B 00 
       12 00 3C 19 
       04 E3 00 96 
       00 19 04 82 
       00 51 00 19 
       55 D2 00 40 
       00 12 00 20 
       19 04 9B 00 
       B8 00 19 04 
       61 00 5B 00 
       19 55 82 00 
       51 00 12 00 
       3C 19 04 E3 
       00 96 00 19 
       04 9B 00 B8 
       00 19 55 82 
       00 51 00 7F 
       00 10 12 00 
       22 19 04 D2 
       00 40 00 19 
       04 61 00 5B 
       00 19 55 A3 
       00 4D 00 12 
       00 20 19 04 
       9A 00 B7 00 
       19 04 75 00 
       A6 00 19 55 
       61 00 5B 00 
       12 00 22 19 
       04 D2 00 40 
       00 19 04 81 
       00 50 00 19 
       55 61 00 5B 
       00 12 00 3C 
       19 04 E3 00 
       96 00 19 04 
       81 00 50 00 
       19 55 D2 00 
       40 00 12 00 
       20 19 04 9A 
       00 B7 00 19 
       04 61 00 5B 
       00 19 55 81 
       00 50 00 12 
       00 3C 19 04 
       E3 00 96 00 
       19 04 9A 00 
       B7 00 19 55 
       81 00 50 00 
       7F 00 10 12 
       00 22 19 04 
       D2 00 40 00 
       19 04 62 00 
       5B 00 19 55 
       A4 00 4D 00 
       12 00 10 19 
       04 98 00 B7 
       00 19 04 75 
       00 A6 00 19 
       55 62 00 5B 
       00 12 00 22 
       19 04 D2 00 
       40 00 19 04 
       7F 00 50 00 
       19 55 62 00 
       5B 00 12 00 
       3C 19 04 E3 
       00 97 00 19 
       04 7F 00 50 
       00 19 55 D2 
       00 40 00 12 
       00 10 19 04 
       98 00 B7 00 
       19 04 62 00 
       5B 00 19 55 
       7F 00 50 00 
       12 00 3C 19 
       04 E3 00 97 
       00 19 04 98 
       00 B7 00 19 
       55 7F 00 50 
       00 7F 00 10 
       12 00 22 19 
       04 D2 00 40 
       00 19 04 62 
       00 5B 00 19 
       55 A5 00 4D 
       00 12 00 10 
       19 04 97 00 
       B7 00 19 04 
       75 00 A6 00 
       19 55 62 00 
       5B 00 12 00 
       22 19 04 D2 
       00 40 00 19 
       04 7E 00 50 
       00 19 55 62 
       00 5B 00 12 
       00 3C 19 04 
       E3 00 97 00 
       19 04 7E 00 
       50 00 19 55 
       D2 00 40 00 
       12 00 10 19 
       04 97 00 B7 
       00 19 04 62 
       00 5B 00 19 
       55 7E 00 50 
       00 12 00 3C 
       19 04 E3 00 
       97 00 19 04 
       97 00 B7 00 
       19 55 7E 00 
       50 00 7F 00 
       10 12 00 22 
       19 04 D2 00 
       40 00 19 04 
       63 00 5B 00 
       19 55 A6 00 
       4E 00 12 00 
       10 19 04 95 
       00 B7 00 19 
       04 75 00 A6 
       00 19 55 63 
       00 5B 00 12 
       00 22 19 04 
       D2 00 40 00 
       19 04 7D 00 
       4F 00 19 55 
       63 00 5B 00 
       12 00 10 19 
       04 95 00 B7 
       00 19 04 63 
       00 5B 00 19 
       55 7D 00 4F 
       00 12 00 3C 
       19 04 E3 00 
       98 00 19 04 
       7D 00 4F 00 
       19 55 D2 00 
       40 00 12 00 
       3C 19 04 E3 
       00 98 00 19 
       04 95 00 B7 
       00 19 55 7D 
       00 4F 00 7F 
       00 10 12 00 
       22 19 04 D2 
       00 40 00 19 
       04 64 00 5B 
       00 19 55 A7 
       00 4E 00 12 
       00 10 19 04 
       94 00 B7 00 
       19 04 76 00 
       A5 00 19 55 
       64 00 5B 00 
       12 00 22 19 
       04 D2 00 40 
       00 19 04 7C 
       00 4F 00 19 
       55 64 00 5B 
       00 12 00 10 
       19 04 94 00 
       B7 00 19 04 
       64 00 5B 00 
       19 55 7C 00 
       4F 00 12 00 
       3C 19 04 E3 
       00 98 00 19 
       04 7C 00 4F 
       00 19 55 D2 
       00 40 00 12 
       00 3C 19 04 
       E3 00 98 00 
       19 04 94 00 
       B7 00 19 55 
       7C 00 4F 00 
       7F 00 10 12 
       00 22 19 04 
       D2 00 40 00 
       19 04 64 00 
       5A 00 19 55 
       A8 00 4E 00 
       12 00 10 19 
       04 92 00 B6 
       00 19 04 76 
       00 A5 00 19 
       55 64 00 5A 
       00 12 00 22 
       19 04 D2 00 
       40 00 19 04 
       7B 00 4F 00 
       19 55 64 00 
       5A 00 12 00 
       10 19 04 92 
       00 B6 00 19 
       04 64 00 5A 
       00 19 55 7B 
       00 4F 00 12 
       00 3C 19 04 
       E3 00 99 00 
       19 04 7B 00 
       4F 00 19 55 
       D2 00 40 00 
       12 00 3C 19 
       04 E3 00 99 
       00 19 04 92 
       00 B6 00 19 
       55 7B 00 4F 
       00 7F 00 10 
       12 00 22 19 
       04 D2 00 40 
       00 19 04 65 
       00 5A 00 19 
       55 A9 00 4E 
       00 12 00 10 
       19 04 91 00 
       B6 00 19 04 
       76 00 A5 00 
       19 55 65 00 
       5A 00 12 00 
       22 19 04 D2 
       00 40 00 19 
       04 7A 00 4F 
       00 19 55 65 
       00 5A 00 12 
       00 10 19 04 
       91 00 B6 00 
       19 04 65 00 
       5A 00 19 55 
       7A 00 4F 00 
       12 00 3C 19 
       04 E3 00 99 
       00 19 04 7A 
       00 4F 00 19 
       55 D2 00 40 
       00 12 00 3C 
       19 04 E3 00 
       99 00 19 04 
       91 00 B6 00 
       19 55 7A 00 
       4F 00 7F 00 
       10 12 00 22 
       19 04 D2 00 
       40 00 19 04 
       66 00 5A 00 
       19 55 AA 00 
       4E 00 12 00 
       10 19 04 8F 
       00 B6 00 19 
       04 76 00 A4 
       00 19 55 66 
       00 5A 00 12 
       00 22 19 04 
       D2 00 40 00 
       19 04 79 00 
       4E 00 19 55 
       66 00 5A 00 
       12 00 10 19 
       04 8F 00 B6 
       00 19 04 66 
       00 5A 00 19 
       55 79 00 4E 
       00 12 00 3C 
       19 04 E3 00 
       9A 00 19 04 
       79 00 4E 00 
       19 55 D2 00 
       40 00 12 00 
       3C 19 04 E3 
       00 9A 00 19 
       04 8F 00 B6 
       00 19 55 79 
       00 4E 00 7F 
       00 10 12 00 
       22 19 04 D2 
       00 40 00 19 
       04 67 00 5A 
       00 19 55 AB 
       00 4E 00 12 
       00 10 19 04 
       8E 00 B5 00 
       19 04 76 00 
       A4 00 19 55 
       67 00 5A 00 
       12 00 22 19 
       04 D2 00 40 
       00 19 04 78 
       00 4E 00 19 
       55 67 00 5A 
       00 12 00 10 
       19 04 8E 00 
       B5 00 19 04 
       67 00 5A 00 
       19 55 78 00 
       4E 00 12 00 
       3C 19 04 E2 
       00 9A 00 19 
       04 78 00 4E 
       00 19 55 D2 
       00 40 00 12 
       00 3C 19 04 
       E2 00 9A 00 
       19 04 8E 00 
       B5 00 19 55 
       78 00 4E 00 
       7F 00 10 12 
       00 22 19 04 
       D2 00 40 00 
       19 04 67 00 
       5A 00 19 55 
       AC 00 4F 00 
       12 00 10 19 
       04 8C 00 B5 
       00 19 04 77 
       00 A4 00 19 
       55 67 00 5A 
       00 12 00 22 
       19 04 D2 00 
       40 00 19 04 
       78 00 4D 00 
       19 55 67 00 
       5A 00 12 00 
       10 19 04 8C 
       00 B5 00 19 
       04 67 00 5A 
       00 19 55 78 
       00 4D 00 12 
       00 3C 19 04 
       E2 00 9B 00 
       19 04 78 00 
       4D 00 19 55 
       D2 00 40 00 
       12 00 3C 19 
       04 E2 00 9B 
       00 19 04 8C 
       00 B5 00 19 
       55 78 00 4D 
       00 7F 00 10 
       12 00 22 19 
       04 D2 00 40 
       00 19 04 68 
       00 59 00 19 
       55 AD 00 4F 
       00 12 00 10 
       19 04 8B 00 
       B5 00 19 04 
       77 00 A3 00 
       19 55 68 00 
       59 00 12 00 
       22 19 04 D2 
       00 40 00 19 
       04 77 00 4D 
       00 19 55 68 
       00 59 00 12 
       00 10 19 04 
       8B 00 B5 00 
       19 04 68 00 
       59 00 19 55 
       77 00 4D 00 
       12 00 3C 19 
       04 E2 00 9C 
       00 19 04 77 
       00 4D 00 19 
       55 D2 00 40 
       00 12 00 3C 
       19 04 E2 00 
       9C 00 19 04 
       8B 00 B5 00 
       19 55 77 00 
       4D 00 7F 00 
       10 12 00 22 
       19 04 D2 00 
       41 00 19 04 
       69 00 59 00 
       19 55 AE 00 
       4F 00 12 00 
       10 19 04 89 
       00 B4 00 19 
       04 77 00 A3 
       00 19 55 69 
       00 59 00 12 
       00 22 19 04 
       D2 00 41 00 
       19 04 76 00 
       4D 00 19 55 
       69 00 59 00 
       12 00 10 19 
       04 89 00 B4 
       00 19 04 69 
       00 59 00 19 
       55 76 00 4D 
       00 12 00 3C 
       19 04 E1 00 
       9C 00 19 04 
       76 00 4D 00 
       19 55 D2 00 
       41 00 12 00 
       3C 19 04 E1 
       00 9C 00 19 
       04 89 00 B4 
       00 19 55 76 
       00 4D 00 7F 
       00 10 12 00 
       22 19 04 D2 
       00 41 00 19 
       04 6A 00 59 
       00 19 55 AF 
       00 4F 00 12 
       00 10 19 04 
       88 00 B4 00 
       19 04 77 00 
       A3 00 19 55 
       6A 00 59 00 
       12 00 22 19 
       04 D2 00 41 
       00 19 04 75 
       00 4C 00 19 
       55 6A 00 59 
       00 12 00 10 
       19 04 88 00 
       B4 00 19 04 
       6A 00 59 00 
       19 55 75 00 
       4C 00 12 00 
       3C 19 04 E1 
       00 9D 00 19 
       04 75 00 4C 
       00 19 55 D2 
       00 41 00 12 
       00 3C 19 04 
       E1 00 9D 00 
       19 04 88 00 
       B4 00 19 55 
       75 00 4C 00 
       7F 00 10 12 
       00 22 19 04 
       D2 00 41 00 
       19 04 6B 00 
       59 00 19 55 
       B1 00 4F 00 
       12 00 10 19 
       04 86 00 B3 
       00 19 04 77 
       00 A2 00 19 
       55 6B 00 59 
       00 12 00 22 
       19 04 D2 00 
       41 00 19 04 
       74 00 4C 00 
       19 55 6B 00 
       59 00 12 00 
       10 19 04 86 
       00 B3 00 19 
       04 6B 00 59 
       00 19 55 74 
       00 4C 00 12 
       00 3C 19 04 
       E0 00 9E 00 
       19 04 74 00 
       4C 00 19 55 
       D2 00 41 00 
       12 00 3C 19 
       04 E0 00 9E 
       00 19 04 86 
       00 B3 00 19 
       55 74 00 4C 
       00 7F 00 10 
       12 00 22 19 
       04 D2 00 41 
       00 19 04 6C 
       00 58 00 19 
       55 B2 00 50 
       00 12 00 10 
       19 04 84 00 
       B3 00 19 04 
       78 00 A2 00 
       19 55 6C 00 
       58 00 12 00 
       22 19 04 D2 
       00 41 00 19 
       04 74 00 4C 
       00 19 55 6C 
       00 58 00 12 
       00 10 19 04 
       84 00 B3 00 
       19 04 6C 00 
       58 00 19 55 
       74 00 4C 00 
       12 00 3C 19 
       04 E0 00 9E 
       00 19 04 74 
       00 4C 00 19 
       55 D2 00 41 
       00 12 00 3C 
       19 04 E0 00 
       9E 00 19 04 
       84 00 B3 00 
       19 55 74 00 
       4C 00 7F 00 
       10 12 00 22 
       19 04 D2 00 
       41 00 19 04 
       6D 00 58 00 
       19 55 B3 00 
       50 00 12 00 
       10 19 04 83 
       00 B3 00 19 
       04 78 00 A2 
       00 19 55 6D 
       00 58 00 12 
       00 22 19 04 
       D2 00 41 00 
       19 04 73 00 
       4B 00 19 55 
       6D 00 58 00 
       12 00 10 19 
       04 83 00 B3 
       00 19 04 6D 
       00 58 00 19 
       55 73 00 4B 
       00 12 00 3C 
       19 04 DF 00 
       9F 00 19 04 
       73 00 4B 00 
       19 55 D2 00 
       41 00 12 00 
       3C 19 04 DF 
       00 9F 00 19 
       04 83 00 B3 
       00 19 55 73 
       00 4B 00 7F 
       00 10 12 00 
       22 19 04 D2 
       00 42 00 19 
       04 6E 00 58 
       00 19 55 B4 
       00 50 00 12 
       00 10 19 04 
       81 00 B2 00 
       19 04 78 00 
       A1 00 19 55 
       6E 00 58 00 
       12 00 22 19 
       04 D2 00 42 
       00 19 04 73 
       00 4B 00 19 
       55 6E 00 58 
       00 12 00 10 
       19 04 81 00 
       B2 00 19 04 
       6E 00 58 00 
       19 55 73 00 
       4B 00 12 00 
       3C 19 04 DF 
       00 A0 00 19 
       04 73 00 4B 
       00 19 55 D2 
       00 42 00 12 
       00 3C 19 04 
       DF 00 A0 00 
       19 04 81 00 
       B2 00 19 55 
       73 00 4B 00 
       7F 00 10 12 
       00 22 19 04 
       D2 00 42 00 
       19 04 6E 00 
       58 00 19 55 
       B5 00 50 00 
       12 00 10 19 
       04 80 00 B2 
       00 19 04 78 
       00 A1 00 19 
       55 6E 00 58 
       00 12 00 22 
       19 04 D2 00 
       42 00 19 04 
       72 00 4A 00 
       19 55 6E 00 
       58 00 12 00 
       10 19 04 80 
       00 B2 00 19 
       04 6E 00 58 
       00 19 55 72 
       00 4A 00 12 
       00 3C 19 04 
       DE 00 A0 00 
       19 04 72 00 
       4A 00 19 55 
       D2 00 42 00 
       12 00 3C 19 
       04 DE 00 A0 
       00 19 04 80 
       00 B2 00 19 
       55 72 00 4A 
       00 7F 00 10 
       12 00 22 19 
       04 D2 00 42 
       00 19 04 6F 
       00 57 00 19 
       55 B6 00 51 
       00 12 00 10 
       19 04 7E 00 
       B1 00 19 04 
       79 00 A0 00 
       19 55 6F 00 
       57 00 12 00 
       22 19 04 D2 
       00 42 00 19 
       04 71 00 4A 
       00 19 55 6F 
       00 57 00 12 
       00 10 19 04 
       7E 00 B1 00 
       19 04 6F 00 
       57 00 19 55 
       71 00 4A 00 
       12 00 3C 19 
       04 DD 00 A1 
       00 19 04 71 
       00 4A 00 19 
       55 D2 00 42 
       00 12 00 3C 
       19 04 DD 00 
       A1 00 19 04 
       7E 00 B1 00 
       19 55 71 00 
       4A 00 7F 00 
       10 12 00 22 
       19 04 D2 00 
       42 00 19 04 
       70 00 57 00 
       19 55 B7 00 
       51 00 12 00 
       10 19 04 7D 
       00 B0 00 19 
       04 79 00 A0 
       00 19 55 70 
       00 57 00 12 
       00 22 19 04 
       D2 00 42 00 
       19 04 71 00 
       4A 00 19 55 
       70 00 57 00 
       12 00 10 19 
       04 7D 00 B0 
       00 19 04 70 
       00 57 00 19 
       55 71 00 4A 
       00 12 00 3C 
       19 04 DD 00 
       A2 00 19 04 
       71 00 4A 00 
       19 55 D2 00 
       42 00 12 00 
       3C 19 04 DD 
       00 A2 00 19 
       04 7D 00 B0 
       00 19 55 71 
       00 4A 00 7F 
       00 10 12 00 
       22 19 04 D2 
       00 42 00 19 
       04 71 00 57 
       00 19 55 B8 
       00 51 00 12 
       00 10 19 04 
       7B 00 B0 00 
       19 04 79 00 
       A0 00 19 55 
       71 00 57 00 
       12 00 22 19 
       04 D2 00 42 
       00 19 04 71 
       00 49 00 19 
       55 71 00 57 
       00 12 00 10 
       19 04 7B 00 
       B0 00 19 04 
       71 00 57 00 
       19 55 71 00 
       49 00 12 00 
       3C 19 04 DC 
       00 A2 00 19 
       04 71 00 49 
       00 19 55 D2 
       00 42 00 12 
       00 3C 19 04 
       DC 00 A2 00 
       19 04 7B 00 
       B0 00 19 55 
       71 00 49 00 
       7F 00 10 12 
       00 22 19 04 
       D2 00 43 00 
       19 04 72 00 
       56 00 19 55 
       B9 00 51 00 
       12 00 10 19 
       04 7A 00 AF 
       00 19 04 79 
       00 9F 00 19 
       55 72 00 56 
       00 12 00 22 
       19 04 D2 00 
       43 00 19 04 
       70 00 49 00 
       19 55 72 00 
       56 00 12 00 
       10 19 04 7A 
       00 AF 00 19 
       04 72 00 56 
       00 19 55 70 
       00 49 00 12 
       00 3C 19 04 
       DB 00 A3 00 
       19 04 70 00 
       49 00 19 55 
       D2 00 43 00 
       12 00 3C 19 
       04 DB 00 A3 
       00 19 04 7A 
       00 AF 00 19 
       55 70 00 49 
       00 7F 00 10 
       12 00 22 19 
       04 D2 00 43 
       00 19 04 73 
       00 56 00 19 
       55 BA 00 52 
       00 12 00 10 
       19 04 78 00 
       AF 00 19 04 
       79 00 9F 00 
       19 55 73 00 
       56 00 12 00 
       22 19 04 D2 
       00 43 00 19 
       04 70 00 48 
       00 19 55 73 
       00 56 00 12 
       00 10 19 04 
       78 00 AF 00 
       19 04 73 00 
       56 00 19 55 
       70 00 48 00 
       12 00 3C 19 
       04 DA 00 A4 
       00 19 04 70 
       00 48 00 19 
       55 D2 00 43 
       00 12 00 3C 
       19 04 DA 00 
       A4 00 19 04 
       78 00 AF 00 
       19 55 70 00 
       48 00 7F 00 
       10 12 00 22 
       19 04 D2 00 
       43 00 19 04 
       74 00 56 00 
       19 55 BC 00 
       52 00 12 00 
       10 19 04 77 
       00 AE 00 19 
       04 7A 00 9E 
       00 19 55 74 
       00 56 00 12 
       00 22 19 04 
       D2 00 43 00 
       19 04 6F 00 
       48 00 19 55 
       74 00 56 00 
       12 00 10 19 
       04 77 00 AE 
       00 19 04 74 
       00 56 00 19 
       55 6F 00 48 
       00 12 00 3C 
       19 04 D9 00 
       A5 00 19 04 
       6F 00 48 00 
       19 55 D2 00 
       43 00 12 00 
       3C 19 04 D9 
       00 A5 00 19 
       04 77 00 AE 
       00 19 55 6F 
       00 48 00 7F 
       00 10 12 00 
       22 19 04 D2 
       00 44 00 19 
       04 75 00 56 
       00 19 55 BD 
       00 52 00 12 
       00 10 19 04 
       75 00 AE 00 
       19 04 7A 00 
       9E 00 19 55 
       75 00 56 00 
       12 00 22 19 
       04 D2 00 44 
       00 19 04 6F 
       00 48 00 19 
       55 75 00 56 
       00 12 00 10 
       19 04 75 00 
       AE 00 19 04 
       75 00 56 00 
       19 55 6F 00 
       48 00 12 00 
       3C 19 04 D8 
       00 A5 00 19 
       04 6F 00 48 
       00 19 55 D2 
       00 44 00 12 
       00 3C 19 04 
       D8 00 A5 00 
       19 04 75 00 
       AE 00 19 55 
       6F 00 48 00 
       7F 00 10 12 
       00 22 19 04 
       D2 00 44 00 
       19 04 76 00 
       55 00 19 55 
       BE 00 52 00 
       12 00 10 19 
       04 74 00 AD 
       00 19 04 7A 
       00 9D 00 19 
       55 76 00 55 
       00 12 00 22 
       19 04 D2 00 
       44 00 19 04 
       6F 00 47 00 
       19 55 76 00 
       55 00 12 00 
       10 19 04 74 
       00 AD 00 19 
       04 76 00 55 
       00 19 55 6F 
       00 47 00 12 
       00 3C 19 04 
       D7 00 A6 00 
       19 04 6F 00 
       47 00 19 55 
       D2 00 44 00 
       12 00 3C 19 
       04 D7 00 A6 
       00 19 04 74 
       00 AD 00 19 
       55 6F 00 47 
       00 7F 00 10 
       12 00 22 19 
       04 D2 00 44 
       00 19 04 77 
       00 55 00 19 
       55 BF 00 53 
       00 12 00 10 
       19 04 73 00 
       AC 00 19 04 
       7B 00 9D 00 
       19 55 77 00 
       55 00 12 00 
       22 19 04 D2 
       00 44 00 19 
       04 6E 00 47 
       00 19 55 77 
       00 55 00 12 
       00 10 19 04 
       73 00 AC 00 
       19 04 77 00 
       55 00 19 55 
       6E 00 47 00 
       12 00 3C 19 
       04 D6 00 A7 
       00 19 04 6E 
       00 47 00 19 
       55 D2 00 44 
       00 12 00 3C 
       19 04 D6 00 
       A7 00 19 04 
       73 00 AC 00 
       19 55 6E 00 
       47 00 7F 00 
       10 12 00 22 
       19 04 D2 00 
       44 00 19 04 
       79 00 55 00 
       19 55 C0 00 
       53 00 12 00 
       10 19 04 71 
       00 AC 00 19 
       04 7B 00 9D 
       00 19 55 79 
       00 55 00 12 
       00 22 19 04 
       D2 00 44 00 
       19 04 6E 00 
       47 00 19 55 
       79 00 55 00 
       12 00 10 19 
       04 71 00 AC 
       00 19 04 79 
       00 55 00 19 
       55 6E 00 47 
       00 12 00 3C 
       19 04 D5 00 
       A7 00 19 04 
       6E 00 47 00 
       19 55 D2 00 
       44 00 12 00 
       3C 19 04 D5 
       00 A7 00 19 
       04 71 00 AC 
       00 19 55 6E 
       00 47 00 7F 
       00 10 12 00 
       22 19 04 D2 
       00 45 00 19 
       04 7A 00 54 
       00 19 55 C1 
       00 53 00 12 
       00 10 19 04 
       70 00 AB 00 
       19 04 7B 00 
       9C 00 19 55 
       7A 00 54 00 
       12 00 22 19 
       04 D2 00 45 
       00 19 04 6E 
       00 46 00 19 
       55 7A 00 54 
       00 12 00 10 
       19 04 70 00 
       AB 00 19 04 
       7A 00 54 00 
       19 55 6E 00 
       46 00 12 00 
       3C 19 04 D4 
       00 A8 00 19 
       04 6E 00 46 
       00 19 55 D2 
       00 45 00 12 
       00 3C 19 04 
       D4 00 A8 00 
       19 04 70 00 
       AB 00 19 55 
       6E 00 46 00 
       7F 00 10 12 
       00 22 19 04 
       D2 00 45 00 
       19 04 7B 00 
       54 00 19 55 
       C2 00 54 00 
       12 00 10 19 
       04 6F 00 AA 
       00 19 04 7B 
       00 9C 00 19 
       55 7B 00 54 
       00 12 00 22 
       19 04 D2 00 
       45 00 19 04 
       6E 00 46 00 
       19 55 7B 00 
       54 00 12 00 
       10 19 04 6F 
       00 AA 00 19 
       04 7B 00 54 
       00 19 55 6E 
       00 46 00 12 
       00 3C 19 04 
       D3 00 A9 00 
       19 04 6E 00 
       46 00 19 55 
       D2 00 45 00 
       12 00 3C 19 
       04 D3 00 A9 
       00 19 04 6F 
       00 AA 00 19 
       55 6E 00 46 
       00 6A 00 10 
       12 00 22 19 
       04 D2 00 46 
       00 19 04 7C 
       00 54 00 19 
       55 C3 00 54 
       00 12 00 10 
       19 04 6E 00 
       AA 00 19 04 
       7C 00 9B 00 
       19 55 7C 00 
       54 00 12 00 
       10 19 04 6E 
       00 AA 00 19 
       04 7C 00 54 
       00 19 55 6E 
       00 46 00 12 
       00 3C 19 04 
       D2 00 AA 00 
       19 04 6E 00 
       AA 00 19 55 
       6E 00 46 00 
       12 00 3C 19 
       04 D2 00 AA 
       00 19 04 6E 
       00 46 00 19 
       55 D2 00 46 
       00 7F 00 10 
       12 00 22 19 
       04 D1 00 46 
       00 19 04 7D 
       00 54 00 19 
       55 C4 00 54 
       00 12 00 01 
       19 04 D0 00 
       AA 00 19 04 
       C4 00 54 00 
       19 55 C4 00 
       9C 00 12 00 
       22 19 04 D1 
       00 46 00 19 
       04 6D 00 45 
       00 19 55 7D 
       00 54 00 12 
       00 01 19 04 
       D0 00 AA 00 
       19 04 D1 00 
       46 00 19 55 
       C4 00 54 00 
       12 00 3C 19 
       04 D0 00 AA 
       00 19 04 6C 
       00 A9 00 19 
       55 6D 00 45 
       00 12 00 3C 
       19 04 D0 00 
       AA 00 19 04 
       6D 00 45 00 
       19 55 D1 00 
       46 00 7F 00 
       10 12 00 22 
       19 04 D1 00 
       46 00 19 04 
       7E 00 53 00 
       19 55 C5 00 
       54 00 12 00 
       01 19 04 CF 
       00 AB 00 19 
       04 C5 00 54 
       00 19 55 C4 
       00 9C 00 12 
       00 22 19 04 
       D1 00 46 00 
       19 04 6D 00 
       45 00 19 55 
       7E 00 53 00 
       12 00 01 19 
       04 CF 00 AB 
       00 19 04 D1 
       00 46 00 19 
       55 C5 00 54 
       00 12 00 3C 
       19 04 CF 00 
       AB 00 19 04 
       6B 00 A8 00 
       19 55 6D 00 
       45 00 12 00 
       3C 19 04 CF 
       00 AB 00 19 
       04 6D 00 45 
       00 19 55 D1 
       00 46 00 7F 
       00 10 12 00 
       22 19 04 D1 
       00 47 00 19 
       04 7F 00 53 
       00 19 55 C6 
       00 55 00 12 
       00 01 19 04 
       CE 00 AC 00 
       19 04 C6 00 
       55 00 19 55 
       C4 00 9D 00 
       12 00 22 19 
       04 D1 00 47 
       00 19 04 6D 
       00 44 00 19 
       55 7F 00 53 
       00 12 00 01 
       19 04 CE 00 
       AC 00 19 04 
       D1 00 47 00 
       19 55 C6 00 
       55 00 12 00 
       3C 19 04 CE 
       00 AC 00 19 
       04 6A 00 A7 
       00 19 55 6D 
       00 44 00 12 
       00 3C 19 04 
       CE 00 AC 00 
       19 04 6D 00 
       44 00 19 55 
       D1 00 47 00 
       7F 00 10 12 
       00 22 19 04 
       D1 00 47 00 
       19 04 80 00 
       53 00 19 55 
       C8 00 55 00 
       12 00 01 19 
       04 CC 00 AC 
       00 19 04 C8 
       00 55 00 19 
       55 C4 00 9D 
       00 12 00 22 
       19 04 D1 00 
       47 00 19 04 
       6D 00 44 00 
       19 55 80 00 
       53 00 12 00 
       01 19 04 CC 
       00 AC 00 19 
       04 D1 00 47 
       00 19 55 C8 
       00 55 00 12 
       00 3C 19 04 
       CC 00 AC 00 
       19 04 69 00 
       A7 00 19 55 
       6D 00 44 00 
       12 00 3C 19 
       04 CC 00 AC 
       00 19 04 6D 
       00 44 00 19 
       55 D1 00 47 
       00 7F 00 10 
       12 00 22 19 
       04 D0 00 47 
       00 19 04 81 
       00 52 00 19 
       55 C9 00 55 
       00 12 00 01 
       19 04 CB 00 
       AD 00 19 04 
       C9 00 55 00 
       19 55 C5 00 
       9D 00 12 00 
       22 19 04 D0 
       00 47 00 19 
       04 6D 00 44 
       00 19 55 81 
       00 52 00 12 
       00 01 19 04 
       CB 00 AD 00 
       19 04 D0 00 
       47 00 19 55 
       C9 00 55 00 
       12 00 3C 19 
       04 CB 00 AD 
       00 19 04 68 
       00 A6 00 19 
       55 6D 00 44 
       00 12 00 3C 
       19 04 CB 00 
       AD 00 19 04 
       6D 00 44 00 
       19 55 D0 00 
       47 00 7F 00 
       10 12 00 22 
       19 04 D0 00 
       48 00 19 04 
       82 00 52 00 
       19 55 CA 00 
       56 00 12 00 
       01 19 04 CA 
       00 AE 00 19 
       04 CA 00 56 
       00 19 55 C5 
       00 9E 00 12 
       00 22 19 04 
       D0 00 48 00 
       19 04 6D 00 
       44 00 19 55 
       82 00 52 00 
       12 00 01 19 
       04 CA 00 AE 
       00 19 04 D0 
       00 48 00 19 
       55 CA 00 56 
       00 12 00 3C 
       19 04 CA 00 
       AE 00 19 04 
       67 00 A5 00 
       19 55 6D 00 
       44 00 12 00 
       3C 19 04 CA 
       00 AE 00 19 
       04 6D 00 44 
       00 19 55 D0 
       00 48 00 7F 
       00 10 12 00 
       22 19 04 D0 
       00 48 00 19 
       04 83 00 52 
       00 19 55 CB 
       00 56 00 12 
       00 01 19 04 
       C8 00 AE 00 
       19 04 CB 00 
       56 00 19 55 
       C5 00 9E 00 
       12 00 22 19 
       04 D0 00 48 
       00 19 04 6D 
       00 43 00 19 
       55 83 00 52 
       00 12 00 01 
       19 04 C8 00 
       AE 00 19 04 
       D0 00 48 00 
       19 55 CB 00 
       56 00 12 00 
       3C 19 04 C8 
       00 AE 00 19 
       04 66 00 A5 
       00 19 55 6D 
       00 43 00 12 
       00 3C 19 04 
       C8 00 AE 00 
       19 04 6D 00 
       43 00 19 55 
       D0 00 48 00 
       7F 00 10 12 
       00 22 19 04 
       CF 00 48 00 
       19 04 85 00 
       52 00 19 55 
       CC 00 56 00 
       12 00 01 19 
       04 C7 00 AF 
       00 19 04 CC 
       00 56 00 19 
       55 C6 00 9F 
       00 12 00 22 
       19 04 CF 00 
       48 00 19 04 
       6D 00 43 00 
       19 55 85 00 
       52 00 12 00 
       01 19 04 C7 
       00 AF 00 19 
       04 CF 00 48 
       00 19 55 CC 
       00 56 00 12 
       00 3C 19 04 
       C7 00 AF 00 
       19 04 65 00 
       A4 00 19 55 
       6D 00 43 00 
       12 00 3C 19 
       04 C7 00 AF 
       00 19 04 6D 
       00 43 00 19 
       55 CF 00 48 
       00 7F 00 10 
       12 00 22 19 
       04 CF 00 49 
       00 19 04 86 
       00 51 00 19 
       55 CD 00 56 
       00 12 00 01 
       19 04 C5 00 
       AF 00 19 04 
       CD 00 56 00 
       19 55 C6 00 
       9F 00 12 00 
       22 19 04 CF 
       00 49 00 19 
       04 6D 00 43 
       00 19 55 86 
       00 51 00 12 
       00 01 19 04 
       C5 00 AF 00 
       19 04 CF 00 
       49 00 19 55 
       CD 00 56 00 
       12 00 3C 19 
       04 C5 00 AF 
       00 19 04 64 
       00 A3 00 19 
       55 6D 00 43 
       00 12 00 3C 
       19 04 C5 00 
       AF 00 19 04 
       6D 00 43 00 
       19 55 CF 00 
       49 00 7F 00 
       10 12 00 22 
       19 04 CE 00 
       49 00 19 04 
       87 00 51 00 
       19 55 CE 00 
       57 00 12 00 
       01 19 04 C4 
       00 B0 00 19 
       04 CE 00 57 
       00 19 55 C6 
       00 A0 00 12 
       00 22 19 04 
       CE 00 49 00 
       19 04 6D 00 
       42 00 19 55 
       87 00 51 00 
       12 00 01 19 
       04 C4 00 B0 
       00 19 04 CE 
       00 49 00 19 
       55 CE 00 57 
       00 12 00 3C 
       19 04 C4 00 
       B0 00 19 04 
       63 00 A2 00 
       19 55 6D 00 
       42 00 12 00 
       3C 19 04 C4 
       00 B0 00 19 
       04 6D 00 42 
       00 19 55 CE 
       00 49 00 7F 
       00 10 12 00 
       22 19 04 CE 
       00 4A 00 19 
       04 88 00 51 
       00 19 55 CF 
       00 57 00 12 
       00 01 19 04 
       C2 00 B0 00 
       19 04 CF 00 
       57 00 19 55 
       C6 00 A0 00 
       12 00 22 19 
       04 CE 00 4A 
       00 19 04 6D 
       00 42 00 19 
       55 88 00 51 
       00 12 00 01 
       19 04 C2 00 
       B0 00 19 04 
       CE 00 4A 00 
       19 55 CF 00 
       57 00 12 00 
       3C 19 04 C2 
       00 B0 00 19 
       04 62 00 A2 
       00 19 55 6D 
       00 42 00 12 
       00 3C 19 04 
       C2 00 B0 00 
       19 04 6D 00 
       42 00 19 55 
       CE 00 4A 00 
       7F 00 10 12 
       00 22 19 04 
       CE 00 4A 00 
       19 04 89 00 
       51 00 19 55 
       D0 00 57 00 
       12 00 01 19 
       04 C1 00 B1 
       00 19 04 D0 
       00 57 00 19 
       55 C6 00 A0 
       00 12 00 22 
       19 04 CE 00 
       4A 00 19 04 
       6D 00 42 00 
       19 55 89 00 
       51 00 12 00 
       01 19 04 C1 
       00 B1 00 19 
       04 CE 00 4A 
       00 19 55 D0 
       00 57 00 12 
       00 3C 19 04 
       C1 00 B1 00 
       19 04 62 00 
       A1 00 19 55 
       6D 00 42 00 
       12 00 3C 19 
       04 C1 00 B1 
       00 19 04 6D 
       00 42 00 19 
       55 CE 00 4A 
       00 7F 00 10 
       12 00 22 19 
       04 CD 00 4A 
       00 19 04 8A 
       00 50 00 19 
       55 D1 00 58 
       00 12 00 01 
       19 04 BF 00 
       B2 00 19 04 
       D1 00 58 00 
       19 55 C7 00 
       A1 00 12 00 
       22 19 04 CD 
       00 4A 00 19 
       04 6D 00 42 
       00 19 55 8A 
       00 50 00 12 
       00 01 19 04 
       BF 00 B2 00 
       19 04 CD 00 
       4A 00 19 55 
       D1 00 58 00 
       12 00 3C 19 
       04 BF 00 B2 
       00 19 04 61 
       00 A0 00 19 
       55 6D 00 42 
       00 12 00 3C 
       19 04 BF 00 
       B2 00 19 04 
       6D 00 42 00 
       19 55 CD 00 
       4A 00 7F 00 
       10 12 00 22 
       19 04 CC 00 
       4B 00 19 04 
       8B 00 50 00 
       19 55 D1 00 
       58 00 12 00 
       01 19 04 BE 
       00 B2 00 19 
       04 D1 00 58 
       00 19 55 C7 
       00 A1 00 12 
       00 22 19 04 
       CC 00 4B 00 
       19 04 6D 00 
       42 00 19 55 
       8B 00 50 00 
       12 00 01 19 
       04 BE 00 B2 
       00 19 04 CC 
       00 4B 00 19 
       55 D1 00 58 
       00 12 00 3C 
       19 04 BE 00 
       B2 00 19 04 
       60 00 A0 00 
       19 55 6D 00 
       42 00 12 00 
       3C 19 04 BE 
       00 B2 00 19 
       04 6D 00 42 
       00 19 55 CC 
       00 4B 00 7F 
       00 10 12 00 
       22 19 04 CC 
       00 4B 00 19 
       04 8C 00 50 
       00 19 55 D2 
       00 58 00 12 
       00 02 19 04 
       BC 00 B3 00 
       19 04 D2 00 
       58 00 19 55 
       C7 00 A2 00 
       12 00 22 19 
       04 CC 00 4B 
       00 19 04 6D 
       00 41 00 19 
       55 8C 00 50 
       00 12 00 02 
       19 04 BC 00 
       B3 00 19 04 
       CC 00 4B 00 
       19 55 D2 00 
       58 00 12 00 
       3C 19 04 BC 
       00 B3 00 19 
       04 60 00 9F 
       00 19 55 6D 
       00 41 00 12 
       00 3C 19 04 
       BC 00 B3 00 
       19 04 6D 00 
       41 00 19 55 
       CC 00 4B 00 
       7F 00 10 12 
       00 22 19 04 
       CB 00 4C 00 
       19 04 8D 00 
       50 00 19 55 
       D3 00 58 00 
       12 00 02 19 
       04 BB 00 B3 
       00 19 04 D3 
       00 58 00 19 
       55 C7 00 A2 
       00 12 00 22 
       19 04 CB 00 
       4C 00 19 04 
       6D 00 41 00 
       19 55 8D 00 
       50 00 12 00 
       02 19 04 BB 
       00 B3 00 19 
       04 CB 00 4C 
       00 19 55 D3 
       00 58 00 12 
       00 3C 19 04 
       BB 00 B3 00 
       19 04 5F 00 
       9E 00 19 55 
       6D 00 41 00 
       12 00 3C 19 
       04 BB 00 B3 
       00 19 04 6D 
       00 41 00 19 
       55 CB 00 4C 
       00 7F 00 10 
       12 00 22 19 
       04 CB 00 4C 
       00 19 04 8E 
       00 4F 00 19 
       55 D4 00 59 
       00 12 00 02 
       19 04 B9 00 
       B3 00 19 04 
       D4 00 59 00 
       19 55 C8 00 
       A2 00 12 00 
       22 19 04 CB 
       00 4C 00 19 
       04 6D 00 41 
       00 19 55 8E 
       00 4F 00 12 
       00 02 19 04 
       B9 00 B3 00 
       19 04 CB 00 
       4C 00 19 55 
       D4 00 59 00 
       12 00 3C 19 
       04 B9 00 B3 
       00 19 04 5F 
       00 9E 00 19 
       55 6D 00 41 
       00 12 00 3C 
       19 04 B9 00 
       B3 00 19 04 
       6D 00 41 00 
       19 55 CB 00 
       4C 00 7F 00 
       10 12 00 22 
       19 04 CA 00 
       4C 00 19 04 
       90 00 4F 00 
       19 55 D5 00 
       59 00 12 00 
       02 19 04 B7 
       00 B4 00 19 
       04 D5 00 59 
       00 19 55 C8 
       00 A3 00 12 
       00 22 19 04 
       CA 00 4C 00 
       19 04 6D 00 
       41 00 19 55 
       90 00 4F 00 
       12 00 02 19 
       04 B7 00 B4 
       00 19 04 CA 
       00 4C 00 19 
       55 D5 00 59 
       00 12 00 3C 
       19 04 B7 00 
       B4 00 19 04 
       5E 00 9D 00 
       19 55 6D 00 
       41 00 12 00 
       3C 19 04 B7 
       00 B4 00 19 
       04 6D 00 41 
       00 19 55 CA 
       00 4C 00 7F 
       00 10 12 00 
       22 19 04 C9 
       00 4D 00 19 
       04 91 00 4F 
       00 19 55 D6 
       00 59 00 12 
       00 02 19 04 
       B6 00 B4 00 
       19 04 D6 00 
       59 00 19 55 
       C8 00 A3 00 
       12 00 22 19 
       04 C9 00 4D 
       00 19 04 6D 
       00 41 00 19 
       55 91 00 4F 
       00 12 00 02 
       19 04 B6 00 
       B4 00 19 04 
       C9 00 4D 00 
       19 55 D6 00 
       59 00 12 00 
       3C 19 04 B6 
       00 B4 00 19 
       04 5E 00 9C 
       00 19 55 6D 
       00 41 00 12 
       00 3C 19 04 
       B6 00 B4 00 
       19 04 6D 00 
       41 00 19 55 
       C9 00 4D 00 
       7F 00 10 12 
       00 22 19 04 
       C8 00 4D 00 
       19 04 92 00 
       4F 00 19 55 
       D7 00 59 00 
       12 00 02 19 
       04 B4 00 B5 
       00 19 04 D7 
       00 59 00 19 
       55 C8 00 A3 
       00 12 00 22 
       19 04 C8 00 
       4D 00 19 04 
       6D 00 40 00 
       19 55 92 00 
       4F 00 12 00 
       02 19 04 B4 
       00 B5 00 19 
       04 C8 00 4D 
       00 19 55 D7 
       00 59 00 12 
       00 3C 19 04 
       B4 00 B5 00 
       19 04 5D 00 
       9C 00 19 55 
       6D 00 40 00 
       12 00 3C 19 
       04 B4 00 B5 
       00 19 04 6D 
       00 40 00 19 
       55 C8 00 4D 
       00 7F 00 10 
       12 00 22 19 
       04 C7 00 4D 
       00 19 04 93 
       00 4F 00 19 
       55 D8 00 5A 
       00 12 00 02 
       19 04 B3 00 
       B5 00 19 04 
       D8 00 5A 00 
       19 55 C8 00 
       A4 00 12 00 
       22 19 04 C7 
       00 4D 00 19 
       04 6D 00 40 
       00 19 55 93 
       00 4F 00 12 
       00 02 19 04 
       B3 00 B5 00 
       19 04 C7 00 
       4D 00 19 55 
       D8 00 5A 00 
       12 00 3C 19 
       04 B3 00 B5 
       00 19 04 5D 
       00 9B 00 19 
       55 6D 00 40 
       00 12 00 3C 
       19 04 B3 00 
       B5 00 19 04 
       6D 00 40 00 
       19 55 C7 00 
       4D 00 7F 00 
       10 12 00 22 
       19 04 C7 00 
       4E 00 19 04 
       94 00 4E 00 
       19 55 D8 00 
       5A 00 12 00 
       02 19 04 B1 
       00 B5 00 19 
       04 D8 00 5A 
       00 19 55 C9 
       00 A4 00 12 
       00 22 19 04 
       C7 00 4E 00 
       19 04 6D 00 
       40 00 19 55 
       94 00 4E 00 
       12 00 02 19 
       04 B1 00 B5 
       00 19 04 C7 
       00 4E 00 19 
       55 D8 00 5A 
       00 12 00 3C 
       19 04 B1 00 
       B5 00 19 04 
       5D 00 9A 00 
       19 55 6D 00 
       40 00 12 00 
       3C 19 04 B1 
       00 B5 00 19 
       04 6D 00 40 
       00 19 55 C7 
       00 4E 00 7F 
       00 10 12 00 
       22 19 04 C6 
       00 4E 00 19 
       04 95 00 4E 
       00 19 55 D9 
       00 5A 00 12 
       00 02 19 04 
       B0 00 B6 00 
       19 04 D9 00 
       5A 00 19 55 
       C9 00 A4 00 
       12 00 22 19 
       04 C6 00 4E 
       00 19 04 6D 
       00 40 00 19 
       55 95 00 4E 
       00 12 00 02 
       19 04 B0 00 
       B6 00 19 04 
       C6 00 4E 00 
       19 55 D9 00 
       5A 00 12 00 
       3C 19 04 B0 
       00 B6 00 19 
       04 5C 00 9A 
       00 19 55 6D 
       00 40 00 12 
       00 3C 19 04 
       B0 00 B6 00 
       19 04 6D 00 
       40 00 19 55 
       C6 00 4E 00 
       7F 00 10 12 
       00 22 19 04 
       C5 00 4F 00 
       19 04 96 00 
       4E 00 19 55 
       DA 00 5A 00 
       12 00 02 19 
       04 AE 00 B6 
       00 19 04 DA 
       00 5A 00 19 
       55 C9 00 A5 
       00 12 00 22 
       19 04 C5 00 
       4F 00 19 04 
       6D 00 40 00 
       19 55 96 00 
       4E 00 12 00 
       02 19 04 AE 
       00 B6 00 19 
       04 C5 00 4F 
       00 19 55 DA 
       00 5A 00 12 
       00 3C 19 04 
       AE 00 B6 00 
       19 04 5C 00 
       99 00 19 55 
       6D 00 40 00 
       12 00 3C 19 
       04 AE 00 B6 
       00 19 04 6D 
       00 40 00 19 
       55 C5 00 4F 
       00 7F 00 10 
       12 00 22 19 
       04 C4 00 4F 
       00 19 04 97 
       00 4E 00 19 
       55 DB 00 5A 
       00 12 00 02 
       19 04 AD 00 
       B6 00 19 04 
       DB 00 5A 00 
       19 55 C9 00 
       A5 00 12 00 
       22 19 04 C4 
       00 4F 00 19 
       04 6D 00 40 
       00 19 55 97 
       00 4E 00 12 
       00 3C 19 04 
       AD 00 B6 00 
       19 04 5C 00 
       99 00 19 55 
       6D 00 40 00 
       12 00 02 19 
       04 AD 00 B6 
       00 19 04 C4 
       00 4F 00 19 
       55 DB 00 5A 
       00 12 00 3C 
       19 04 AD 00 
       B6 00 19 04 
       6D 00 40 00 
       19 55 C4 00 
       4F 00 7F 00 
       10 12 00 22 
       19 04 C3 00 
       4F 00 19 04 
       98 00 4E 00 
       19 55 DB 00 
       5B 00 12 00 
       02 19 04 AB 
       00 B7 00 19 
       04 DB 00 5B 
       00 19 55 C9 
       00 A5 00 12 
       00 22 19 04 
       C3 00 4F 00 
       19 04 6D 00 
       40 00 19 55 
       98 00 4E 00 
       12 00 3C 19 
       04 AB 00 B7 
       00 19 04 5C 
       00 98 00 19 
       55 6D 00 40 
       00 12 00 02 
       19 04 AB 00 
       B7 00 19 04 
       C3 00 4F 00 
       19 55 DB 00 
       5B 00 12 00 
       3C 19 04 AB 
       00 B7 00 19 
       04 6D 00 40 
       00 19 55 C3 
       00 4F 00 7F 
       00 10 12 00 
       22 19 04 C2 
       00 4F 00 19 
       04 99 00 4E 
       00 19 55 DC 
       00 5B 00 12 
       00 02 19 04 
       AA 00 B7 00 
       19 04 DC 00 
       5B 00 19 55 
       CA 00 A6 00 
       12 00 22 19 
       04 C2 00 4F 
       00 19 04 6D 
       00 40 00 19 
       55 99 00 4E 
       00 12 00 3C 
       19 04 AA 00 
       B7 00 19 04 
       5C 00 98 00 
       19 55 6D 00 
       40 00 12 00 
       02 19 04 AA 
       00 B7 00 19 
       04 C2 00 4F 
       00 19 55 DC 
       00 5B 00 12 
       00 3C 19 04 
       AA 00 B7 00 
       19 04 6D 00 
       40 00 19 55 
       C2 00 4F 00 
       7F 00 10 12 
       00 22 19 04 
       C1 00 50 00 
       19 04 9A 00 
       4D 00 19 55 
       DD 00 5B 00 
       12 00 02 19 
       04 A8 00 B7 
       00 19 04 DD 
       00 5B 00 19 
       55 CA 00 A6 
       00 12 00 22 
       19 04 C1 00 
       50 00 19 04 
       6D 00 40 00 
       19 55 9A 00 
       4D 00 12 00 
       3C 19 04 A8 
       00 B7 00 19 
       04 5C 00 97 
       00 19 55 6D 
       00 40 00 12 
       00 02 19 04 
       A8 00 B7 00 
       19 04 C1 00 
       50 00 19 55 
       DD 00 5B 00 
       12 00 3C 19 
       04 A8 00 B7 
       00 19 04 6D 
       00 40 00 19 
       55 C1 00 50 
       00 7F 00 10 
       12 00 22 19 
       04 C0 00 50 
       00 19 04 9B 
       00 4D 00 19 
       55 DD 00 5B 
       00 12 00 02 
       19 04 A7 00 
       B7 00 19 04 
       DD 00 5B 00 
       19 55 CA 00 
       A6 00 12 00 
       22 19 04 C0 
       00 50 00 19 
       04 6D 00 40 
       00 19 55 9B 
       00 4D 00 12 
       00 3C 19 04 
       A7 00 B7 00 
       19 04 5C 00 
       97 00 19 55 
       6D 00 40 00 
       12 00 02 19 
       04 A7 00 B7 
       00 19 04 C0 
       00 50 00 19 
       55 DD 00 5B 
       00 12 00 3C 
       19 04 A7 00 
       B7 00 19 04 
       6D 00 40 00 
       19 55 C0 00 
       50 00 7F 00 
       10 12 00 22 
       19 04 BE 00 
       50 00 19 04 
       9C 00 4D 00 
       19 55 DE 00 
       5B 00 12 00 
       02 19 04 A5 
       00 B7 00 19 
       04 DE 00 5B 
       00 19 55 CA 
       00 A6 00 12 
       00 22 19 04 
       BE 00 50 00 
       19 04 6D 00 
       40 00 19 55 
       9C 00 4D 00 
       12 00 3C 19 
       04 A5 00 B7 
       00 19 04 5C 
       00 96 00 19 
       55 6D 00 40 
       00 12 00 02 
       19 04 A5 00 
       B7 00 19 04 
       BE 00 50 00 
       19 55 DE 00 
       5B 00 12 00 
       3C 19 04 A5 
       00 B7 00 19 
       04 6D 00 40 
       00 19 55 BE 
       00 50 00 7F 
       00 10 12 00 
       22 19 04 BD 
       00 51 00 19 
       04 9C 00 4D 
       00 19 55 DE 
       00 5B 00 12 
       00 02 19 04 
       A4 00 B8 00 
       19 04 DE 00 
       5B 00 19 55 
       CB 00 A7 00 
       12 00 22 19 
       04 BD 00 51 
       00 19 04 6D 
       00 40 00 19 
       55 9C 00 4D 
       00 12 00 3C 
       19 04 A4 00 
       B8 00 19 04 
       5C 00 96 00 
       19 55 6D 00 
       40 00 12 00 
       02 19 04 A4 
       00 B8 00 19 
       04 BD 00 51 
       00 19 55 DE 
       00 5B 00 12 
       00 3C 19 04 
       A4 00 B8 00 
       19 04 6D 00 
       40 00 19 55 
       BD 00 51 00 
       7F 00 10 12 
       00 22 19 04 
       BC 00 51 00 
       19 04 9D 00 
       4D 00 19 55 
       DF 00 5B 00 
       12 00 02 19 
       04 A3 00 B8 
       00 19 04 DF 
       00 5B 00 19 
       55 CB 00 A7 
       00 12 00 22 
       19 04 BC 00 
       51 00 19 04 
       6D 00 40 00 
       19 55 9D 00 
       4D 00 12 00 
       3C 19 04 A3 
       00 B8 00 19 
       04 5C 00 96 
       00 19 55 6D 
       00 40 00 12 
       00 02 19 04 
       A3 00 B8 00 
       19 04 BC 00 
       51 00 19 55 
       DF 00 5B 00 
       12 00 3C 19 
       04 A3 00 B8 
       00 19 04 6D 
       00 40 00 19 
       55 BC 00 51 
       00 7F 00 10 
       12 00 22 19 
       04 BB 00 51 
       00 19 04 9E 
       00 4D 00 19 
       55 E0 00 5B 
       00 12 00 02 
       19 04 A1 00 
       B8 00 19 04 
       E0 00 5B 00 
       19 55 CB 00 
       A7 00 12 00 
       22 19 04 BB 
       00 51 00 19 
       04 6D 00 40 
       00 19 55 9E 
       00 4D 00 12 
       00 3C 19 04 
       A1 00 B8 00 
       19 04 5C 00 
       95 00 19 55 
       6D 00 40 00 
       12 00 02 19 
       04 A1 00 B8 
       00 19 04 BB 
       00 51 00 19 
       55 E0 00 5B 
       00 12 00 3C 
       19 04 A1 00 
       B8 00 19 04 
       6D 00 40 00 
       19 55 BB 00 
       51 00 7F 00 
       10 12 00 22 
       19 04 B9 00 
       51 00 19 04 
       9F 00 4D 00 
       19 55 E0 00 
       5C 00 12 00 
       02 19 04 A0 
       00 B8 00 19 
       04 E0 00 5C 
       00 19 55 CB 
       00 A7 00 12 
       00 22 19 04 
       B9 00 51 00 
       19 04 6D 00 
       40 00 19 55 
       9F 00 4D 00 
       12 00 3C 19 
       04 A0 00 B8 
       00 19 04 5C 
       00 95 00 19 
       55 6D 00 40 
       00 12 00 02 
       19 04 A0 00 
       B8 00 19 04 
       B9 00 51 00 
       19 55 E0 00 
       5C 00 12 00 
       3C 19 04 A0 
       00 B8 00 19 
       04 6D 00 40 
       00 19 55 B9 
       00 51 00 7F 
       00 10 12 00 
       22 19 04 B8 
       00 51 00 19 
       04 A0 00 4D 
       00 19 55 E1 
       00 5C 00 12 
       00 02 19 04 
       9F 00 B8 00 
       19 04 E1 00 
       5C 00 19 55 
       CC 00 A8 00 
       12 00 22 19 
       04 B8 00 51 
       00 19 04 6D 
       00 40 00 19 
       55 A0 00 4D 
       00 12 00 3C 
       19 04 9F 00 
       B8 00 19 04 
       5C 00 94 00 
       19 55 6D 00 
       40 00 12 00 
       02 19 04 9F 
       00 B8 00 19 
       04 B8 00 51 
       00 19 55 E1 
       00 5C 00 12 
       00 3C 19 04 
       9F 00 B8 00 
       19 04 6D 00 
       40 00 19 55 
       B8 00 51 00 
       7F 00 10 12 
       00 22 19 04 
       B7 00 52 00 
       19 04 A1 00 
       4C 00 19 55 
       E1 00 5C 00 
       12 00 02 19 
       04 9D 00 B8 
       00 19 04 E1 
       00 5C 00 19 
       55 CC 00 A8 
       00 12 00 22 
       19 04 B7 00 
       52 00 19 04 
       6D 00 40 00 
       19 55 A1 00 
       4C 00 12 00 
       3C 19 04 9D 
       00 B8 00 19 
       04 5C 00 94 
       00 19 55 6D 
       00 40 00 12 
       00 02 19 04 
       9D 00 B8 00 
       19 04 B7 00 
       52 00 19 55 
       E1 00 5C 00 
       12 00 3C 19 
       04 9D 00 B8 
       00 19 04 6D 
       00 40 00 19 
       55 B7 00 52 
       00 7F 00 10 
       12 00 22 19 
       04 B5 00 52 
       00 19 04 A2 
       00 4C 00 19 
       55 E1 00 5C 
       00 12 00 22 
       19 04 B5 00 
       52 00 19 04 
       6D 00 40 00 
       19 55 A2 00 
       4C 00 12 00 
       02 19 04 9C 
       00 B8 00 19 
       04 E1 00 5C 
       00 19 55 CC 
       00 A8 00 12 
       00 3C 19 04 
       9C 00 B8 00 
       19 04 5C 00 
       94 00 19 55 
       6D 00 40 00 
       12 00 02 19 
       04 9C 00 B8 
       00 19 04 B5 
       00 52 00 19 
       55 E1 00 5C 
       00 12 00 3C 
       19 04 9C 00 
       B8 00 19 04 
       6D 00 40 00 
       19 55 B5 00 
       52 00 7F 00 
       10 12 00 22 
       19 04 B4 00 
       52 00 19 04 
       A3 00 4C 00 
       19 55 E2 00 
       5C 00 12 00 
       22 19 04 B4 
       00 52 00 19 
       04 6D 00 40 
       00 19 55 A3 
       00 4C 00 12 
       00 02 19 04 
       9B 00 B8 00 
       19 04 E2 00 
       5C 00 19 55 
       CC 00 A8 00 
       12 00 3C 19 
       04 9B 00 B8 
       00 19 04 5D 
       00 94 00 19 
       55 6D 00 40 
       00 12 00 02 
       19 04 9B 00 
       B8 00 19 04 
       B4 00 52 00 
       19 55 E2 00 
       5C 00 12 00 
       3C 19 04 9B 
       00 B8 00 19 
       04 6D 00 40 
       00 19 55 B4 
       00 52 00 7F 
       00 10 12 00 
       22 19 04 B3 
       00 52 00 19 
       04 A3 00 4C 
       00 19 55 E2 
       00 5C 00 12 
       00 22 19 04 
       B3 00 52 00 
       19 04 6D 00 
       40 00 19 55 
       A3 00 4C 00 
       12 00 02 19 
       04 9A 00 B8 
       00 19 04 E2 
       00 5C 00 19 
       55 CD 00 A9 
       00 12 00 3C 
       19 04 9A 00 
       B8 00 19 04 
       5D 00 93 00 
       19 55 6D 00 
       40 00 12 00 
       02 19 04 9A 
       00 B8 00 19 
       04 B3 00 52 
       00 19 55 E2 
       00 5C 00 12 
       00 3C 19 04 
       9A 00 B8 00 
       19 04 6D 00 
       40 00 19 55 
       B3 00 52 00 
       7F 00 10 12 
       00 22 19 04 
       B1 00 52 00 
       19 04 A4 00 
       4C 00 19 55 
       E3 00 5C 00 
       12 00 22 19 
       04 B1 00 52 
       00 19 04 6D 
       00 40 00 19 
       55 A4 00 4C 
       00 12 00 02 
       19 04 99 00 
       B8 00 19 04 
       E3 00 5C 00 
       19 55 CD 00 
       A9 00 12 00 
       3C 19 04 99 
       00 B8 00 19 
       04 5D 00 93 
       00 19 55 6D 
       00 40 00 12 
       00 02 19 04 
       99 00 B8 00 
       19 04 B1 00 
       52 00 19 55 
       E3 00 5C 00 
       12 00 3C 19 
       04 99 00 B8 
       00 19 04 6D 
       00 40 00 19 
       55 B1 00 52 
       00 7F 00 10 
       12 00 22 19 
       04 B0 00 52 
       00 19 04 A5 
       00 4C 00 19 
       55 E3 00 5C 
       00 12 00 22 
       19 04 B0 00 
       52 00 19 04 
       6D 00 41 00 
       19 55 A5 00 
       4C 00 12 00 
       02 19 04 97 
       00 B8 00 19 
       04 E3 00 5C 
       00 19 55 CD 
       00 A9 00 12 
       00 3C 19 04 
       97 00 B8 00 
       19 04 5E 00 
       93 00 19 55 
       6D 00 41 00 
       12 00 02 19 
       04 97 00 B8 
       00 19 04 B0 
       00 52 00 19 
       55 E3 00 5C 
       00 12 00 3C 
       19 04 97 00 
       B8 00 19 04 
       6D 00 41 00 
       19 55 B0 00 
       52 00 7F 00 
       10 12 00 22 
       19 04 AE 00 
       52 00 19 04 
       A6 00 4C 00 
       19 55 E3 00 
       5B 00 12 00 
       22 19 04 AE 
       00 52 00 19 
       04 6D 00 41 
       00 19 55 A6 
       00 4C 00 12 
       00 02 19 04 
       96 00 B8 00 
       19 04 E3 00 
       5B 00 19 55 
       CE 00 A9 00 
       12 00 28 19 
       04 96 00 B8 
       00 19 04 5E 
       00 93 00 19 
       55 6D 00 41 
       00 12 00 02 
       19 04 96 00 
       B8 00 19 04 
       AE 00 52 00 
       19 55 E3 00 
       5B 00 12 00 
       28 19 04 96 
       00 B8 00 19 
       04 6D 00 41 
       00 19 55 AE 
       00 52 00 7F 
       00 10 12 00 
       22 19 04 AD 
       00 52 00 19 
       04 A6 00 4C 
       00 19 55 E3 
       00 5B 00 12 
       00 22 19 04 
       AD 00 52 00 
       19 04 6D 00 
       41 00 19 55 
       A6 00 4C 00 
       12 00 02 19 
       04 95 00 B8 
       00 19 04 E3 
       00 5B 00 19 
       55 CE 00 A9 
       00 12 00 28 
       19 04 95 00 
       B8 00 19 04 
       5E 00 92 00 
       19 55 6D 00 
       41 00 12 00 
       02 19 04 95 
       00 B8 00 19 
       04 AD 00 52 
       00 19 55 E3 
       00 5B 00 12 
       00 28 19 04 
       95 00 B8 00 
       19 04 6D 00 
       41 00 19 55 
       AD 00 52 00 
       7F 00 10 12 
       00 22 19 04 
       AB 00 52 00 
       19 04 A7 00 
       4C 00 19 55 
       E4 00 5B 00 
       12 00 22 19 
       04 AB 00 52 
       00 19 04 6D 
       00 41 00 19 
       55 A7 00 4C 
       00 12 00 02 
       19 04 94 00 
       B8 00 19 04 
       E4 00 5B 00 
       19 55 CE 00 
       A9 00 12 00 
       28 19 04 94 
       00 B8 00 19 
       04 5F 00 92 
       00 19 55 6D 
       00 41 00 12 
       00 02 19 04 
       94 00 B8 00 
       19 04 AB 00 
       52 00 19 55 
       E4 00 5B 00 
       12 00 28 19 
       04 94 00 B8 
       00 19 04 6D 
       00 41 00 19 
       55 AB 00 52 
       00 7F 00 10 
       12 00 22 19 
       04 AA 00 52 
       00 19 04 A8 
       00 4C 00 19 
       55 E4 00 5B 
       00 12 00 22 
       19 04 AA 00 
       52 00 19 04 
       6D 00 41 00 
       19 55 A8 00 
       4C 00 12 00 
       02 19 04 93 
       00 B8 00 19 
       04 E4 00 5B 
       00 19 55 CF 
       00 AA 00 12 
       00 28 19 04 
       93 00 B8 00 
       19 04 5F 00 
       92 00 19 55 
       6D 00 41 00 
       12 00 02 19 
       04 93 00 B8 
       00 19 04 AA 
       00 52 00 19 
       55 E4 00 5B 
       00 12 00 28 
       19 04 93 00 
       B8 00 19 04 
       6D 00 41 00 
       19 55 AA 00 
       52 00 7F 00 
       10 12 00 22 
       19 04 A8 00 
       52 00 19 04 
       A9 00 4C 00 
       19 55 E4 00 
       5B 00 12 00 
       22 19 04 A8 
       00 52 00 19 
       04 6D 00 41 
       00 19 55 A9 
       00 4C 00 12 
       00 02 19 04 
       92 00 B8 00 
       19 04 E4 00 
       5B 00 19 55 
       CF 00 AA 00 
       12 00 28 19 
       04 92 00 B8 
       00 19 04 60 
       00 92 00 19 
       55 6D 00 41 
       00 12 00 02 
       19 04 92 00 
       B8 00 19 04 
       A8 00 52 00 
       19 55 E4 00 
       5B 00 12 00 
       28 19 04 92 
       00 B8 00 19 
       04 6D 00 41 
       00 19 55 A8 
       00 52 00 7F 
       00 10 12 00 
       22 19 04 A6 
       00 52 00 19 
       04 6D 00 42 
       00 19 55 A9 
       00 4C 00 12 
       00 22 19 04 
       A6 00 52 00 
       19 04 A9 00 
       4C 00 19 55 
       E4 00 5B 00 
       12 00 28 19 
       04 91 00 B8 
       00 19 04 60 
       00 92 00 19 
       55 6D 00 42 
       00 12 00 02 
       19 04 91 00 
       B8 00 19 04 
       E4 00 5B 00 
       19 55 CF 00 
       AA 00 12 00 
       28 19 04 91 
       00 B8 00 19 
       04 6D 00 42 
       00 19 55 A6 
       00 52 00 12 
       00 02 19 04 
       91 00 B8 00 
       19 04 A6 00 
       52 00 19 55 
       E4 00 5B 00 
       7F 00 10 12 
       00 22 19 04 
       A5 00 52 00 
       19 04 6D 00 
       42 00 19 55 
       AA 00 4C 00 
       12 00 22 19 
       04 A5 00 52 
       00 19 04 AA 
       00 4C 00 19 
       55 E4 00 5B 
       00 12 00 28 
       19 04 90 00 
       B8 00 19 04 
       60 00 92 00 
       19 55 6D 00 
       42 00 12 00 
       03 19 04 90 
       00 B8 00 19 
       04 E4 00 5B 
       00 19 55 CF 
       00 AA 00 12 
       00 28 19 04 
       90 00 B8 00 
       19 04 6D 00 
       42 00 19 55 
       A5 00 52 00 
       12 00 03 19 
       04 90 00 B8 
       00 19 04 A5 
       00 52 00 19 
       55 E4 00 5B 
       00 7F 00 10 
       12 00 22 19 
       04 A3 00 52 
       00 19 04 6D 
       00 42 00 19 
       55 AB 00 4C 
       00 12 00 22 
       19 04 A3 00 
       52 00 19 04 
       AB 00 4C 00 
       19 55 E4 00 
       5A 00 12 00 
       28 19 04 8F 
       00 B8 00 19 
       04 61 00 92 
       00 19 55 6D 
       00 42 00 12 
       00 03 19 04 
       8F 00 B8 00 
       19 04 E4 00 
       5A 00 19 55 
       D0 00 AA 00 
       12 00 28 19 
       04 8F 00 B8 
       00 19 04 6D 
       00 42 00 19 
       55 A3 00 52 
       00 12 00 03 
       19 04 8F 00 
       B8 00 19 04 
       A3 00 52 00 
       19 55 E4 00 
       5A 00 7F 00 
       10 12 00 22 
       19 04 A2 00 
       52 00 19 04 
       6D 00 42 00 
       19 55 AB 00 
       4C 00 12 00 
       22 19 04 A2 
       00 52 00 19 
       04 AB 00 4C 
       00 19 55 E4 
       00 5A 00 12 
       00 28 19 04 
       8E 00 B8 00 
       19 04 61 00 
       92 00 19 55 
       6D 00 42 00 
       12 00 03 19 
       04 8E 00 B8 
       00 19 04 E4 
       00 5A 00 19 
       55 D0 00 AA 
       00 12 00 28 
       19 04 8E 00 
       B8 00 19 04 
       6D 00 42 00 
       19 55 A2 00 
       52 00 12 00 
       03 19 04 8E 
       00 B8 00 19 
       04 A2 00 52 
       00 19 55 E4 
       00 5A 00 7F 
       00 10 12 00 
       22 19 04 A0 
       00 52 00 19 
       04 6D 00 43 
       00 19 55 AC 
       00 4C 00 12 
       00 22 19 04 
       A0 00 52 00 
       19 04 AC 00 
       4C 00 19 55 
       E4 00 5A 00 
       12 00 28 19 
       04 8D 00 B8 
       00 19 04 62 
       00 92 00 19 
       55 6D 00 43 
       00 12 00 03 
       19 04 8D 00 
       B8 00 19 04 
       E4 00 5A 00 
       19 55 D0 00 
       AB 00 12 00 
       28 19 04 8D 
       00 B8 00 19 
       04 6D 00 43 
       00 19 55 A0 
       00 52 00 12 
       00 03 19 04 
       8D 00 B8 00 
       19 04 A0 00 
       52 00 19 55 
       E4 00 5A 00 
       7F 00 10 12 
       00 22 19 04 
       9E 00 51 00 
       19 04 6D 00 
       43 00 19 55 
       AD 00 4C 00 
       12 00 22 19 
       04 9E 00 51 
       00 19 04 AD 
       00 4C 00 19 
       55 E4 00 5A 
       00 12 00 28 
       19 04 8C 00 
       B8 00 19 04 
       62 00 92 00 
       19 55 6D 00 
       43 00 12 00 
       03 19 04 8C 
       00 B8 00 19 
       04 E4 00 5A 
       00 19 55 D1 
       00 AB 00 12 
       00 28 19 04 
       8C 00 B8 00 
       19 04 6D 00 
       43 00 19 55 
       9E 00 51 00 
       12 00 03 19 
       04 8C 00 B8 
       00 19 04 9E 
       00 51 00 19 
       55 E4 00 5A 
       00 7F 00 10 
       12 00 22 19 
       04 9D 00 51 
       00 19 04 6D 
       00 43 00 19 
       55 AD 00 4C 
       00 12 00 28 
       19 04 8B 00 
       B7 00 19 04 
       63 00 92 00 
       19 55 6D 00 
       43 00 12 00 
       22 19 04 9D 
       00 51 00 19 
       04 AD 00 4C 
       00 19 55 E4 
       00 59 00 12 
       00 03 19 04 
       8B 00 B7 00 
       19 04 E4 00 
       59 00 19 55 
       D1 00 AB 00 
       12 00 28 19 
       04 8B 00 B7 
       00 19 04 6D 
       00 43 00 19 
       55 9D 00 51 
       00 12 00 03 
       19 04 8B 00 
       B7 00 19 04 
       9D 00 51 00 
       19 55 E4 00 
       59 00 7F 00 
       10 12 00 22 
       19 04 9B 00 
       51 00 19 04 
       6D 00 43 00 
       19 55 AE 00 
       4C 00 12 00 
       28 19 04 8A 
       00 B7 00 19 
       04 64 00 92 
       00 19 55 6D 
       00 43 00 12 
       00 22 19 04 
       9B 00 51 00 
       19 04 AE 00 
       4C 00 19 55 
       E4 00 59 00 
       12 00 03 19 
       04 8A 00 B7 
       00 19 04 E4 
       00 59 00 19 
       55 D1 00 AB 
       00 12 00 28 
       19 04 8A 00 
       B7 00 19 04 
       6D 00 43 00 
       19 55 9B 00 
       51 00 12 00 
       03 19 04 8A 
       00 B7 00 19 
       04 9B 00 51 
       00 19 55 E4 
       00 59 00 7F 
       00 10 12 00 
       22 19 04 99 
       00 51 00 19 
       04 6D 00 44 
       00 19 55 AE 
       00 4C 00 12 
       00 28 19 04 
       8A 00 B7 00 
       19 04 64 00 
       92 00 19 55 
       6D 00 44 00 
       12 00 22 19 
       04 99 00 51 
       00 19 04 AE 
       00 4C 00 19 
       55 E4 00 59 
       00 12 00 03 
       19 04 8A 00 
       B7 00 19 04 
       E4 00 59 00 
       19 55 D2 00 
       AB 00 12 00 
       28 19 04 8A 
       00 B7 00 19 
       04 6D 00 44 
       00 19 55 99 
       00 51 00 12 
       00 03 19 04 
       8A 00 B7 00 
       19 04 99 00 
       51 00 19 55 
       E4 00 59 00 
       7F 00 10 12 
       00 22 19 04 
       98 00 51 00 
       19 04 6D 00 
       44 00 19 55 
       AF 00 4C 00 
       12 00 28 19 
       04 89 00 B7 
       00 19 04 65 
       00 92 00 19 
       55 6D 00 44 
       00 12 00 22 
       19 04 98 00 
       51 00 19 04 
       AF 00 4C 00 
       19 55 E4 00 
       58 00 12 00 
       03 19 04 89 
       00 B7 00 19 
       04 E4 00 58 
       00 19 55 D2 
       00 AB 00 12 
       00 28 19 04 
       89 00 B7 00 
       19 04 6D 00 
       44 00 19 55 
       98 00 51 00 
       12 00 03 19 
       04 89 00 B7 
       00 19 04 98 
       00 51 00 19 
       55 E4 00 58 
       00 7F 00 10 
       12 00 22 19 
       04 96 00 50 
       00 19 04 6D 
       00 44 00 19 
       55 B0 00 4C 
       00 12 00 28 
       19 04 88 00 
       B7 00 19 04 
       65 00 92 00 
       19 55 6D 00 
       44 00 12 00 
       22 19 04 96 
       00 50 00 19 
       04 B0 00 4C 
       00 19 55 E4 
       00 58 00 12 
       00 03 19 04 
       88 00 B7 00 
       19 04 E4 00 
       58 00 19 55 
       D2 00 AB 00 
       12 00 28 19 
       04 88 00 B7 
       00 19 04 6D 
       00 44 00 19 
       55 96 00 50 
       00 12 00 03 
       19 04 88 00 
       B7 00 19 04 
       96 00 50 00 
       19 55 E4 00 
       58 00 7F 00 
       10 12 00 22 
       19 04 94 00 
       50 00 19 04 
       6D 00 45 00 
       19 55 B0 00 
       4C 00 12 00 
       28 19 04 87 
       00 B7 00 19 
       04 66 00 92 
       00 19 55 6D 
       00 45 00 12 
       00 22 19 04 
       94 00 50 00 
       19 04 B0 00 
       4C 00 19 55 
       E4 00 58 00 
       12 00 03 19 
       04 87 00 B7 
       00 19 04 E4 
       00 58 00 19 
       55 D3 00 AB 
       00 12 00 28 
       19 04 87 00 
       B7 00 19 04 
       6D 00 45 00 
       19 55 94 00 
       50 00 12 00 
       03 19 04 87 
       00 B7 00 19 
       04 94 00 50 
       00 19 55 E4 
       00 58 00 7F 
       00 10 12 00 
       22 19 04 93 
       00 50 00 19 
       04 6D 00 45 
       00 19 55 B1 
       00 4C 00 12 
       00 28 19 04 
       86 00 B6 00 
       19 04 67 00 
       92 00 19 55 
       6D 00 45 00 
       12 00 22 19 
       04 93 00 50 
       00 19 04 B1 
       00 4C 00 19 
       55 E4 00 57 
       00 12 00 03 
       19 04 86 00 
       B6 00 19 04 
       E4 00 57 00 
       19 55 D3 00 
       AB 00 12 00 
       28 19 04 86 
       00 B6 00 19 
       04 6D 00 45 
       00 19 55 93 
       00 50 00 12 
       00 03 19 04 
       86 00 B6 00 
       19 04 93 00 
       50 00 19 55 
       E4 00 57 00 
       7F 00 10 12 
       00 22 19 04 
       91 00 50 00 
       19 04 6E 00 
       45 00 19 55 
       B1 00 4D 00 
       12 00 28 19 
       04 85 00 B6 
       00 19 04 67 
       00 93 00 19 
       55 6E 00 45 
       00 12 00 22 
       19 04 91 00 
       50 00 19 04 
       B1 00 4D 00 
       19 55 E3 00 
       57 00 12 00 
       03 19 04 85 
       00 B6 00 19 
       04 E3 00 57 
       00 19 55 D3 
       00 AB 00 12 
       00 28 19 04 
       85 00 B6 00 
       19 04 6E 00 
       45 00 19 55 
       91 00 50 00 
       12 00 03 19 
       04 85 00 B6 
       00 19 04 91 
       00 50 00 19 
       55 E3 00 57 
       00 7F 00 10 
       12 00 22 19 
       04 90 00 4F 
       00 19 04 6E 
       00 46 00 19 
       55 B2 00 4D 
       00 12 00 28 
       19 04 85 00 
       B6 00 19 04 
       68 00 93 00 
       19 55 6E 00 
       46 00 12 00 
       22 19 04 90 
       00 4F 00 19 
       04 B2 00 4D 
       00 19 55 E3 
       00 56 00 12 
       00 03 19 04 
       85 00 B6 00 
       19 04 E3 00 
       56 00 19 55 
       D4 00 AC 00 
       12 00 28 19 
       04 85 00 B6 
       00 19 04 6E 
       00 46 00 19 
       55 90 00 4F 
       00 12 00 03 
       19 04 85 00 
       B6 00 19 04 
       90 00 4F 00 
       19 55 E3 00 
       56 00 7F 00 
       10 12 00 22 
       19 04 8E 00 
       4F 00 19 04 
       6E 00 46 00 
       19 55 B3 00 
       4D 00 12 00 
       28 19 04 84 
       00 B6 00 19 
       04 68 00 93 
       00 19 55 6E 
       00 46 00 12 
       00 22 19 04 
       8E 00 4F 00 
       19 04 B3 00 
       4D 00 19 55 
       E3 00 56 00 
       12 00 03 19 
       04 84 00 B6 
       00 19 04 E3 
       00 56 00 19 
       55 D4 00 AC 
       00 12 00 28 
       19 04 84 00 
       B6 00 19 04 
       6E 00 46 00 
       19 55 8E 00 
       4F 00 12 00 
       03 19 04 84 
       00 B6 00 19 
       04 8E 00 4F 
       00 19 55 E3 
       00 56 00 7F 
       00 10 12 00 
       22 19 04 8C 
       00 4F 00 19 
       04 6E 00 47 
       00 19 55 B3 
       00 4D 00 12 
       00 28 19 04 
       83 00 B5 00 
       19 04 69 00 
       93 00 19 55 
       6E 00 47 00 
       12 00 22 19 
       04 8C 00 4F 
       00 19 04 B3 
       00 4D 00 19 
       55 E3 00 56 
       00 12 00 03 
       19 04 83 00 
       B5 00 19 04 
       E3 00 56 00 
       19 55 D4 00 
       AC 00 12 00 
       28 19 04 83 
       00 B5 00 19 
       04 6E 00 47 
       00 19 55 8C 
       00 4F 00 12 
       00 03 19 04 
       83 00 B5 00 
       19 04 8C 00 
       4F 00 19 55 
       E3 00 56 00 
       7F 00 10 12 
       00 22 19 04 
       8B 00 4E 00 
       19 04 6E 00 
       47 00 19 55 
       B4 00 4D 00 
       12 00 28 19 
       04 82 00 B5 
       00 19 04 6A 
       00 93 00 19 
       55 6E 00 47 
       00 12 00 22 
       19 04 8B 00 
       4E 00 19 04 
       B4 00 4D 00 
       19 55 E2 00 
       55 00 12 00 
       03 19 04 82 
       00 B5 00 19 
       04 E2 00 55 
       00 19 55 D4 
       00 AC 00 12 
       00 28 19 04 
       82 00 B5 00 
       19 04 6E 00 
       47 00 19 55 
       8B 00 4E 00 
       12 00 03 19 
       04 82 00 B5 
       00 19 04 8B 
       00 4E 00 19 
       55 E2 00 55 
       00 7F 00 10 
       12 00 22 19 
       04 89 00 4E 
       00 19 04 6F 
       00 47 00 19 
       55 B4 00 4D 
       00 12 00 28 
       19 04 81 00 
       B5 00 19 04 
       6A 00 93 00 
       19 55 6F 00 
       47 00 12 00 
       22 19 04 89 
       00 4E 00 19 
       04 B4 00 4D 
       00 19 55 E2 
       00 55 00 12 
       00 03 19 04 
       81 00 B5 00 
       19 04 E2 00 
       55 00 19 55 
       D5 00 AC 00 
       12 00 28 19 
       04 81 00 B5 
       00 19 04 6F 
       00 47 00 19 
       55 89 00 4E 
       00 12 00 03 
       19 04 81 00 
       B5 00 19 04 
       89 00 4E 00 
       19 55 E2 00 
       55 00 7F 00 
       10 12 00 22 
       19 04 88 00 
       4E 00 19 04 
       6F 00 48 00 
       19 55 B5 00 
       4D 00 12 00 
       28 19 04 81 
       00 B4 00 19 
       04 6B 00 94 
       00 19 55 6F 
       00 48 00 12 
       00 22 19 04 
       88 00 4E 00 
       19 04 B5 00 
       4D 00 19 55 
       E1 00 54 00 
       12 00 03 19 
       04 81 00 B4 
       00 19 04 E1 
       00 54 00 19 
       55 D5 00 AC 
       00 12 00 28 
       19 04 81 00 
       B4 00 19 04 
       6F 00 48 00 
       19 55 88 00 
       4E 00 12 00 
       03 19 04 81 
       00 B4 00 19 
       04 88 00 4E 
       00 19 55 E1 
       00 54 00 7F 
       00 10 12 00 
       14 19 04 80 
       00 B4 00 19 
       04 6C 00 94 
       00 19 55 6F 
       00 48 00 12 
       00 22 19 04 
       86 00 4D 00 
       19 04 6F 00 
       48 00 19 55 
       B5 00 4E 00 
       12 00 22 19 
       04 86 00 4D 
       00 19 04 B5 
       00 4E 00 19 
       55 E1 00 53 
       00 12 00 03 
       19 04 80 00 
       B4 00 19 04 
       E1 00 53 00 
       19 55 D5 00 
       AC 00 12 00 
       14 19 04 80 
       00 B4 00 19 
       04 6F 00 48 
       00 19 55 86 
       00 4D 00 12 
       00 03 19 04 
       80 00 B4 00 
       19 04 86 00 
       4D 00 19 55 
       E1 00 53 00 
       7F 00 10 12 
       00 14 19 04 
       7F 00 B4 00 
       19 04 6D 00 
       94 00 19 55 
       70 00 49 00 
       12 00 22 19 
       04 85 00 4D 
       00 19 04 70 
       00 49 00 19 
       55 B6 00 4E 
       00 12 00 22 
       19 04 85 00 
       4D 00 19 04 
       B6 00 4E 00 
       19 55 E0 00 
       53 00 12 00 
       03 19 04 7F 
       00 B4 00 19 
       04 E0 00 53 
       00 19 55 D5 
       00 AC 00 12 
       00 14 19 04 
       7F 00 B4 00 
       19 04 70 00 
       49 00 19 55 
       85 00 4D 00 
       12 00 03 19 
       04 7F 00 B4 
       00 19 04 85 
       00 4D 00 19 
       55 E0 00 53 
       00 7F 00 10 
       12 00 14 19 
       04 7E 00 B4 
       00 19 04 6D 
       00 94 00 19 
       55 70 00 49 
       00 12 00 22 
       19 04 83 00 
       4D 00 19 04 
       70 00 49 00 
       19 55 B7 00 
       4E 00 12 00 
       22 19 04 83 
       00 4D 00 19 
       04 B7 00 4E 
       00 19 55 E0 
       00 52 00 12 
       00 14 19 04 
       7E 00 B4 00 
       19 04 70 00 
       49 00 19 55 
       83 00 4D 00 
       12 00 03 19 
       04 7E 00 B4 
       00 19 04 E0 
       00 52 00 19 
       55 D5 00 AC 
       00 12 00 03 
       19 04 7E 00 
       B4 00 19 04 
       83 00 4D 00 
       19 55 E0 00 
       52 00 7F 00 
       10 12 00 14 
       19 04 7D 00 
       B3 00 19 04 
       6E 00 95 00 
       19 55 70 00 
       4A 00 12 00 
       22 19 04 82 
       00 4C 00 19 
       04 70 00 4A 
       00 19 55 B7 
       00 4E 00 12 
       00 22 19 04 
       82 00 4C 00 
       19 04 B7 00 
       4E 00 19 55 
       DF 00 52 00 
       12 00 14 19 
       04 7D 00 B3 
       00 19 04 70 
       00 4A 00 19 
       55 82 00 4C 
       00 12 00 03 
       19 04 7D 00 
       B3 00 19 04 
       DF 00 52 00 
       19 55 D6 00 
       AC 00 12 00 
       03 19 04 7D 
       00 B3 00 19 
       04 82 00 4C 
       00 19 55 DF 
       00 52 00 7F 
       00 10 12 00 
       14 19 04 7D 
       00 B3 00 19 
       04 6F 00 95 
       00 19 55 71 
       00 4A 00 12 
       00 22 19 04 
       81 00 4C 00 
       19 04 71 00 
       4A 00 19 55 
       B8 00 4E 00 
       12 00 22 19 
       04 81 00 4C 
       00 19 04 B8 
       00 4E 00 19 
       55 DF 00 51 
       00 12 00 14 
       19 04 7D 00 
       B3 00 19 04 
       71 00 4A 00 
       19 55 81 00 
       4C 00 12 00 
       03 19 04 7D 
       00 B3 00 19 
       04 DF 00 51 
       00 19 55 D6 
       00 AC 00 12 
       00 03 19 04 
       7D 00 B3 00 
       19 04 81 00 
       4C 00 19 55 
       DF 00 51 00 
       7F 00 10 12 
       00 14 19 04 
       7C 00 B2 00 
       19 04 6F 00 
       95 00 19 55 
       71 00 4B 00 
       12 00 22 19 
       04 7F 00 4B 
       00 19 04 71 
       00 4B 00 19 
       55 B8 00 4F 
       00 12 00 22 
       19 04 7F 00 
       4B 00 19 04 
       B8 00 4F 00 
       19 55 DE 00 
       51 00 12 00 
       14 19 04 7C 
       00 B2 00 19 
       04 71 00 4B 
       00 19 55 7F 
       00 4B 00 12 
       00 03 19 04 
       7C 00 B2 00 
       19 04 DE 00 
       51 00 19 55 
       D6 00 AC 00 
       12 00 03 19 
       04 7C 00 B2 
       00 19 04 7F 
       00 4B 00 19 
       55 DE 00 51 
       00 7F 00 10 
       12 00 14 19 
       04 7B 00 B2 
       00 19 04 70 
       00 96 00 19 
       55 71 00 4B 
       00 12 00 22 
       19 04 7E 00 
       4B 00 19 04 
       71 00 4B 00 
       19 55 B9 00 
       4F 00 12 00 
       22 19 04 7E 
       00 4B 00 19 
       04 B9 00 4F 
       00 19 55 DE 
       00 50 00 12 
       00 14 19 04 
       7B 00 B2 00 
       19 04 71 00 
       4B 00 19 55 
       7E 00 4B 00 
       12 00 03 19 
       04 7B 00 B2 
       00 19 04 DE 
       00 50 00 19 
       55 D6 00 AC 
       00 12 00 03 
       19 04 7B 00 
       B2 00 19 04 
       7E 00 4B 00 
       19 55 DE 00 
       50 00 7F 00 
       10 12 00 14 
       19 04 7A 00 
       B2 00 19 04 
       71 00 96 00 
       19 55 72 00 
       4C 00 12 00 
       22 19 04 7D 
       00 4B 00 19 
       04 72 00 4C 
       00 19 55 B9 
       00 4F 00 12 
       00 22 19 04 
       7D 00 4B 00 
       19 04 B9 00 
       4F 00 19 55 
       DD 00 4F 00 
       12 00 14 19 
       04 7A 00 B2 
       00 19 04 72 
       00 4C 00 19 
       55 7D 00 4B 
       00 12 00 03 
       19 04 7A 00 
       B2 00 19 04 
       DD 00 4F 00 
       19 55 D6 00 
       AC 00 12 00 
       03 19 04 7A 
       00 B2 00 19 
       04 7D 00 4B 
       00 19 55 DD 
       00 4F 00 7F 
       00 10 12 00 
       14 19 04 7A 
       00 B1 00 19 
       04 71 00 96 
       00 19 55 72 
       00 4C 00 12 
       00 22 19 04 
       7B 00 4A 00 
       19 04 72 00 
       4C 00 19 55 
       BA 00 4F 00 
       12 00 22 19 
       04 7B 00 4A 
       00 19 04 BA 
       00 4F 00 19 
       55 DD 00 4F 
       00 12 00 14 
       19 04 7A 00 
       B1 00 19 04 
       72 00 4C 00 
       19 55 7B 00 
       4A 00 12 00 
       03 19 04 7A 
       00 B1 00 19 
       04 DD 00 4F 
       00 19 55 D6 
       00 AC 00 12 
       00 03 19 04 
       7A 00 B1 00 
       19 04 7B 00 
       4A 00 19 55 
       DD 00 4F 00 
       7F 00 10 12 
       00 14 19 04 
       79 00 B1 00 
       19 04 72 00 
       96 00 19 55 
       73 00 4D 00 
       12 00 22 19 
       04 7A 00 4A 
       00 19 04 73 
       00 4D 00 19 
       55 BB 00 50 
       00 12 00 22 
       19 04 7A 00 
       4A 00 19 04 
       BB 00 50 00 
       19 55 DC 00 
       4E 00 12 00 
       14 19 04 79 
       00 B1 00 19 
       04 73 00 4D 
       00 19 55 7A 
       00 4A 00 12 
       00 03 19 04 
       79 00 B1 00 
       19 04 DC 00 
       4E 00 19 55 
       D6 00 AC 00 
       12 00 03 19 
       04 79 00 B1 
       00 19 04 7A 
       00 4A 00 19 
       55 DC 00 4E 
       00 7F 00 10 
       12 00 14 19 
       04 78 00 B0 
       00 19 04 73 
       00 97 00 19 
       55 73 00 4D 
       00 12 00 22 
       19 04 79 00 
       4A 00 19 04 
       73 00 4D 00 
       19 55 BB 00 
       50 00 12 00 
       22 19 04 79 
       00 4A 00 19 
       04 BB 00 50 
       00 19 55 DB 
       00 4E 00 12 
       00 14 19 04 
       78 00 B0 00 
       19 04 73 00 
       4D 00 19 55 
       79 00 4A 00 
       12 00 03 19 
       04 78 00 B0 
       00 19 04 DB 
       00 4E 00 19 
       55 D6 00 AC 
       00 12 00 03 
       19 04 78 00 
       B0 00 19 04 
       79 00 4A 00 
       19 55 DB 00 
       4E 00 7F 00 
       10 12 00 14 
       19 04 77 00 
       B0 00 19 04 
       74 00 97 00 
       19 55 74 00 
       4E 00 12 00 
       22 19 04 78 
       00 49 00 19 
       04 74 00 4E 
       00 19 55 BC 
       00 50 00 12 
       00 22 19 04 
       78 00 49 00 
       19 04 BC 00 
       50 00 19 55 
       DB 00 4D 00 
       12 00 14 19 
       04 77 00 B0 
       00 19 04 74 
       00 4E 00 19 
       55 78 00 49 
       00 12 00 03 
       19 04 77 00 
       B0 00 19 04 
       DB 00 4D 00 
       19 55 D6 00 
       AC 00 12 00 
       03 19 04 77 
       00 B0 00 19 
       04 78 00 49 
       00 19 55 DB 
       00 4D 00 7F 
       00 10 12 00 
       14 19 04 76 
       00 AF 00 19 
       04 74 00 97 
       00 19 55 74 
       00 4E 00 12 
       00 22 19 04 
       77 00 49 00 
       19 04 74 00 
       4E 00 19 55 
       BC 00 50 00 
       12 00 22 19 
       04 77 00 49 
       00 19 04 BC 
       00 50 00 19 
       55 DA 00 4C 
       00 12 00 14 
       19 04 76 00 
       AF 00 19 04 
       74 00 4E 00 
       19 55 77 00 
       49 00 12 00 
       03 19 04 76 
       00 AF 00 19 
       04 DA 00 4C 
       00 19 55 D5 
       00 AB 00 12 
       00 03 19 04 
       76 00 AF 00 
       19 04 77 00 
       49 00 19 55 
       DA 00 4C 00 
       7F 00 10 12 
       00 14 19 04 
       76 00 AF 00 
       19 04 75 00 
       98 00 19 55 
       75 00 4F 00 
       12 00 22 19 
       04 76 00 48 
       00 19 04 75 
       00 4F 00 19 
       55 BD 00 51 
       00 12 00 22 
       19 04 76 00 
       48 00 19 04 
       BD 00 51 00 
       19 55 D9 00 
       4C 00 12 00 
       14 19 04 76 
       00 AF 00 19 
       04 75 00 4F 
       00 19 55 76 
       00 48 00 12 
       00 03 19 04 
       76 00 AF 00 
       19 04 D9 00 
       4C 00 19 55 
       D5 00 AB 00 
       12 00 03 19 
       04 76 00 AF 
       00 19 04 76 
       00 48 00 19 
       55 D9 00 4C 
       00 7F 00 10 
       12 00 14 19 
       04 75 00 AE 
       00 19 04 76 
       00 98 00 19 
       55 76 00 4F 
       00 12 00 22 
       19 04 75 00 
       48 00 19 04 
       76 00 4F 00 
       19 55 BE 00 
       51 00 12 00 
       22 19 04 75 
       00 48 00 19 
       04 BE 00 51 
       00 19 55 D8 
       00 4B 00 12 
       00 14 19 04 
       75 00 AE 00 
       19 04 76 00 
       4F 00 19 55 
       75 00 48 00 
       12 00 03 19 
       04 75 00 AE 
       00 19 04 D8 
       00 4B 00 19 
       55 D5 00 AB 
       00 12 00 03 
       19 04 75 00 
       AE 00 19 04 
       75 00 48 00 
       19 55 D8 00 
       4B 00 7F 00 
       10 12 00 14 
       19 04 74 00 
       AE 00 19 04 
       76 00 98 00 
       19 55 76 00 
       50 00 12 00 
       22 19 04 74 
       00 48 00 19 
       04 76 00 50 
       00 19 55 BE 
       00 51 00 12 
       00 22 19 04 
       74 00 48 00 
       19 04 BE 00 
       51 00 19 55 
       D8 00 4A 00 
       12 00 14 19 
       04 74 00 AE 
       00 19 04 76 
       00 50 00 19 
       55 74 00 48 
       00 12 00 03 
       19 04 74 00 
       AE 00 19 04 
       D8 00 4A 00 
       19 55 D5 00 
       AB 00 12 00 
       03 19 04 74 
       00 AE 00 19 
       04 74 00 48 
       00 19 55 D8 
       00 4A 00 7F 
       00 10 12 00 
       14 19 04 73 
       00 AD 00 19 
       04 77 00 99 
       00 19 55 77 
       00 50 00 12 
       00 22 19 04 
       73 00 47 00 
       19 04 77 00 
       50 00 19 55 
       BF 00 52 00 
       12 00 22 19 
       04 73 00 47 
       00 19 04 BF 
       00 52 00 19 
       55 D7 00 4A 
       00 12 00 14 
       19 04 73 00 
       AD 00 19 04 
       77 00 50 00 
       19 55 73 00 
       47 00 12 00 
       03 19 04 73 
       00 AD 00 19 
       04 D7 00 4A 
       00 19 55 D5 
       00 AB 00 12 
       00 03 19 04 
       73 00 AD 00 
       19 04 73 00 
       47 00 19 55 
       D7 00 4A 00 
       7F 00 10 12 
       00 14 19 04 
       72 00 AD 00 
       19 04 78 00 
       99 00 19 55 
       77 00 51 00 
       12 00 22 19 
       04 72 00 47 
       00 19 04 77 
       00 51 00 19 
       55 BF 00 52 
       00 12 00 22 
       19 04 72 00 
       47 00 19 04 
       BF 00 52 00 
       19 55 D6 00 
       49 00 12 00 
       14 19 04 72 
       00 AD 00 19 
       04 77 00 51 
       00 19 55 72 
       00 47 00 12 
       00 03 19 04 
       72 00 AD 00 
       19 04 D6 00 
       49 00 19 55 
       D4 00 AB 00 
       12 00 03 19 
       04 72 00 AD 
       00 19 04 72 
       00 47 00 19 
       55 D6 00 49 
       00 7F 00 10 
       12 00 14 19 
       04 72 00 AC 
       00 19 04 78 
       00 9A 00 19 
       55 78 00 51 
       00 12 00 22 
       19 04 71 00 
       47 00 19 04 
       78 00 51 00 
       19 55 C0 00 
       52 00 12 00 
       22 19 04 71 
       00 47 00 19 
       04 C0 00 52 
       00 19 55 D5 
       00 49 00 12 
       00 14 19 04 
       72 00 AC 00 
       19 04 78 00 
       51 00 19 55 
       71 00 47 00 
       12 00 03 19 
       04 72 00 AC 
       00 19 04 D5 
       00 49 00 19 
       55 D4 00 AB 
       00 12 00 03 
       19 04 72 00 
       AC 00 19 04 
       71 00 47 00 
       19 55 D5 00 
       49 00 7F 00 
       10 12 00 14 
       19 04 71 00 
       AC 00 19 04 
       79 00 9A 00 
       19 55 79 00 
       52 00 12 00 
       22 19 04 70 
       00 47 00 19 
       04 79 00 52 
       00 19 55 C1 
       00 52 00 12 
       00 22 19 04 
       70 00 47 00 
       19 04 C1 00 
       52 00 19 55 
       D5 00 48 00 
       12 00 14 19 
       04 71 00 AC 
       00 19 04 79 
       00 52 00 19 
       55 70 00 47 
       00 12 00 03 
       19 04 71 00 
       AC 00 19 04 
       D5 00 48 00 
       19 55 D4 00 
       AA 00 12 00 
       03 19 04 71 
       00 AC 00 19 
       04 70 00 47 
       00 19 55 D5 
       00 48 00 7F 
       00 10 12 00 
       14 19 04 70 
       00 AB 00 19 
       04 7A 00 9A 
       00 19 55 7A 
       00 52 00 12 
       00 22 19 04 
       6F 00 46 00 
       19 04 7A 00 
       52 00 19 55 
       C1 00 53 00 
       12 00 22 19 
       04 6F 00 46 
       00 19 04 C1 
       00 53 00 19 
       55 D4 00 47 
       00 12 00 14 
       19 04 70 00 
       AB 00 19 04 
       7A 00 52 00 
       19 55 6F 00 
       46 00 12 00 
       03 19 04 70 
       00 AB 00 19 
       04 D4 00 47 
       00 19 55 D3 
       00 AA 00 12 
       00 03 19 04 
       70 00 AB 00 
       19 04 6F 00 
       46 00 19 55 
       D4 00 47 00 
       7F 00 10 12 
       00 14 19 04 
       6F 00 AB 00 
       19 04 7A 00 
       9B 00 19 55 
       7A 00 53 00 
       12 00 22 19 
       04 6F 00 46 
       00 19 04 7A 
       00 53 00 19 
       55 C2 00 53 
       00 12 00 22 
       19 04 6F 00 
       46 00 19 04 
       C2 00 53 00 
       19 55 D3 00 
       47 00 12 00 
       14 19 04 6F 
       00 AB 00 19 
       04 7A 00 53 
       00 19 55 6F 
       00 46 00 12 
       00 03 19 04 
       6F 00 AB 00 
       19 04 D3 00 
       47 00 19 55 
       D3 00 AA 00 
       12 00 03 19 
       04 6F 00 AB 
       00 19 04 6F 
       00 46 00 19 
       55 D3 00 47 
       00 7F 00 10 
       12 00 14 19 
       04 6E 00 AA 
       00 19 04 7B 
       00 9B 00 19 
       55 7B 00 53 
       00 12 00 22 
       19 04 6E 00 
       46 00 19 04 
       7B 00 53 00 
       19 55 C3 00 
       53 00 12 00 
       22 19 04 6E 
       00 46 00 19 
       04 C3 00 53 
       00 19 55 D2 
       00 46 00 12 
       00 14 19 04 
       6E 00 AA 00 
       19 04 7B 00 
       53 00 19 55 
       6E 00 46 00 
       12 00 03 19 
       04 6E 00 AA 
       00 19 04 D2 
       00 46 00 19 
       55 D2 00 AA 
       00 12 00 03 
       19 04 6E 00 
       AA 00 19 04 
       6E 00 46 00 
       19 55 D2 00 
       46 00       
