PC     Output      Line
040000             0001  ;
040000             0002  ; torus.asm — Spinning torus MOS executable
040000             0003  ;
040000             0004  ; Assembled with: ez80asm torus.asm torus.bin
040000             0005  ;
040000             0006  
040000             0007  			.ASSUME	ADL = 1
040000             0008  
040000 C3 45 00 04 0009  			JP	_start			; Jump over header
040004             0010  
040004 74 6F 72 75 0011  _exec_name:		DB	"torus.bin",0		; Executable name
       73 2E 62 69 
       6E 00       
04000E             0012  
04000E FF FF FF FF 0013  			ALIGN	64
       FF FF FF FF 
       FF FF FF FF 
       FF FF FF FF 
       FF FF FF FF 
       FF FF FF FF 
       FF FF FF FF 
       FF FF FF FF 
       FF FF FF FF 
       FF FF FF FF 
       FF FF FF FF 
       FF FF FF FF 
       FF FF       
040040             0014  
040040 4D 4F 53    0015  			DB	"MOS"			; MOS magic
040043 00          0016  			DB	00h			; Header version 0
040044 01          0017  			DB	01h			; ADL mode
040045             0018  
040045             0019  _start:
040045 F5          0020  			PUSH	AF
040046 C5          0021  			PUSH	BC
040047 D5          0022  			PUSH	DE
040048 DD E5       0023  			PUSH	IX
04004A FD E5       0024  			PUSH	IY
04004C             0025  
04004C ED 6E       0026  			LD	A, MB			; Save MB
04004E F5          0027  			PUSH	AF
04004F AF          0028  			XOR	A
040050 ED 6D       0029  			LD	MB, A			; Clear MB for 24-bit MOS API
040052             0030  
040052             0031  			; Get system variables pointer
040052 3E 08       0032  			LD	A, 08h			; mos_sysvars
040054 5B CF       0033  			RST.LIL	08h			; IX = sysvars
040056             0034  
040056             0035  			; Send VDU setup (mode 8, pixel coords, cursor off, CLS, CLG)
040056 21 C0 00 04 0036  			LD	HL, setup_data
04005A 01 0B 00 00 0037  			LD	BC, 11
04005E 5B DF       0038  			RST.LIL	18h			; Send BC bytes from HL to VDP
040060             0039  
040060             0040  			; Wait for mode switch to settle
040060 06 0F       0041  			LD	B, 15
040062 CD B3 00 04 0042  			CALL	wait_ticks
040066             0043  
040066             0044  ; ---- Main animation loop ----
040066             0045  main_loop:
040066 21 D5 00 04 0046  			LD	HL, frame_data + 2	; Skip num_frames u16 header
04006A 11 5A 00 00 0047  			LD	DE, 90
04006E             0048  
04006E             0049  next_frame:
04006E             0050  			; Read frame length: 16-bit LE at (HL)
04006E 4E          0051  			LD	C, (HL)
04006F 23          0052  			INC	HL
040070 46          0053  			LD	B, (HL)
040071 23          0054  			INC	HL			; HL = frame VDU data start
040072             0055  
040072 D5          0056  			PUSH	DE			; save frame counter
040073 E5          0057  			PUSH	HL			; save data pointer
040074 C5          0058  			PUSH	BC			; save frame length
040075             0059  
040075             0060  			; Send frame to VDP
040075 5B DF       0061  			RST.LIL	18h			; HL=addr, BC=len
040077             0062  
040077             0063  			; Swap framebuffer (VDU 23, 0, 0xC3) — also waits for vsync
040077 21 CB 00 04 0064  			LD	HL, swap_cmd
04007B 01 03 00 00 0065  			LD	BC, 3
04007F 5B DF       0066  			RST.LIL	18h
040081             0067  
040081             0068  			; Wait one tick for swap to complete
040081 06 01       0069  			LD	B, 1
040083 CD B3 00 04 0070  			CALL	wait_ticks
040087             0071  
040087             0072  			; Check for space key (sysvar_keyascii = IX+5)
040087 DD 7E 05    0073  			LD	A, (IX+5)
04008A FE 20       0074  			CP	20h			; space?
04008C 28 0D       0075  			JR	Z, _exit
04008E             0076  
04008E C1          0077  			POP	BC			; restore frame length
04008F E1          0078  			POP	HL			; restore data pointer
040090 D1          0079  			POP	DE			; restore frame counter
040091             0080  
040091             0081  			; Advance HL past frame data
040091 09          0082  			ADD	HL, BC
040092             0083  
040092             0084  			; Decrement frame counter, loop if not zero
040092 1B          0085  			DEC	DE
040093 7A          0086  			LD	A, D
040094 B3          0087  			OR	E
040095 20 D7       0088  			JR	NZ, next_frame
040097             0089  
040097             0090  			; Loop forever
040097 C3 66 00 04 0091  			JP	main_loop
04009B             0092  
04009B             0093  _exit:
04009B C1          0094  			POP	BC			; clean up stack
04009C E1          0095  			POP	HL
04009D D1          0096  			POP	DE
04009E             0097  
04009E             0098  			; Restore mode 0 + cursor
04009E 21 CE 00 04 0099  			LD	HL, restore_data
0400A2 01 05 00 00 0100  			LD	BC, 5
0400A6 5B DF       0101  			RST.LIL	18h
0400A8             0102  
0400A8 F1          0103  			POP	AF
0400A9 ED 6D       0104  			LD	MB, A			; Restore MB
0400AB FD E1       0105  			POP	IY
0400AD DD E1       0106  			POP	IX
0400AF D1          0107  			POP	DE
0400B0 C1          0108  			POP	BC
0400B1 F1          0109  			POP	AF
0400B2 C9          0110  			RET
0400B3             0111  
0400B3             0112  ; ---- Subroutine: wait B ticks of sysvar_time ----
0400B3             0113  wait_ticks:
0400B3             0114  wt_outer:
0400B3 DD 7E 00    0115  			LD	A, (IX+0)		; current sysvar_time low byte
0400B6 4F          0116  			LD	C, A			; snapshot
0400B7             0117  wt_inner:
0400B7 DD 7E 00    0118  			LD	A, (IX+0)		; re-read
0400BA B9          0119  			CP	C			; changed?
0400BB 28 FA       0120  			JR	Z, wt_inner		; no — keep spinning
0400BD 10 F4       0121  			DJNZ	wt_outer		; yes — one tick done
0400BF C9          0122  			RET
0400C0             0123  
0400C0             0124  ; ---- Data ----
0400C0             0125  setup_data:
0400C0 16 08 17 00 0126  			INCBIN	"torus_setup.bin"
       C0 00 17 01 
       00 0C 10    
0400CB             0127  
0400CB             0128  swap_cmd:
0400CB 17 00 C3    0129  			DB	23, 0, 0C3h		; VDU 23, 0, &C3 — swap buffers
0400CE             0130  
0400CE             0131  restore_data:
0400CE 16 00       0132  			DB	22, 0			; VDU 22, 0 — mode 0
0400D0 17 01 01    0133  			DB	23, 1, 1		; cursor on
0400D3             0134  
0400D3             0135  frame_data:
0400D3 5A 00 41 05 0136  			INCBIN	"torus_frames.bin"
       10 12 00 39 
       19 04 C1 00 
       82 00 19 04 
       A0 00 95 00 
       19 55 A0 00 
       8C 00 12 00 
       39 19 04 A0 
       00 8C 00 19 
       04 82 00 8D 
       00 19 55 7E 
       00 82 00 12 
       00 00 19 04 
       A0 00 BB 00 
       19 04 A0 00 
       BF 00 19 55 
       62 00 B1 00 
       12 00 39 19 
       04 A0 00 8C 
       00 19 04 A0 
       00 95 00 19 
       55 82 00 8D 
       00 12 00 00 
       19 04 D2 00 
       B0 00 19 04 
       DD 00 B1 00 
       19 55 A0 00 
       BF 00 12 00 
       00 19 04 D2 
       00 B0 00 19 
       04 A0 00 BF 
       00 19 55 A0 
       00 BB 00 12 
       00 39 19 04 
       C1 00 82 00 
       19 04 BD 00 
       8D 00 19 55 
       A0 00 95 00 
       12 00 00 19 
       04 62 00 B1 
       00 19 04 60 
       00 A5 00 19 
       55 37 00 78 
       00 12 00 00 
       19 04 A0 00 
       BB 00 19 04 
       62 00 B1 00 
       19 55 6D 00 
       B0 00 12 00 
       39 19 04 BD 
       00 8D 00 19 
       04 A0 00 A9 
       00 19 55 A0 
       00 95 00 12 
       00 00 19 04 
       05 01 87 00 
       19 04 DF 00 
       A5 00 19 55 
       DD 00 B1 00 
       12 00 24 19 
       04 A0 00 A9 
       00 19 04 A0 
       00 BB 00 19 
       55 6D 00 B0 
       00 12 00 39 
       19 04 A0 00 
       95 00 19 04 
       A0 00 A9 00 
       19 55 7B 00 
       A0 00 12 00 
       39 19 04 A0 
       00 95 00 19 
       04 7B 00 A0 
       00 19 55 82 
       00 8D 00 12 
       00 24 19 04 
       C4 00 A0 00 
       19 04 A0 00 
       BB 00 19 55 
       A0 00 A9 00 
       12 00 24 19 
       04 C4 00 A0 
       00 19 04 D2 
       00 B0 00 19 
       55 A0 00 BB 
       00 12 00 39 
       19 04 BD 00 
       8D 00 19 04 
       C4 00 A0 00 
       19 55 A0 00 
       A9 00 12 00 
       24 19 04 A0 
       00 A9 00 19 
       04 6D 00 B0 
       00 19 55 7B 
       00 A0 00 12 
       00 00 19 04 
       05 01 87 00 
       19 04 09 01 
       78 00 19 55 
       DF 00 A5 00 
       12 00 10 19 
       04 CD 00 78 
       00 19 04 C4 
       00 A0 00 19 
       55 BD 00 8D 
       00 12 00 00 
       19 04 6D 00 
       B0 00 19 04 
       62 00 B1 00 
       19 55 3A 00 
       87 00 12 00 
       10 19 04 F0 
       00 8E 00 19 
       04 DD 00 B1 
       00 19 55 D2 
       00 B0 00 12 
       00 39 19 04 
       82 00 8D 00 
       19 04 7B 00 
       A0 00 19 55 
       67 00 87 00 
       12 00 00 19 
       04 62 00 B1 
       00 19 04 37 
       00 78 00 19 
       55 3A 00 87 
       00 12 00 14 
       19 04 D8 00 
       87 00 19 04 
       D2 00 B0 00 
       19 55 C4 00 
       A0 00 12 00 
       39 19 04 82 
       00 8D 00 19 
       04 67 00 87 
       00 19 55 73 
       00 78 00 12 
       00 24 19 04 
       7B 00 A0 00 
       19 04 6D 00 
       B0 00 19 55 
       4F 00 8E 00 
       12 00 10 19 
       04 CD 00 78 
       00 19 04 D8 
       00 87 00 19 
       55 C4 00 A0 
       00 12 00 10 
       19 04 F0 00 
       8E 00 19 04 
       05 01 87 00 
       19 55 DD 00 
       B1 00 12 00 
       00 19 04 6D 
       00 B0 00 19 
       04 3A 00 87 
       00 19 55 4F 
       00 8E 00 12 
       00 14 19 04 
       D8 00 87 00 
       19 04 F0 00 
       8E 00 19 55 
       D2 00 B0 00 
       12 00 24 19 
       04 7B 00 A0 
       00 19 04 4F 
       00 8E 00 19 
       55 67 00 87 
       00 12 00 00 
       19 04 C2 00 
       5F 00 19 04 
       D8 00 87 00 
       19 55 CD 00 
       78 00 12 00 
       00 19 04 73 
       00 78 00 19 
       04 67 00 87 
       00 19 55 73 
       00 69 00 12 
       00 00 19 04 
       73 00 78 00 
       19 04 73 00 
       69 00 19 55 
       7D 00 5F 00 
       12 00 10 19 
       04 3A 00 87 
       00 19 04 37 
       00 78 00 19 
       55 46 00 37 
       00 12 00 39 
       19 04 F5 00 
       4D 00 19 04 
       09 01 78 00 
       19 55 05 01 
       87 00 12 00 
       00 19 04 CC 
       00 69 00 19 
       04 F0 00 8E 
       00 19 55 D8 
       00 87 00 12 
       00 00 19 04 
       C2 00 5F 00 
       19 04 CC 00 
       69 00 19 55 
       D8 00 87 00 
       12 00 10 19 
       04 67 00 87 
       00 19 04 4F 
       00 8E 00 19 
       55 5E 00 62 
       00 12 00 24 
       19 04 E1 00 
       62 00 19 04 
       05 01 87 00 
       19 55 F0 00 
       8E 00 12 00 
       14 19 04 4F 
       00 8E 00 19 
       04 3A 00 87 
       00 19 55 4A 
       00 4D 00 12 
       00 39 19 04 
       F5 00 4D 00 
       19 04 F9 00 
       37 00 19 55 
       09 01 78 00 
       12 00 10 19 
       04 67 00 87 
       00 19 04 5E 
       00 62 00 19 
       55 73 00 69 
       00 12 00 00 
       19 04 CC 00 
       69 00 19 04 
       E1 00 62 00 
       19 55 F0 00 
       8E 00 12 00 
       10 19 04 3A 
       00 87 00 19 
       04 46 00 37 
       00 19 55 4A 
       00 4D 00 12 
       00 39 19 04 
       46 00 37 00 
       19 04 53 00 
       30 00 19 55 
       9F 00 12 00 
       12 00 24 19 
       04 E1 00 62 
       00 19 04 F5 
       00 4D 00 19 
       55 05 01 87 
       00 12 00 14 
       19 04 4F 00 
       8E 00 19 04 
       4A 00 4D 00 
       19 55 5E 00 
       62 00 12 00 
       00 19 04 A0 
       00 5B 00 19 
       04 E1 00 62 
       00 19 55 CC 
       00 69 00 12 
       00 39 19 04 
       9F 00 14 00 
       19 04 EC 00 
       30 00 19 55 
       F9 00 37 00 
       12 00 39 19 
       04 9F 00 14 
       00 19 04 9F 
       00 12 00 19 
       55 EC 00 30 
       00 12 00 00 
       19 04 73 00 
       69 00 19 04 
       9F 00 4C 00 
       19 55 A0 00 
       5B 00 12 00 
       00 19 04 73 
       00 69 00 19 
       04 5E 00 62 
       00 19 55 9F 
       00 4C 00 12 
       00 39 19 04 
       46 00 37 00 
       19 04 9F 00 
       12 00 19 55 
       9F 00 14 00 
       12 00 00 19 
       04 A0 00 5B 
       00 19 04 9F 
       00 4C 00 19 
       55 E1 00 62 
       00 12 00 39 
       19 04 4A 00 
       4D 00 19 04 
       46 00 37 00 
       19 55 9F 00 
       14 00 12 00 
       24 19 04 9F 
       00 4C 00 19 
       04 F5 00 4D 
       00 19 55 E1 
       00 62 00 12 
       00 39 19 04 
       9F 00 2D 00 
       19 04 F9 00 
       37 00 19 55 
       F5 00 4D 00 
       12 00 24 19 
       04 5E 00 62 
       00 19 04 4A 
       00 4D 00 19 
       55 9F 00 2D 
       00 12 00 39 
       19 04 9F 00 
       2D 00 19 04 
       9F 00 14 00 
       19 55 F9 00 
       37 00 12 00 
       24 19 04 5E 
       00 62 00 19 
       04 9F 00 2D 
       00 19 55 9F 
       00 4C 00 12 
       00 39 19 04 
       4A 00 4D 00 
       19 04 9F 00 
       14 00 19 55 
       9F 00 2D 00 
       12 00 24 19 
       04 9F 00 4C 
       00 19 04 9F 
       00 2D 00 19 
       55 F5 00 4D 
       00 41 05 10 
       12 00 24 19 
       04 C4 00 84 
       00 19 04 A1 
       00 96 00 19 
       55 A3 00 8E 
       00 12 00 39 
       19 04 A3 00 
       8E 00 19 04 
       83 00 8E 00 
       19 55 81 00 
       84 00 12 00 
       00 19 04 A1 
       00 BD 00 19 
       04 A2 00 C2 
       00 19 55 64 
       00 B2 00 12 
       00 39 19 04 
       A3 00 8E 00 
       19 04 A1 00 
       96 00 19 55 
       83 00 8E 00 
       12 00 24 19 
       04 C4 00 84 
       00 19 04 BF 
       00 8E 00 19 
       55 A1 00 96 
       00 12 00 00 
       19 04 D4 00 
       B1 00 19 04 
       A2 00 C2 00 
       19 55 A1 00 
       BD 00 12 00 
       00 19 04 D4 
       00 B1 00 19 
       04 E0 00 B3 
       00 19 55 A2 
       00 C2 00 12 
       00 00 19 04 
       A1 00 BD 00 
       19 04 64 00 
       B2 00 19 55 
       6E 00 B0 00 
       12 00 24 19 
       04 81 00 84 
       00 19 04 83 
       00 8E 00 19 
       55 73 00 78 
       00 12 00 39 
       19 04 BF 00 
       8E 00 19 04 
       A1 00 AA 00 
       19 55 A1 00 
       96 00 12 00 
       24 19 04 81 
       00 84 00 19 
       04 73 00 78 
       00 19 55 6E 
       00 6A 00 12 
       00 39 19 04 
       A1 00 96 00 
       19 04 7C 00 
       A0 00 19 55 
       83 00 8E 00 
       12 00 39 19 
       04 A1 00 AA 
       00 19 04 A1 
       00 BD 00 19 
       55 6E 00 B0 
       00 12 00 39 
       19 04 A1 00 
       96 00 19 04 
       A1 00 AA 00 
       19 55 7C 00 
       A0 00 12 00 
       24 19 04 C5 
       00 A1 00 19 
       04 A1 00 BD 
       00 19 55 A1 
       00 AA 00 12 
       00 39 19 04 
       A1 00 AA 00 
       19 04 6E 00 
       B0 00 19 55 
       7C 00 A0 00 
       12 00 00 19 
       04 06 01 87 
       00 19 04 E3 
       00 A8 00 19 
       55 E0 00 B3 
       00 12 00 39 
       19 04 BF 00 
       8E 00 19 04 
       C5 00 A1 00 
       19 55 A1 00 
       AA 00 12 00 
       24 19 04 C5 
       00 A1 00 19 
       04 D4 00 B1 
       00 19 55 A1 
       00 BD 00 12 
       00 00 19 04 
       6E 00 B0 00 
       19 04 64 00 
       B2 00 19 55 
       3B 00 86 00 
       12 00 39 19 
       04 83 00 8E 
       00 19 04 7C 
       00 A0 00 19 
       55 66 00 86 
       00 12 00 10 
       19 04 CD 00 
       78 00 19 04 
       C5 00 A1 00 
       19 55 BF 00 
       8E 00 12 00 
       39 19 04 83 
       00 8E 00 19 
       04 66 00 86 
       00 19 55 73 
       00 78 00 12 
       00 00 19 04 
       06 01 87 00 
       19 04 0B 01 
       78 00 19 55 
       E3 00 A8 00 
       12 00 24 19 
       04 7C 00 A0 
       00 19 04 6E 
       00 B0 00 19 
       55 4F 00 8D 
       00 12 00 14 
       19 04 F0 00 
       8E 00 19 04 
       E0 00 B3 00 
       19 55 D4 00 
       B1 00 12 00 
       14 19 04 D8 
       00 87 00 19 
       04 D4 00 B1 
       00 19 55 C5 
       00 A1 00 12 
       00 00 19 04 
       6E 00 B0 00 
       19 04 3B 00 
       86 00 19 55 
       4F 00 8D 00 
       12 00 10 19 
       04 CD 00 78 
       00 19 04 D8 
       00 87 00 19 
       55 C5 00 A1 
       00 12 00 24 
       19 04 7C 00 
       A0 00 19 04 
       4F 00 8D 00 
       19 55 66 00 
       86 00 12 00 
       14 19 04 F0 
       00 8E 00 19 
       04 06 01 87 
       00 19 55 E0 
       00 B3 00 12 
       00 14 19 04 
       D8 00 87 00 
       19 04 F0 00 
       8E 00 19 55 
       D4 00 B1 00 
       12 00 10 19 
       04 3B 00 86 
       00 19 04 39 
       00 78 00 19 
       55 45 00 37 
       00 12 00 00 
       19 04 73 00 
       78 00 19 04 
       66 00 86 00 
       19 55 71 00 
       67 00 12 00 
       24 19 04 F6 
       00 34 00 19 
       04 FE 00 6A 
       00 19 55 0B 
       01 78 00 12 
       00 00 19 04 
       73 00 78 00 
       19 04 71 00 
       67 00 19 55 
       7C 00 5E 00 
       12 00 24 19 
       04 F6 00 34 
       00 19 04 EA 
       00 2E 00 19 
       55 FE 00 6A 
       00 12 00 14 
       19 04 4F 00 
       8D 00 19 04 
       3B 00 86 00 
       19 55 47 00 
       4A 00 12 00 
       14 19 04 66 
       00 86 00 19 
       04 4F 00 8D 
       00 19 55 5A 
       00 60 00 12 
       00 00 19 04 
       C9 00 67 00 
       19 04 F0 00 
       8E 00 19 55 
       D8 00 87 00 
       12 00 39 19 
       04 F1 00 49 
       00 19 04 0B 
       01 78 00 19 
       55 06 01 87 
       00 12 00 14 
       19 04 66 00 
       86 00 19 04 
       5A 00 60 00 
       19 55 71 00 
       67 00 12 00 
       10 19 04 3B 
       00 86 00 19 
       04 45 00 37 
       00 19 55 47 
       00 4A 00 12 
       00 24 19 04 
       DD 00 5F 00 
       19 04 06 01 
       87 00 19 55 
       F0 00 8E 00 
       12 00 24 19 
       04 45 00 37 
       00 19 04 53 
       00 31 00 19 
       55 9B 00 11 
       00 12 00 14 
       19 04 4F 00 
       8D 00 19 04 
       47 00 4A 00 
       19 55 5A 00 
       60 00 12 00 
       39 19 04 F1 
       00 49 00 19 
       04 F6 00 34 
       00 19 55 0B 
       01 78 00 12 
       00 00 19 04 
       C9 00 67 00 
       19 04 DD 00 
       5F 00 19 55 
       F0 00 8E 00 
       12 00 24 19 
       04 DD 00 5F 
       00 19 04 F1 
       00 49 00 19 
       55 06 01 87 
       00 12 00 39 
       19 04 99 00 
       11 00 19 04 
       9B 00 11 00 
       19 55 EA 00 
       2E 00 12 00 
       00 19 04 9B 
       00 58 00 19 
       04 DD 00 5F 
       00 19 55 C9 
       00 67 00 12 
       00 39 19 04 
       99 00 11 00 
       19 04 EA 00 
       2E 00 19 55 
       F6 00 34 00 
       12 00 00 19 
       04 71 00 67 
       00 19 04 99 
       00 48 00 19 
       55 9B 00 58 
       00 12 00 24 
       19 04 45 00 
       37 00 19 04 
       9B 00 11 00 
       19 55 99 00 
       11 00 12 00 
       00 19 04 71 
       00 67 00 19 
       04 5A 00 60 
       00 19 55 99 
       00 48 00 12 
       00 39 19 04 
       47 00 4A 00 
       19 04 45 00 
       37 00 19 55 
       99 00 11 00 
       12 00 00 19 
       04 9B 00 58 
       00 19 04 99 
       00 48 00 19 
       55 DD 00 5F 
       00 12 00 24 
       19 04 5A 00 
       60 00 19 04 
       47 00 4A 00 
       19 55 98 00 
       29 00 12 00 
       39 19 04 99 
       00 48 00 19 
       04 F1 00 49 
       00 19 55 DD 
       00 5F 00 12 
       00 39 19 04 
       98 00 29 00 
       19 04 F6 00 
       34 00 19 55 
       F1 00 49 00 
       12 00 39 19 
       04 98 00 29 
       00 19 04 99 
       00 11 00 19 
       55 F6 00 34 
       00 12 00 24 
       19 04 5A 00 
       60 00 19 04 
       98 00 29 00 
       19 55 99 00 
       48 00 12 00 
       39 19 04 47 
       00 4A 00 19 
       04 99 00 11 
       00 19 55 98 
       00 29 00 12 
       00 39 19 04 
       99 00 48 00 
       19 04 98 00 
       29 00 19 55 
       F1 00 49 00 
       41 05 10 12 
       00 39 19 04 
       A6 00 90 00 
       19 04 85 00 
       8E 00 19 55 
       84 00 85 00 
       12 00 24 19 
       04 C6 00 86 
       00 19 04 A3 
       00 97 00 19 
       55 A6 00 90 
       00 12 00 00 
       19 04 A3 00 
       BF 00 19 04 
       A5 00 C4 00 
       19 55 67 00 
       B2 00 12 00 
       39 19 04 A6 
       00 90 00 19 
       04 A3 00 97 
       00 19 55 85 
       00 8E 00 12 
       00 24 19 04 
       C6 00 86 00 
       19 04 C0 00 
       8F 00 19 55 
       A3 00 97 00 
       12 00 00 19 
       04 A3 00 BF 
       00 19 04 67 
       00 B2 00 19 
       55 6F 00 B0 
       00 12 00 24 
       19 04 84 00 
       85 00 19 04 
       85 00 8E 00 
       19 55 74 00 
       78 00 12 00 
       24 19 04 84 
       00 85 00 19 
       04 74 00 78 
       00 19 55 70 
       00 6B 00 12 
       00 00 19 04 
       D5 00 B3 00 
       19 04 A5 00 
       C4 00 19 55 
       A3 00 BF 00 
       12 00 39 19 
       04 A3 00 97 
       00 19 04 7C 
       00 A1 00 19 
       55 85 00 8E 
       00 12 00 00 
       19 04 D5 00 
       B3 00 19 04 
       E3 00 B6 00 
       19 55 A5 00 
       C4 00 12 00 
       39 19 04 C0 
       00 8F 00 19 
       04 A2 00 AB 
       00 19 55 A3 
       00 97 00 12 
       00 39 19 04 
       A2 00 AB 00 
       19 04 A3 00 
       BF 00 19 55 
       6F 00 B0 00 
       12 00 39 19 
       04 A3 00 97 
       00 19 04 A2 
       00 AB 00 19 
       55 7C 00 A1 
       00 12 00 00 
       19 04 6F 00 
       B0 00 19 04 
       67 00 B2 00 
       19 55 3D 00 
       85 00 12 00 
       39 19 04 A2 
       00 AB 00 19 
       04 6F 00 B0 
       00 19 55 7C 
       00 A1 00 12 
       00 24 19 04 
       C6 00 A2 00 
       19 04 A3 00 
       BF 00 19 55 
       A2 00 AB 00 
       12 00 39 19 
       04 C0 00 8F 
       00 19 04 C6 
       00 A2 00 19 
       55 A2 00 AB 
       00 12 00 24 
       19 04 C6 00 
       A2 00 19 04 
       D5 00 B3 00 
       19 55 A3 00 
       BF 00 12 00 
       39 19 04 85 
       00 8E 00 19 
       04 7C 00 A1 
       00 19 55 66 
       00 85 00 12 
       00 10 19 04 
       07 01 86 00 
       19 04 E7 00 
       AB 00 19 55 
       E3 00 B6 00 
       12 00 39 19 
       04 85 00 8E 
       00 19 04 66 
       00 85 00 19 
       55 74 00 78 
       00 12 00 24 
       19 04 7C 00 
       A1 00 19 04 
       6F 00 B0 00 
       19 55 4F 00 
       8B 00 12 00 
       00 19 04 CD 
       00 78 00 19 
       04 C6 00 A2 
       00 19 55 C0 
       00 8F 00 12 
       00 00 19 04 
       6F 00 B0 00 
       19 04 3D 00 
       85 00 19 55 
       4F 00 8B 00 
       12 00 10 19 
       04 07 01 86 
       00 19 04 0D 
       01 78 00 19 
       55 E7 00 AB 
       00 12 00 24 
       19 04 7C 00 
       A1 00 19 04 
       4F 00 8B 00 
       19 55 66 00 
       85 00 12 00 
       14 19 04 EF 
       00 8D 00 19 
       04 E3 00 B6 
       00 19 55 D5 
       00 B3 00 12 
       00 14 19 04 
       D7 00 86 00 
       19 04 D5 00 
       B3 00 19 55 
       C6 00 A2 00 
       12 00 00 19 
       04 3D 00 85 
       00 19 04 3C 
       00 78 00 19 
       55 44 00 36 
       00 12 00 00 
       19 04 CD 00 
       78 00 19 04 
       D7 00 86 00 
       19 55 C6 00 
       A2 00 12 00 
       10 19 04 74 
       00 78 00 19 
       04 66 00 85 
       00 19 55 6F 
       00 66 00 12 
       00 10 19 04 
       74 00 78 00 
       19 04 6F 00 
       66 00 19 55 
       7B 00 5E 00 
       12 00 14 19 
       04 EF 00 8D 
       00 19 04 07 
       01 86 00 19 
       55 E3 00 B6 
       00 12 00 14 
       19 04 D7 00 
       86 00 19 04 
       EF 00 8D 00 
       19 55 D5 00 
       B3 00 12 00 
       14 19 04 4F 
       00 8B 00 19 
       04 3D 00 85 
       00 19 55 45 
       00 49 00 12 
       00 24 19 04 
       F2 00 31 00 
       19 04 00 01 
       6A 00 19 55 
       0D 01 78 00 
       12 00 14 19 
       04 66 00 85 
       00 19 04 4F 
       00 8B 00 19 
       55 57 00 5D 
       00 12 00 00 
       19 04 3D 00 
       85 00 19 04 
       44 00 36 00 
       19 55 45 00 
       49 00 12 00 
       24 19 04 F2 
       00 31 00 19 
       04 E8 00 2C 
       00 19 55 00 
       01 6A 00 12 
       00 14 19 04 
       66 00 85 00 
       19 04 57 00 
       5D 00 19 55 
       6F 00 66 00 
       12 00 24 19 
       04 44 00 36 
       00 19 04 54 
       00 31 00 19 
       55 98 00 11 
       00 12 00 00 
       19 04 C5 00 
       65 00 19 04 
       EF 00 8D 00 
       19 55 D7 00 
       86 00 12 00 
       14 19 04 4F 
       00 8B 00 19 
       04 45 00 49 
       00 19 55 57 
       00 5D 00 12 
       00 39 19 04 
       EC 00 45 00 
       19 04 0D 01 
       78 00 19 55 
       07 01 86 00 
       12 00 24 19 
       04 D8 00 5C 
       00 19 04 07 
       01 86 00 19 
       55 EF 00 8D 
       00 12 00 39 
       19 04 EC 00 
       45 00 19 04 
       F2 00 31 00 
       19 55 0D 01 
       78 00 12 00 
       00 19 04 C5 
       00 65 00 19 
       04 D8 00 5C 
       00 19 55 EF 
       00 8D 00 12 
       00 39 19 04 
       94 00 10 00 
       19 04 98 00 
       11 00 19 55 
       E8 00 2C 00 
       12 00 24 19 
       04 44 00 36 
       00 19 04 98 
       00 11 00 19 
       55 94 00 10 
       00 12 00 39 
       19 04 45 00 
       49 00 19 04 
       44 00 36 00 
       19 55 94 00 
       10 00 12 00 
       00 19 04 6F 
       00 66 00 19 
       04 57 00 5D 
       00 19 55 93 
       00 45 00 12 
       00 00 19 04 
       6F 00 66 00 
       19 04 93 00 
       45 00 19 55 
       97 00 56 00 
       12 00 39 19 
       04 94 00 10 
       00 19 04 E8 
       00 2C 00 19 
       55 F2 00 31 
       00 12 00 00 
       19 04 97 00 
       56 00 19 04 
       D8 00 5C 00 
       19 55 C5 00 
       65 00 12 00 
       24 19 04 D8 
       00 5C 00 19 
       04 EC 00 45 
       00 19 55 07 
       01 86 00 12 
       00 24 19 04 
       57 00 5D 00 
       19 04 45 00 
       49 00 19 55 
       91 00 26 00 
       12 00 00 19 
       04 97 00 56 
       00 19 04 93 
       00 45 00 19 
       55 D8 00 5C 
       00 12 00 39 
       19 04 45 00 
       49 00 19 04 
       94 00 10 00 
       19 55 91 00 
       26 00 12 00 
       24 19 04 57 
       00 5D 00 19 
       04 91 00 26 
       00 19 55 93 
       00 45 00 12 
       00 39 19 04 
       91 00 26 00 
       19 04 94 00 
       10 00 19 55 
       F2 00 31 00 
       12 00 39 19 
       04 91 00 26 
       00 19 04 F2 
       00 31 00 19 
       55 EC 00 45 
       00 12 00 39 
       19 04 93 00 
       45 00 19 04 
       EC 00 45 00 
       19 55 D8 00 
       5C 00 12 00 
       39 19 04 93 
       00 45 00 19 
       04 91 00 26 
       00 19 55 EC 
       00 45 00 41 
       05 10 12 00 
       39 19 04 A8 
       00 91 00 19 
       04 86 00 8F 
       00 19 55 87 
       00 87 00 12 
       00 24 19 04 
       C9 00 87 00 
       19 04 A5 00 
       98 00 19 55 
       A8 00 91 00 
       12 00 39 19 
       04 A8 00 91 
       00 19 04 A5 
       00 98 00 19 
       55 86 00 8F 
       00 12 00 00 
       19 04 A4 00 
       C0 00 19 04 
       A7 00 C6 00 
       19 55 69 00 
       B3 00 12 00 
       24 19 04 87 
       00 87 00 19 
       04 75 00 78 
       00 19 55 73 
       00 6C 00 12 
       00 24 19 04 
       87 00 87 00 
       19 04 86 00 
       8F 00 19 55 
       75 00 78 00 
       12 00 00 19 
       04 A4 00 C0 
       00 19 04 69 
       00 B3 00 19 
       55 70 00 B0 
       00 12 00 24 
       19 04 C9 00 
       87 00 19 04 
       C1 00 90 00 
       19 55 A5 00 
       98 00 12 00 
       39 19 04 A5 
       00 98 00 19 
       04 7D 00 A1 
       00 19 55 86 
       00 8F 00 12 
       00 00 19 04 
       70 00 B0 00 
       19 04 69 00 
       B3 00 19 55 
       3F 00 84 00 
       12 00 00 19 
       04 D6 00 B5 
       00 19 04 A7 
       00 C6 00 19 
       55 A4 00 C0 
       00 12 00 39 
       19 04 A5 00 
       98 00 19 04 
       A3 00 AC 00 
       19 55 7D 00 
       A1 00 12 00 
       39 19 04 A3 
       00 AC 00 19 
       04 A4 00 C0 
       00 19 55 70 
       00 B0 00 12 
       00 39 19 04 
       C1 00 90 00 
       19 04 A3 00 
       AC 00 19 55 
       A5 00 98 00 
       12 00 39 19 
       04 A3 00 AC 
       00 19 04 70 
       00 B0 00 19 
       55 7D 00 A1 
       00 12 00 00 
       19 04 D6 00 
       B5 00 19 04 
       E5 00 B8 00 
       19 55 A7 00 
       C6 00 12 00 
       24 19 04 C6 
       00 A3 00 19 
       04 A4 00 C0 
       00 19 55 A3 
       00 AC 00 12 
       00 39 19 04 
       86 00 8F 00 
       19 04 7D 00 
       A1 00 19 55 
       66 00 85 00 
       12 00 39 19 
       04 86 00 8F 
       00 19 04 66 
       00 85 00 19 
       55 75 00 78 
       00 12 00 39 
       19 04 C1 00 
       90 00 19 04 
       C6 00 A3 00 
       19 55 A3 00 
       AC 00 12 00 
       24 19 04 7D 
       00 A1 00 19 
       04 70 00 B0 
       00 19 55 4F 
       00 8A 00 12 
       00 24 19 04 
       C6 00 A3 00 
       19 04 D6 00 
       B5 00 19 55 
       A4 00 C0 00 
       12 00 00 19 
       04 70 00 B0 
       00 19 04 3F 
       00 84 00 19 
       55 4F 00 8A 
       00 12 00 10 
       19 04 07 01 
       86 00 19 04 
       EA 00 AE 00 
       19 55 E5 00 
       B8 00 12 00 
       00 19 04 CD 
       00 78 00 19 
       04 C6 00 A3 
       00 19 55 C1 
       00 90 00 12 
       00 24 19 04 
       7D 00 A1 00 
       19 04 4F 00 
       8A 00 19 55 
       66 00 85 00 
       12 00 00 19 
       04 3F 00 84 
       00 19 04 40 
       00 78 00 19 
       55 45 00 36 
       00 12 00 10 
       19 04 75 00 
       78 00 19 04 
       66 00 85 00 
       19 55 6D 00 
       64 00 12 00 
       10 19 04 07 
       01 86 00 19 
       04 0E 01 78 
       00 19 55 EA 
       00 AE 00 12 
       00 14 19 04 
       EE 00 8C 00 
       19 04 E5 00 
       B8 00 19 55 
       D6 00 B5 00 
       12 00 10 19 
       04 D6 00 86 
       00 19 04 D6 
       00 B5 00 19 
       55 C6 00 A3 
       00 12 00 10 
       19 04 75 00 
       78 00 19 04 
       6D 00 64 00 
       19 55 7B 00 
       5D 00 12 00 
       00 19 04 CD 
       00 78 00 19 
       04 D6 00 86 
       00 19 55 C6 
       00 A3 00 12 
       00 10 19 04 
       4F 00 8A 00 
       19 04 3F 00 
       84 00 19 55 
       44 00 47 00 
       12 00 14 19 
       04 66 00 85 
       00 19 04 4F 
       00 8A 00 19 
       55 55 00 5B 
       00 12 00 14 
       19 04 EE 00 
       8C 00 19 04 
       07 01 86 00 
       19 55 E5 00 
       B8 00 12 00 
       00 19 04 3F 
       00 84 00 19 
       04 45 00 36 
       00 19 55 44 
       00 47 00 12 
       00 10 19 04 
       D6 00 86 00 
       19 04 EE 00 
       8C 00 19 55 
       D6 00 B5 00 
       12 00 24 19 
       04 45 00 36 
       00 19 04 56 
       00 32 00 19 
       55 96 00 10 
       00 12 00 14 
       19 04 66 00 
       85 00 19 04 
       55 00 5B 00 
       19 55 6D 00 
       64 00 12 00 
       24 19 04 EE 
       00 2E 00 19 
       04 02 01 6B 
       00 19 55 0E 
       01 78 00 12 
       00 10 19 04 
       4F 00 8A 00 
       19 04 44 00 
       47 00 19 55 
       55 00 5B 00 
       12 00 24 19 
       04 EE 00 2E 
       00 19 04 E6 
       00 2B 00 19 
       55 02 01 6B 
       00 12 00 00 
       19 04 C2 00 
       63 00 19 04 
       EE 00 8C 00 
       19 55 D6 00 
       86 00 12 00 
       39 19 04 E7 
       00 41 00 19 
       04 0E 01 78 
       00 19 55 07 
       01 86 00 12 
       00 24 19 04 
       45 00 36 00 
       19 04 96 00 
       10 00 19 55 
       8F 00 0E 00 
       12 00 39 19 
       04 44 00 47 
       00 19 04 45 
       00 36 00 19 
       55 8F 00 0E 
       00 12 00 39 
       19 04 8F 00 
       0E 00 19 04 
       96 00 10 00 
       19 55 E6 00 
       2B 00 12 00 
       24 19 04 D3 
       00 59 00 19 
       04 07 01 86 
       00 19 55 EE 
       00 8C 00 12 
       00 00 19 04 
       6D 00 64 00 
       19 04 55 00 
       5B 00 19 55 
       8D 00 42 00 
       12 00 00 19 
       04 6D 00 64 
       00 19 04 8D 
       00 42 00 19 
       55 93 00 54 
       00 12 00 00 
       19 04 C2 00 
       63 00 19 04 
       D3 00 59 00 
       19 55 EE 00 
       8C 00 12 00 
       39 19 04 E7 
       00 41 00 19 
       04 EE 00 2E 
       00 19 55 0E 
       01 78 00 12 
       00 39 19 04 
       8F 00 0E 00 
       19 04 E6 00 
       2B 00 19 55 
       EE 00 2E 00 
       12 00 24 19 
       04 55 00 5B 
       00 19 04 44 
       00 47 00 19 
       55 8B 00 23 
       00 12 00 00 
       19 04 93 00 
       54 00 19 04 
       D3 00 59 00 
       19 55 C2 00 
       63 00 12 00 
       24 19 04 D3 
       00 59 00 19 
       04 E7 00 41 
       00 19 55 07 
       01 86 00 12 
       00 39 19 04 
       44 00 47 00 
       19 04 8F 00 
       0E 00 19 55 
       8B 00 23 00 
       12 00 00 19 
       04 93 00 54 
       00 19 04 8D 
       00 42 00 19 
       55 D3 00 59 
       00 12 00 24 
       19 04 55 00 
       5B 00 19 04 
       8B 00 23 00 
       19 55 8D 00 
       42 00 12 00 
       39 19 04 8B 
       00 23 00 19 
       04 8F 00 0E 
       00 19 55 EE 
       00 2E 00 12 
       00 39 19 04 
       8B 00 23 00 
       19 04 EE 00 
       2E 00 19 55 
       E7 00 41 00 
       12 00 39 19 
       04 8D 00 42 
       00 19 04 E7 
       00 41 00 19 
       55 D3 00 59 
       00 12 00 39 
       19 04 8D 00 
       42 00 19 04 
       8B 00 23 00 
       19 55 E7 00 
       41 00 41 05 
       10 12 00 39 
       19 04 AB 00 
       93 00 19 04 
       88 00 8F 00 
       19 55 89 00 
       88 00 12 00 
       24 19 04 CB 
       00 89 00 19 
       04 A6 00 9A 
       00 19 55 AB 
       00 93 00 12 
       00 39 19 04 
       AB 00 93 00 
       19 04 A6 00 
       9A 00 19 55 
       88 00 8F 00 
       12 00 00 19 
       04 A4 00 C2 
       00 19 04 A9 
       00 C9 00 19 
       55 6B 00 B3 
       00 12 00 39 
       19 04 89 00 
       88 00 19 04 
       76 00 78 00 
       19 55 75 00 
       6C 00 12 00 
       39 19 04 89 
       00 88 00 19 
       04 88 00 8F 
       00 19 55 76 
       00 78 00 12 
       00 00 19 04 
       A4 00 C2 00 
       19 04 6B 00 
       B3 00 19 55 
       71 00 B0 00 
       12 00 00 19 
       04 71 00 B0 
       00 19 04 6B 
       00 B3 00 19 
       55 41 00 83 
       00 12 00 39 
       19 04 A6 00 
       9A 00 19 04 
       7E 00 A1 00 
       19 55 88 00 
       8F 00 12 00 
       24 19 04 CB 
       00 89 00 19 
       04 C2 00 91 
       00 19 55 A6 
       00 9A 00 12 
       00 39 19 04 
       A6 00 9A 00 
       19 04 A3 00 
       AD 00 19 55 
       7E 00 A1 00 
       12 00 39 19 
       04 A3 00 AD 
       00 19 04 A4 
       00 C2 00 19 
       55 71 00 B0 
       00 12 00 39 
       19 04 A3 00 
       AD 00 19 04 
       71 00 B0 00 
       19 55 7E 00 
       A1 00 12 00 
       39 19 04 C2 
       00 91 00 19 
       04 A3 00 AD 
       00 19 55 A6 
       00 9A 00 12 
       00 00 19 04 
       D6 00 B6 00 
       19 04 A9 00 
       C9 00 19 55 
       A4 00 C2 00 
       12 00 39 19 
       04 88 00 8F 
       00 19 04 7E 
       00 A1 00 19 
       55 67 00 84 
       00 12 00 39 
       19 04 88 00 
       8F 00 19 04 
       67 00 84 00 
       19 55 76 00 
       78 00 12 00 
       24 19 04 7E 
       00 A1 00 19 
       04 71 00 B0 
       00 19 55 50 
       00 89 00 12 
       00 00 19 04 
       D6 00 B6 00 
       19 04 E6 00 
       BB 00 19 55 
       A9 00 C9 00 
       12 00 00 19 
       04 71 00 B0 
       00 19 04 41 
       00 83 00 19 
       55 50 00 89 
       00 12 00 24 
       19 04 C6 00 
       A4 00 19 04 
       A4 00 C2 00 
       19 55 A3 00 
       AD 00 12 00 
       00 19 04 41 
       00 83 00 19 
       04 43 00 78 
       00 19 55 46 
       00 36 00 12 
       00 39 19 04 
       C2 00 91 00 
       19 04 C6 00 
       A4 00 19 55 
       A3 00 AD 00 
       12 00 24 19 
       04 7E 00 A1 
       00 19 04 50 
       00 89 00 19 
       55 67 00 84 
       00 12 00 24 
       19 04 C6 00 
       A4 00 19 04 
       D6 00 B6 00 
       19 55 A4 00 
       C2 00 12 00 
       00 19 04 CD 
       00 78 00 19 
       04 C6 00 A4 
       00 19 55 C2 
       00 91 00 12 
       00 14 19 04 
       76 00 78 00 
       19 04 67 00 
       84 00 19 55 
       6B 00 63 00 
       12 00 14 19 
       04 06 01 86 
       00 19 04 ED 
       00 B0 00 19 
       55 E6 00 BB 
       00 12 00 14 
       19 04 76 00 
       78 00 19 04 
       6B 00 63 00 
       19 55 7B 00 
       5D 00 12 00 
       10 19 04 50 
       00 89 00 19 
       04 41 00 83 
       00 19 55 44 
       00 46 00 12 
       00 14 19 04 
       67 00 84 00 
       19 04 50 00 
       89 00 19 55 
       54 00 59 00 
       12 00 00 19 
       04 41 00 83 
       00 19 04 46 
       00 36 00 19 
       55 44 00 46 
       00 12 00 10 
       19 04 D4 00 
       85 00 19 04 
       D6 00 B6 00 
       19 55 C6 00 
       A4 00 12 00 
       00 19 04 CD 
       00 78 00 19 
       04 D4 00 85 
       00 19 55 C6 
       00 A4 00 12 
       00 14 19 04 
       EC 00 8C 00 
       19 04 E6 00 
       BB 00 19 55 
       D6 00 B6 00 
       12 00 14 19 
       04 06 01 86 
       00 19 04 0F 
       01 78 00 19 
       55 ED 00 B0 
       00 12 00 24 
       19 04 46 00 
       36 00 19 04 
       58 00 33 00 
       19 55 94 00 
       10 00 12 00 
       14 19 04 67 
       00 84 00 19 
       04 54 00 59 
       00 19 55 6B 
       00 63 00 12 
       00 10 19 04 
       50 00 89 00 
       19 04 44 00 
       46 00 19 55 
       54 00 59 00 
       12 00 10 19 
       04 D4 00 85 
       00 19 04 EC 
       00 8C 00 19 
       55 D6 00 B6 
       00 12 00 14 
       19 04 EC 00 
       8C 00 19 04 
       06 01 86 00 
       19 55 E6 00 
       BB 00 12 00 
       39 19 04 EA 
       00 2B 00 19 
       04 04 01 6B 
       00 19 55 0F 
       01 78 00 12 
       00 39 19 04 
       EA 00 2B 00 
       19 04 E4 00 
       29 00 19 55 
       04 01 6B 00 
       12 00 39 19 
       04 44 00 46 
       00 19 04 46 
       00 36 00 19 
       55 8B 00 0D 
       00 12 00 24 
       19 04 46 00 
       36 00 19 04 
       94 00 10 00 
       19 55 8B 00 
       0D 00 12 00 
       00 19 04 BE 
       00 61 00 19 
       04 EC 00 8C 
       00 19 55 D4 
       00 85 00 12 
       00 00 19 04 
       6B 00 63 00 
       19 04 54 00 
       59 00 19 55 
       88 00 3F 00 
       12 00 39 19 
       04 8B 00 0D 
       00 19 04 94 
       00 10 00 19 
       55 E4 00 29 
       00 12 00 00 
       19 04 6B 00 
       63 00 19 04 
       88 00 3F 00 
       19 55 90 00 
       52 00 12 00 
       24 19 04 54 
       00 59 00 19 
       04 44 00 46 
       00 19 55 85 
       00 21 00 12 
       00 39 19 04 
       E1 00 3E 00 
       19 04 0F 01 
       78 00 19 55 
       06 01 86 00 
       12 00 24 19 
       04 CE 00 56 
       00 19 04 06 
       01 86 00 19 
       55 EC 00 8C 
       00 12 00 39 
       19 04 8B 00 
       0D 00 19 04 
       E4 00 29 00 
       19 55 EA 00 
       2B 00 12 00 
       00 19 04 BE 
       00 61 00 19 
       04 CE 00 56 
       00 19 55 EC 
       00 8C 00 12 
       00 00 19 04 
       90 00 52 00 
       19 04 CE 00 
       56 00 19 55 
       BE 00 61 00 
       12 00 39 19 
       04 44 00 46 
       00 19 04 8B 
       00 0D 00 19 
       55 85 00 21 
       00 12 00 39 
       19 04 E1 00 
       3E 00 19 04 
       EA 00 2B 00 
       19 55 0F 01 
       78 00 12 00 
       24 19 04 54 
       00 59 00 19 
       04 85 00 21 
       00 19 55 88 
       00 3F 00 12 
       00 00 19 04 
       90 00 52 00 
       19 04 88 00 
       3F 00 19 55 
       CE 00 56 00 
       12 00 24 19 
       04 CE 00 56 
       00 19 04 E1 
       00 3E 00 19 
       55 06 01 86 
       00 12 00 39 
       19 04 85 00 
       21 00 19 04 
       8B 00 0D 00 
       19 55 EA 00 
       2B 00 12 00 
       39 19 04 85 
       00 21 00 19 
       04 EA 00 2B 
       00 19 55 E1 
       00 3E 00 12 
       00 39 19 04 
       88 00 3F 00 
       19 04 E1 00 
       3E 00 19 55 
       CE 00 56 00 
       12 00 39 19 
       04 88 00 3F 
       00 19 04 85 
       00 21 00 19 
       55 E1 00 3E 
       00 41 05 10 
       12 00 39 19 
       04 AE 00 95 
       00 19 04 8A 
       00 90 00 19 
       55 8C 00 89 
       00 12 00 39 
       19 04 8C 00 
       89 00 19 04 
       77 00 78 00 
       19 55 78 00 
       6D 00 12 00 
       39 19 04 AE 
       00 95 00 19 
       04 A7 00 9A 
       00 19 55 8A 
       00 90 00 12 
       00 39 19 04 
       8C 00 89 00 
       19 04 8A 00 
       90 00 19 55 
       77 00 78 00 
       12 00 24 19 
       04 CD 00 8A 
       00 19 04 A7 
       00 9A 00 19 
       55 AE 00 95 
       00 12 00 00 
       19 04 A5 00 
       C3 00 19 04 
       AA 00 CB 00 
       19 55 6D 00 
       B4 00 12 00 
       00 19 04 72 
       00 B0 00 19 
       04 6D 00 B4 
       00 19 55 44 
       00 82 00 12 
       00 00 19 04 
       A5 00 C3 00 
       19 04 6D 00 
       B4 00 19 55 
       72 00 B0 00 
       12 00 39 19 
       04 A7 00 9A 
       00 19 04 7F 
       00 A1 00 19 
       55 8A 00 90 
       00 12 00 24 
       19 04 CD 00 
       8A 00 19 04 
       C3 00 92 00 
       19 55 A7 00 
       9A 00 12 00 
       39 19 04 A7 
       00 9A 00 19 
       04 A3 00 AE 
       00 19 55 7F 
       00 A1 00 12 
       00 39 19 04 
       A3 00 AE 00 
       19 04 72 00 
       B0 00 19 55 
       7F 00 A1 00 
       12 00 39 19 
       04 A3 00 AE 
       00 19 04 A5 
       00 C3 00 19 
       55 72 00 B0 
       00 12 00 39 
       19 04 8A 00 
       90 00 19 04 
       7F 00 A1 00 
       19 55 67 00 
       83 00 12 00 
       39 19 04 8A 
       00 90 00 19 
       04 67 00 83 
       00 19 55 77 
       00 78 00 12 
       00 00 19 04 
       72 00 B0 00 
       19 04 44 00 
       82 00 19 55 
       51 00 88 00 
       12 00 24 19 
       04 7F 00 A1 
       00 19 04 72 
       00 B0 00 19 
       55 51 00 88 
       00 12 00 24 
       19 04 C3 00 
       92 00 19 04 
       A3 00 AE 00 
       19 55 A7 00 
       9A 00 12 00 
       00 19 04 44 
       00 82 00 19 
       04 47 00 78 
       00 19 55 48 
       00 37 00 12 
       00 00 19 04 
       D5 00 B7 00 
       19 04 AA 00 
       CB 00 19 55 
       A5 00 C3 00 
       12 00 24 19 
       04 7F 00 A1 
       00 19 04 51 
       00 88 00 19 
       55 67 00 83 
       00 12 00 24 
       19 04 C6 00 
       A4 00 19 04 
       A5 00 C3 00 
       19 55 A3 00 
       AE 00 12 00 
       00 19 04 D5 
       00 B7 00 19 
       04 E7 00 BD 
       00 19 55 AA 
       00 CB 00 12 
       00 24 19 04 
       C3 00 92 00 
       19 04 C6 00 
       A4 00 19 55 
       A3 00 AE 00 
       12 00 14 19 
       04 77 00 78 
       00 19 04 67 
       00 83 00 19 
       55 6A 00 62 
       00 12 00 24 
       19 04 C6 00 
       A4 00 19 04 
       D5 00 B7 00 
       19 55 A5 00 
       C3 00 12 00 
       10 19 04 51 
       00 88 00 19 
       04 44 00 82 
       00 19 55 44 
       00 45 00 12 
       00 14 19 04 
       77 00 78 00 
       19 04 6A 00 
       62 00 19 55 
       7B 00 5C 00 
       12 00 00 19 
       04 CC 00 78 
       00 19 04 C6 
       00 A4 00 19 
       55 C3 00 92 
       00 12 00 00 
       19 04 44 00 
       82 00 19 04 
       48 00 37 00 
       19 55 44 00 
       45 00 12 00 
       14 19 04 67 
       00 83 00 19 
       04 51 00 88 
       00 19 55 53 
       00 58 00 12 
       00 24 19 04 
       48 00 37 00 
       19 04 5A 00 
       34 00 19 55 
       92 00 10 00 
       12 00 14 19 
       04 05 01 85 
       00 19 04 F0 
       00 B3 00 19 
       55 E7 00 BD 
       00 12 00 14 
       19 04 67 00 
       83 00 19 04 
       53 00 58 00 
       19 55 6A 00 
       62 00 12 00 
       10 19 04 51 
       00 88 00 19 
       04 44 00 45 
       00 19 55 53 
       00 58 00 12 
       00 10 19 04 
       D2 00 85 00 
       19 04 D5 00 
       B7 00 19 55 
       C6 00 A4 00 
       12 00 00 19 
       04 CC 00 78 
       00 19 04 D2 
       00 85 00 19 
       55 C6 00 A4 
       00 12 00 14 
       19 04 EA 00 
       8B 00 19 04 
       E7 00 BD 00 
       19 55 D5 00 
       B7 00 12 00 
       14 19 04 05 
       01 85 00 19 
       04 10 01 78 
       00 19 55 F0 
       00 B3 00 12 
       00 24 19 04 
       44 00 45 00 
       19 04 48 00 
       37 00 19 55 
       88 00 0C 00 
       12 00 10 19 
       04 D2 00 85 
       00 19 04 EA 
       00 8B 00 19 
       55 D5 00 B7 
       00 12 00 24 
       19 04 48 00 
       37 00 19 04 
       92 00 10 00 
       19 55 88 00 
       0C 00 12 00 
       14 19 04 EA 
       00 8B 00 19 
       04 05 01 85 
       00 19 55 E7 
       00 BD 00 12 
       00 39 19 04 
       E6 00 29 00 
       19 04 05 01 
       6B 00 19 55 
       10 01 78 00 
       12 00 00 19 
       04 6A 00 62 
       00 19 04 53 
       00 58 00 19 
       55 83 00 3D 
       00 12 00 39 
       19 04 E6 00 
       29 00 19 04 
       E2 00 28 00 
       19 55 05 01 
       6B 00 12 00 
       24 19 04 53 
       00 58 00 19 
       04 44 00 45 
       00 19 55 81 
       00 1F 00 12 
       00 39 19 04 
       88 00 0C 00 
       19 04 92 00 
       10 00 19 55 
       E2 00 28 00 
       12 00 00 19 
       04 6A 00 62 
       00 19 04 83 
       00 3D 00 19 
       55 8D 00 50 
       00 12 00 00 
       19 04 BA 00 
       5F 00 19 04 
       EA 00 8B 00 
       19 55 D2 00 
       85 00 12 00 
       24 19 04 44 
       00 45 00 19 
       04 88 00 0C 
       00 19 55 81 
       00 1F 00 12 
       00 39 19 04 
       88 00 0C 00 
       19 04 E2 00 
       28 00 19 55 
       E6 00 29 00 
       12 00 39 19 
       04 DC 00 3B 
       00 19 04 10 
       01 78 00 19 
       55 05 01 85 
       00 12 00 24 
       19 04 53 00 
       58 00 19 04 
       81 00 1F 00 
       19 55 83 00 
       3D 00 12 00 
       00 19 04 8D 
       00 50 00 19 
       04 C8 00 53 
       00 19 55 BA 
       00 5F 00 12 
       00 00 19 04 
       BA 00 5F 00 
       19 04 C8 00 
       53 00 19 55 
       EA 00 8B 00 
       12 00 24 19 
       04 C8 00 53 
       00 19 04 05 
       01 85 00 19 
       55 EA 00 8B 
       00 12 00 39 
       19 04 DC 00 
       3B 00 19 04 
       E6 00 29 00 
       19 55 10 01 
       78 00 12 00 
       00 19 04 8D 
       00 50 00 19 
       04 83 00 3D 
       00 19 55 C8 
       00 53 00 12 
       00 39 19 04 
       81 00 1F 00 
       19 04 88 00 
       0C 00 19 55 
       E6 00 29 00 
       12 00 24 19 
       04 C8 00 53 
       00 19 04 DC 
       00 3B 00 19 
       55 05 01 85 
       00 12 00 39 
       19 04 83 00 
       3D 00 19 04 
       81 00 1F 00 
       19 55 DC 00 
       3B 00 12 00 
       39 19 04 81 
       00 1F 00 19 
       04 E6 00 29 
       00 19 55 DC 
       00 3B 00 12 
       00 39 19 04 
       83 00 3D 00 
       19 04 DC 00 
       3B 00 19 55 
       C8 00 53 00 
       41 05 10 12 
       00 39 19 04 
       B0 00 96 00 
       19 04 8B 00 
       90 00 19 55 
       8F 00 8A 00 
       12 00 39 19 
       04 8F 00 8A 
       00 19 04 79 
       00 78 00 19 
       55 7A 00 6E 
       00 12 00 39 
       19 04 8F 00 
       8A 00 19 04 
       8B 00 90 00 
       19 55 79 00 
       78 00 12 00 
       39 19 04 B0 
       00 96 00 19 
       04 A8 00 9B 
       00 19 55 8B 
       00 90 00 12 
       00 00 19 04 
       73 00 B0 00 
       19 04 6F 00 
       B4 00 19 55 
       47 00 82 00 
       12 00 00 19 
       04 A5 00 C4 
       00 19 04 AB 
       00 CC 00 19 
       55 6F 00 B4 
       00 12 00 00 
       19 04 A5 00 
       C4 00 19 04 
       6F 00 B4 00 
       19 55 73 00 
       B0 00 12 00 
       00 19 04 E8 
       00 BF 00 19 
       04 B3 00 C4 
       00 19 55 AB 
       00 CC 00 12 
       00 39 19 04 
       A8 00 9B 00 
       19 04 7F 00 
       A1 00 19 55 
       8B 00 90 00 
       12 00 00 19 
       04 47 00 82 
       00 19 04 4C 
       00 78 00 19 
       55 4A 00 37 
       00 12 00 00 
       19 04 73 00 
       B0 00 19 04 
       47 00 82 00 
       19 55 52 00 
       87 00 12 00 
       39 19 04 8B 
       00 90 00 19 
       04 68 00 82 
       00 19 55 79 
       00 78 00 12 
       00 39 19 04 
       8B 00 90 00 
       19 04 7F 00 
       A1 00 19 55 
       68 00 82 00 
       12 00 39 19 
       04 A3 00 AF 
       00 19 04 73 
       00 B0 00 19 
       55 7F 00 A1 
       00 12 00 24 
       19 04 7F 00 
       A1 00 19 04 
       73 00 B0 00 
       19 55 52 00 
       87 00 12 00 
       39 19 04 A8 
       00 9B 00 19 
       04 A3 00 AF 
       00 19 55 7F 
       00 A1 00 12 
       00 39 19 04 
       A3 00 AF 00 
       19 04 A5 00 
       C4 00 19 55 
       73 00 B0 00 
       12 00 00 19 
       04 E8 00 BF 
       00 19 04 F2 
       00 B6 00 19 
       55 B3 00 C4 
       00 12 00 24 
       19 04 C3 00 
       92 00 19 04 
       A3 00 AF 00 
       19 55 A8 00 
       9B 00 12 00 
       24 19 04 7F 
       00 A1 00 19 
       04 52 00 87 
       00 19 55 68 
       00 82 00 12 
       00 00 19 04 
       D4 00 B9 00 
       19 04 AB 00 
       CC 00 19 55 
       A5 00 C4 00 
       12 00 10 19 
       04 52 00 87 
       00 19 04 47 
       00 82 00 19 
       55 45 00 45 
       00 12 00 24 
       19 04 C5 00 
       A5 00 19 04 
       A5 00 C4 00 
       19 55 A3 00 
       AF 00 12 00 
       24 19 04 79 
       00 78 00 19 
       04 68 00 82 
       00 19 55 6A 
       00 61 00 12 
       00 00 19 04 
       D4 00 B9 00 
       19 04 E8 00 
       BF 00 19 55 
       AB 00 CC 00 
       12 00 24 19 
       04 C3 00 92 
       00 19 04 C5 
       00 A5 00 19 
       55 A3 00 AF 
       00 12 00 24 
       19 04 79 00 
       78 00 19 04 
       6A 00 61 00 
       19 55 7B 00 
       5C 00 12 00 
       00 19 04 47 
       00 82 00 19 
       04 4A 00 37 
       00 19 55 45 
       00 45 00 12 
       00 24 19 04 
       68 00 82 00 
       19 04 52 00 
       87 00 19 55 
       52 00 57 00 
       12 00 24 19 
       04 C5 00 A5 
       00 19 04 D4 
       00 B9 00 19 
       55 A5 00 C4 
       00 12 00 00 
       19 04 CB 00 
       78 00 19 04 
       C5 00 A5 00 
       19 55 C3 00 
       92 00 12 00 
       24 19 04 68 
       00 82 00 19 
       04 52 00 57 
       00 19 55 6A 
       00 61 00 12 
       00 10 19 04 
       52 00 87 00 
       19 04 45 00 
       45 00 19 55 
       52 00 57 00 
       12 00 24 19 
       04 02 01 85 
       00 19 04 F2 
       00 B6 00 19 
       55 E8 00 BF 
       00 12 00 00 
       19 04 7B 00 
       5C 00 19 04 
       6A 00 61 00 
       19 55 8A 00 
       4F 00 12 00 
       00 19 04 7B 
       00 5C 00 19 
       04 8A 00 4F 
       00 19 55 95 
       00 4E 00 12 
       00 00 19 04 
       CB 00 78 00 
       19 04 CF 00 
       84 00 19 55 
       C5 00 A5 00 
       12 00 10 19 
       04 CF 00 84 
       00 19 04 D4 
       00 B9 00 19 
       55 C5 00 A5 
       00 12 00 24 
       19 04 45 00 
       45 00 19 04 
       4A 00 37 00 
       19 55 85 00 
       0C 00 12 00 
       24 19 04 E6 
       00 8B 00 19 
       04 E8 00 BF 
       00 19 55 D4 
       00 B9 00 12 
       00 24 19 04 
       02 01 85 00 
       19 04 0F 01 
       78 00 19 55 
       F2 00 B6 00 
       12 00 00 19 
       04 6A 00 61 
       00 19 04 52 
       00 57 00 19 
       55 7F 00 3B 
       00 12 00 24 
       19 04 52 00 
       57 00 19 04 
       45 00 45 00 
       19 55 7C 00 
       1E 00 12 00 
       10 19 04 CF 
       00 84 00 19 
       04 E6 00 8B 
       00 19 55 D4 
       00 B9 00 12 
       00 00 19 04 
       6A 00 61 00 
       19 04 7F 00 
       3B 00 19 55 
       8A 00 4F 00 
       12 00 24 19 
       04 E6 00 8B 
       00 19 04 02 
       01 85 00 19 
       55 E8 00 BF 
       00 12 00 39 
       19 04 85 00 
       0C 00 19 04 
       91 00 10 00 
       19 55 E0 00 
       27 00 12 00 
       39 19 04 E2 
       00 26 00 19 
       04 07 01 6C 
       00 19 55 0F 
       01 78 00 12 
       00 39 19 04 
       E2 00 26 00 
       19 04 E0 00 
       27 00 19 55 
       07 01 6C 00 
       12 00 24 19 
       04 45 00 45 
       00 19 04 85 
       00 0C 00 19 
       55 7C 00 1E 
       00 12 00 00 
       19 04 B7 00 
       5E 00 19 04 
       E6 00 8B 00 
       19 55 CF 00 
       84 00 12 00 
       24 19 04 52 
       00 57 00 19 
       04 7C 00 1E 
       00 19 55 7F 
       00 3B 00 12 
       00 39 19 04 
       85 00 0C 00 
       19 04 E0 00 
       27 00 19 55 
       E2 00 26 00 
       12 00 00 19 
       04 8A 00 4F 
       00 19 04 C2 
       00 51 00 19 
       55 B7 00 5E 
       00 12 00 00 
       19 04 8A 00 
       4F 00 19 04 
       7F 00 3B 00 
       19 55 C2 00 
       51 00 12 00 
       00 19 04 B7 
       00 5E 00 19 
       04 C2 00 51 
       00 19 55 E6 
       00 8B 00 12 
       00 39 19 04 
       D6 00 38 00 
       19 04 0F 01 
       78 00 19 55 
       02 01 85 00 
       12 00 39 19 
       04 7C 00 1E 
       00 19 04 85 
       00 0C 00 19 
       55 E2 00 26 
       00 12 00 24 
       19 04 C2 00 
       51 00 19 04 
       02 01 85 00 
       19 55 E6 00 
       8B 00 12 00 
       39 19 04 D6 
       00 38 00 19 
       04 E2 00 26 
       00 19 55 0F 
       01 78 00 12 
       00 39 19 04 
       7F 00 3B 00 
       19 04 7C 00 
       1E 00 19 55 
       D6 00 38 00 
       12 00 24 19 
       04 C2 00 51 
       00 19 04 D6 
       00 38 00 19 
       55 02 01 85 
       00 12 00 39 
       19 04 7C 00 
       1E 00 19 04 
       E2 00 26 00 
       19 55 D6 00 
       38 00 12 00 
       39 19 04 7F 
       00 3B 00 19 
       04 D6 00 38 
       00 19 55 C2 
       00 51 00 41 
       05 10 12 00 
       39 19 04 B2 
       00 97 00 19 
       04 8D 00 91 
       00 19 55 92 
       00 8B 00 12 
       00 39 19 04 
       92 00 8B 00 
       19 04 7A 00 
       78 00 19 55 
       7D 00 6E 00 
       12 00 39 19 
       04 92 00 8B 
       00 19 04 8D 
       00 91 00 19 
       55 7A 00 78 
       00 12 00 00 
       19 04 75 00 
       B0 00 19 04 
       72 00 B4 00 
       19 55 4A 00 
       81 00 12 00 
       39 19 04 B2 
       00 97 00 19 
       04 A9 00 9C 
       00 19 55 8D 
       00 91 00 12 
       00 00 19 04 
       A5 00 C5 00 
       19 04 AC 00 
       CE 00 19 55 
       72 00 B4 00 
       12 00 00 19 
       04 A5 00 C5 
       00 19 04 72 
       00 B4 00 19 
       55 75 00 B0 
       00 12 00 00 
       19 04 4A 00 
       81 00 19 04 
       50 00 78 00 
       19 55 4D 00 
       38 00 12 00 
       39 19 04 A9 
       00 9C 00 19 
       04 80 00 A1 
       00 19 55 8D 
       00 91 00 12 
       00 00 19 04 
       75 00 B0 00 
       19 04 4A 00 
       81 00 19 55 
       54 00 86 00 
       12 00 39 19 
       04 8D 00 91 
       00 19 04 69 
       00 82 00 19 
       55 7A 00 78 
       00 12 00 39 
       19 04 8D 00 
       91 00 19 04 
       80 00 A1 00 
       19 55 69 00 
       82 00 12 00 
       24 19 04 80 
       00 A1 00 19 
       04 75 00 B0 
       00 19 55 54 
       00 86 00 12 
       00 00 19 04 
       E7 00 C2 00 
       19 04 B5 00 
       C6 00 19 55 
       AC 00 CE 00 
       12 00 24 19 
       04 A3 00 AF 
       00 19 04 75 
       00 B0 00 19 
       55 80 00 A1 
       00 12 00 39 
       19 04 A9 00 
       9C 00 19 04 
       A3 00 AF 00 
       19 55 80 00 
       A1 00 12 00 
       24 19 04 A3 
       00 AF 00 19 
       04 A5 00 C5 
       00 19 55 75 
       00 B0 00 12 
       00 24 19 04 
       80 00 A1 00 
       19 04 54 00 
       86 00 19 55 
       69 00 82 00 
       12 00 10 19 
       04 54 00 86 
       00 19 04 4A 
       00 81 00 19 
       55 47 00 45 
       00 12 00 24 
       19 04 C3 00 
       93 00 19 04 
       A3 00 AF 00 
       19 55 A9 00 
       9C 00 12 00 
       00 19 04 E7 
       00 C2 00 19 
       04 F3 00 B8 
       00 19 55 B5 
       00 C6 00 12 
       00 00 19 04 
       4A 00 81 00 
       19 04 4D 00 
       38 00 19 55 
       47 00 45 00 
       12 00 24 19 
       04 7A 00 78 
       00 19 04 69 
       00 82 00 19 
       55 6A 00 60 
       00 12 00 00 
       19 04 D3 00 
       BA 00 19 04 
       AC 00 CE 00 
       19 55 A5 00 
       C5 00 12 00 
       24 19 04 7A 
       00 78 00 19 
       04 6A 00 60 
       00 19 55 7C 
       00 5C 00 12 
       00 24 19 04 
       C3 00 A6 00 
       19 04 A5 00 
       C5 00 19 55 
       A3 00 AF 00 
       12 00 24 19 
       04 69 00 82 
       00 19 04 54 
       00 86 00 19 
       55 53 00 56 
       00 12 00 24 
       19 04 C3 00 
       93 00 19 04 
       C3 00 A6 00 
       19 55 A3 00 
       AF 00 12 00 
       00 19 04 D3 
       00 BA 00 19 
       04 E7 00 C2 
       00 19 55 AC 
       00 CE 00 12 
       00 10 19 04 
       54 00 86 00 
       19 04 47 00 
       45 00 19 55 
       53 00 56 00 
       12 00 24 19 
       04 69 00 82 
       00 19 04 53 
       00 56 00 19 
       55 6A 00 60 
       00 12 00 24 
       19 04 C3 00 
       A6 00 19 04 
       D3 00 BA 00 
       19 55 A5 00 
       C5 00 12 00 
       00 19 04 CA 
       00 78 00 19 
       04 C3 00 A6 
       00 19 55 C3 
       00 93 00 12 
       00 00 19 04 
       7C 00 5C 00 
       19 04 6A 00 
       60 00 19 55 
       87 00 4E 00 
       12 00 24 19 
       04 47 00 45 
       00 19 04 4D 
       00 38 00 19 
       55 82 00 0C 
       00 12 00 00 
       19 04 7C 00 
       5C 00 19 04 
       87 00 4E 00 
       19 55 94 00 
       4E 00 12 00 
       00 19 04 CA 
       00 78 00 19 
       04 CD 00 84 
       00 19 55 C3 
       00 A6 00 12 
       00 24 19 04 
       FF 00 85 00 
       19 04 F3 00 
       B8 00 19 55 
       E7 00 C2 00 
       12 00 10 19 
       04 CD 00 84 
       00 19 04 D3 
       00 BA 00 19 
       55 C3 00 A6 
       00 12 00 00 
       19 04 6A 00 
       60 00 19 04 
       53 00 56 00 
       19 55 7B 00 
       3A 00 12 00 
       24 19 04 53 
       00 56 00 19 
       04 47 00 45 
       00 19 55 79 
       00 1D 00 12 
       00 24 19 04 
       E3 00 8A 00 
       19 04 E7 00 
       C2 00 19 55 
       D3 00 BA 00 
       12 00 00 19 
       04 6A 00 60 
       00 19 04 7B 
       00 3A 00 19 
       55 87 00 4E 
       00 12 00 24 
       19 04 FF 00 
       85 00 19 04 
       0E 01 78 00 
       19 55 F3 00 
       B8 00 12 00 
       39 19 04 82 
       00 0C 00 19 
       04 90 00 11 
       00 19 55 DE 
       00 25 00 12 
       00 24 19 04 
       47 00 45 00 
       19 04 82 00 
       0C 00 19 55 
       79 00 1D 00 
       12 00 10 19 
       04 CD 00 84 
       00 19 04 E3 
       00 8A 00 19 
       55 D3 00 BA 
       00 12 00 24 
       19 04 53 00 
       56 00 19 04 
       79 00 1D 00 
       19 55 7B 00 
       3A 00 12 00 
       24 19 04 E3 
       00 8A 00 19 
       04 FF 00 85 
       00 19 55 E7 
       00 C2 00 12 
       00 39 19 04 
       DE 00 24 00 
       19 04 DE 00 
       25 00 19 55 
       07 01 6C 00 
       12 00 39 19 
       04 DE 00 24 
       00 19 04 07 
       01 6C 00 19 
       55 0E 01 78 
       00 12 00 00 
       19 04 B3 00 
       5D 00 19 04 
       E3 00 8A 00 
       19 55 CD 00 
       84 00 12 00 
       39 19 04 82 
       00 0C 00 19 
       04 DE 00 25 
       00 19 55 DE 
       00 24 00 12 
       00 00 19 04 
       87 00 4E 00 
       19 04 BD 00 
       4F 00 19 55 
       B3 00 5D 00 
       12 00 00 19 
       04 87 00 4E 
       00 19 04 7B 
       00 3A 00 19 
       55 BD 00 4F 
       00 12 00 39 
       19 04 79 00 
       1D 00 19 04 
       82 00 0C 00 
       19 55 DE 00 
       24 00 12 00 
       00 19 04 B3 
       00 5D 00 19 
       04 BD 00 4F 
       00 19 55 E3 
       00 8A 00 12 
       00 39 19 04 
       D0 00 36 00 
       19 04 0E 01 
       78 00 19 55 
       FF 00 85 00 
       12 00 24 19 
       04 BD 00 4F 
       00 19 04 FF 
       00 85 00 19 
       55 E3 00 8A 
       00 12 00 24 
       19 04 7B 00 
       3A 00 19 04 
       79 00 1D 00 
       19 55 D0 00 
       36 00 12 00 
       39 19 04 D0 
       00 36 00 19 
       04 DE 00 24 
       00 19 55 0E 
       01 78 00 12 
       00 39 19 04 
       79 00 1D 00 
       19 04 DE 00 
       24 00 19 55 
       D0 00 36 00 
       12 00 24 19 
       04 7B 00 3A 
       00 19 04 D0 
       00 36 00 19 
       55 BD 00 4F 
       00 12 00 24 
       19 04 BD 00 
       4F 00 19 04 
       D0 00 36 00 
       19 55 FF 00 
       85 00 41 05 
       10 12 00 39 
       19 04 95 00 
       8B 00 19 04 
       7C 00 78 00 
       19 55 80 00 
       6F 00 12 00 
       39 19 04 B4 
       00 98 00 19 
       04 8E 00 91 
       00 19 55 95 
       00 8B 00 12 
       00 00 19 04 
       76 00 AF 00 
       19 04 74 00 
       B4 00 19 55 
       4E 00 81 00 
       12 00 39 19 
       04 95 00 8B 
       00 19 04 8E 
       00 91 00 19 
       55 7C 00 78 
       00 12 00 39 
       19 04 B4 00 
       98 00 19 04 
       AA 00 9D 00 
       19 55 8E 00 
       91 00 12 00 
       00 19 04 A5 
       00 C6 00 19 
       04 74 00 B4 
       00 19 55 76 
       00 AF 00 12 
       00 00 19 04 
       76 00 AF 00 
       19 04 4E 00 
       81 00 19 55 
       56 00 85 00 
       12 00 00 19 
       04 A5 00 C6 
       00 19 04 AD 
       00 CF 00 19 
       55 74 00 B4 
       00 12 00 14 
       19 04 80 00 
       6F 00 19 04 
       7C 00 78 00 
       19 55 7D 00 
       5C 00 12 00 
       14 19 04 80 
       00 6F 00 19 
       04 7D 00 5C 
       00 19 55 81 
       00 4F 00 12 
       00 39 19 04 
       AA 00 9D 00 
       19 04 81 00 
       A0 00 19 55 
       8E 00 91 00 
       12 00 39 19 
       04 8E 00 91 
       00 19 04 6A 
       00 81 00 19 
       55 7C 00 78 
       00 12 00 24 
       19 04 81 00 
       A0 00 19 04 
       76 00 AF 00 
       19 55 56 00 
       85 00 12 00 
       39 19 04 8E 
       00 91 00 19 
       04 81 00 A0 
       00 19 55 6A 
       00 81 00 12 
       00 24 19 04 
       A3 00 B0 00 
       19 04 76 00 
       AF 00 19 55 
       81 00 A0 00 
       12 00 24 19 
       04 81 00 A0 
       00 19 04 56 
       00 85 00 19 
       55 6A 00 81 
       00 12 00 00 
       19 04 56 00 
       85 00 19 04 
       4E 00 81 00 
       19 55 48 00 
       45 00 12 00 
       39 19 04 AA 
       00 9D 00 19 
       04 A3 00 B0 
       00 19 55 81 
       00 A0 00 12 
       00 00 19 04 
       E6 00 C3 00 
       19 04 B7 00 
       C8 00 19 55 
       AD 00 CF 00 
       12 00 24 19 
       04 A3 00 B0 
       00 19 04 A5 
       00 C6 00 19 
       55 76 00 AF 
       00 12 00 24 
       19 04 7C 00 
       78 00 19 04 
       6A 00 81 00 
       19 55 6A 00 
       5F 00 12 00 
       24 19 04 C3 
       00 94 00 19 
       04 A3 00 B0 
       00 19 55 AA 
       00 9D 00 12 
       00 24 19 04 
       7C 00 78 00 
       19 04 6A 00 
       5F 00 19 55 
       7D 00 5C 00 
       12 00 24 19 
       04 6A 00 81 
       00 19 04 56 
       00 85 00 19 
       55 53 00 56 
       00 12 00 00 
       19 04 E6 00 
       C3 00 19 04 
       F4 00 BB 00 
       19 55 B7 00 
       C8 00 12 00 
       00 19 04 D1 
       00 BB 00 19 
       04 AD 00 CF 
       00 19 55 A5 
       00 C6 00 12 
       00 00 19 04 
       56 00 85 00 
       19 04 48 00 
       45 00 19 55 
       53 00 56 00 
       12 00 24 19 
       04 C2 00 A6 
       00 19 04 A5 
       00 C6 00 19 
       55 A3 00 B0 
       00 12 00 24 
       19 04 6A 00 
       81 00 19 04 
       53 00 56 00 
       19 55 6A 00 
       5F 00 12 00 
       24 19 04 C3 
       00 94 00 19 
       04 C2 00 A6 
       00 19 55 A3 
       00 B0 00 12 
       00 00 19 04 
       D1 00 BB 00 
       19 04 E6 00 
       C3 00 19 55 
       AD 00 CF 00 
       12 00 24 19 
       04 C2 00 A6 
       00 19 04 D1 
       00 BB 00 19 
       55 A5 00 C6 
       00 12 00 24 
       19 04 48 00 
       45 00 19 04 
       50 00 38 00 
       19 55 80 00 
       0C 00 12 00 
       00 19 04 7D 
       00 5C 00 19 
       04 6A 00 5F 
       00 19 55 85 
       00 4D 00 12 
       00 00 19 04 
       7D 00 5C 00 
       19 04 85 00 
       4D 00 19 55 
       93 00 4D 00 
       12 00 14 19 
       04 0D 01 78 
       00 19 04 F2 
       00 A8 00 19 
       55 F4 00 BB 
       00 12 00 24 
       19 04 53 00 
       56 00 19 04 
       48 00 45 00 
       19 55 75 00 
       1D 00 12 00 
       00 19 04 6A 
       00 5F 00 19 
       04 53 00 56 
       00 19 55 77 
       00 39 00 12 
       00 14 19 04 
       0D 01 78 00 
       19 04 07 01 
       6C 00 19 55 
       F2 00 A8 00 
       12 00 00 19 
       04 C9 00 83 
       00 19 04 D1 
       00 BB 00 19 
       55 C2 00 A6 
       00 12 00 24 
       19 04 FC 00 
       85 00 19 04 
       F4 00 BB 00 
       19 55 E6 00 
       C3 00 12 00 
       00 19 04 6A 
       00 5F 00 19 
       04 77 00 39 
       00 19 55 85 
       00 4D 00 12 
       00 24 19 04 
       48 00 45 00 
       19 04 80 00 
       0C 00 19 55 
       75 00 1D 00 
       12 00 39 19 
       04 80 00 0C 
       00 19 04 90 
       00 11 00 19 
       55 DB 00 24 
       00 12 00 24 
       19 04 DE 00 
       8A 00 19 04 
       E6 00 C3 00 
       19 55 D1 00 
       BB 00 12 00 
       24 19 04 53 
       00 56 00 19 
       04 75 00 1D 
       00 19 55 77 
       00 39 00 12 
       00 24 19 04 
       FC 00 85 00 
       19 04 0D 01 
       78 00 19 55 
       F4 00 BB 00 
       12 00 00 19 
       04 C9 00 83 
       00 19 04 DE 
       00 8A 00 19 
       55 D1 00 BB 
       00 12 00 39 
       19 04 D9 00 
       23 00 19 04 
       DB 00 24 00 
       19 55 07 01 
       6C 00 12 00 
       24 19 04 DE 
       00 8A 00 19 
       04 FC 00 85 
       00 19 55 E6 
       00 C3 00 12 
       00 00 19 04 
       AF 00 5C 00 
       19 04 DE 00 
       8A 00 19 55 
       C9 00 83 00 
       12 00 39 19 
       04 80 00 0C 
       00 19 04 DB 
       00 24 00 19 
       55 D9 00 23 
       00 12 00 39 
       19 04 D9 00 
       23 00 19 04 
       07 01 6C 00 
       19 55 0D 01 
       78 00 12 00 
       00 19 04 85 
       00 4D 00 19 
       04 B7 00 4D 
       00 19 55 AF 
       00 5C 00 12 
       00 00 19 04 
       85 00 4D 00 
       19 04 77 00 
       39 00 19 55 
       B7 00 4D 00 
       12 00 39 19 
       04 75 00 1D 
       00 19 04 80 
       00 0C 00 19 
       55 D9 00 23 
       00 12 00 00 
       19 04 AF 00 
       5C 00 19 04 
       B7 00 4D 00 
       19 55 DE 00 
       8A 00 12 00 
       24 19 04 77 
       00 39 00 19 
       04 75 00 1D 
       00 19 55 C9 
       00 34 00 12 
       00 24 19 04 
       B7 00 4D 00 
       19 04 FC 00 
       85 00 19 55 
       DE 00 8A 00 
       12 00 39 19 
       04 C9 00 34 
       00 19 04 0D 
       01 78 00 19 
       55 FC 00 85 
       00 12 00 39 
       19 04 75 00 
       1D 00 19 04 
       D9 00 23 00 
       19 55 C9 00 
       34 00 12 00 
       24 19 04 77 
       00 39 00 19 
       04 C9 00 34 
       00 19 55 B7 
       00 4D 00 12 
       00 39 19 04 
       C9 00 34 00 
       19 04 D9 00 
       23 00 19 55 
       0D 01 78 00 
       12 00 24 19 
       04 B7 00 4D 
       00 19 04 C9 
       00 34 00 19 
       55 FC 00 85 
       00 41 05 10 
       12 00 39 19 
       04 98 00 8C 
       00 19 04 7E 
       00 78 00 19 
       55 83 00 6F 
       00 12 00 00 
       19 04 78 00 
       AF 00 19 04 
       77 00 B3 00 
       19 55 51 00 
       80 00 12 00 
       39 19 04 B7 
       00 99 00 19 
       04 90 00 91 
       00 19 55 98 
       00 8C 00 12 
       00 39 19 04 
       98 00 8C 00 
       19 04 90 00 
       91 00 19 55 
       7E 00 78 00 
       12 00 00 19 
       04 78 00 AF 
       00 19 04 51 
       00 80 00 19 
       55 59 00 85 
       00 12 00 00 
       19 04 A4 00 
       C6 00 19 04 
       77 00 B3 00 
       19 55 78 00 
       AF 00 12 00 
       39 19 04 B7 
       00 99 00 19 
       04 AB 00 9D 
       00 19 55 90 
       00 91 00 12 
       00 14 19 04 
       83 00 6F 00 
       19 04 7E 00 
       78 00 19 55 
       7E 00 5C 00 
       12 00 00 19 
       04 A4 00 C6 
       00 19 04 AE 
       00 D0 00 19 
       55 77 00 B3 
       00 12 00 14 
       19 04 83 00 
       6F 00 19 04 
       7E 00 5C 00 
       19 55 83 00 
       4F 00 12 00 
       24 19 04 82 
       00 A0 00 19 
       04 78 00 AF 
       00 19 55 59 
       00 85 00 12 
       00 39 19 04 
       90 00 91 00 
       19 04 6C 00 
       81 00 19 55 
       7E 00 78 00 
       12 00 39 19 
       04 AB 00 9D 
       00 19 04 82 
       00 A0 00 19 
       55 90 00 91 
       00 12 00 39 
       19 04 90 00 
       91 00 19 04 
       82 00 A0 00 
       19 55 6C 00 
       81 00 12 00 
       00 19 04 59 
       00 85 00 19 
       04 51 00 80 
       00 19 55 4B 
       00 45 00 12 
       00 24 19 04 
       82 00 A0 00 
       19 04 59 00 
       85 00 19 55 
       6C 00 81 00 
       12 00 24 19 
       04 A3 00 B0 
       00 19 04 78 
       00 AF 00 19 
       55 82 00 A0 
       00 12 00 39 
       19 04 AB 00 
       9D 00 19 04 
       A3 00 B0 00 
       19 55 82 00 
       A0 00 12 00 
       24 19 04 A3 
       00 B0 00 19 
       04 A4 00 C6 
       00 19 55 78 
       00 AF 00 12 
       00 24 19 04 
       7E 00 78 00 
       19 04 6C 00 
       81 00 19 55 
       6A 00 5F 00 
       12 00 00 19 
       04 E5 00 C5 
       00 19 04 B9 
       00 CA 00 19 
       55 AE 00 D0 
       00 12 00 14 
       19 04 6C 00 
       81 00 19 04 
       59 00 85 00 
       19 55 54 00 
       55 00 12 00 
       24 19 04 7E 
       00 78 00 19 
       04 6A 00 5F 
       00 19 55 7E 
       00 5C 00 12 
       00 24 19 04 
       C3 00 94 00 
       19 04 A3 00 
       B0 00 19 55 
       AB 00 9D 00 
       12 00 00 19 
       04 59 00 85 
       00 19 04 4B 
       00 45 00 19 
       55 54 00 55 
       00 12 00 14 
       19 04 6C 00 
       81 00 19 04 
       54 00 55 00 
       19 55 6A 00 
       5F 00 12 00 
       00 19 04 CE 
       00 BC 00 19 
       04 AE 00 D0 
       00 19 55 A4 
       00 C6 00 12 
       00 00 19 04 
       E5 00 C5 00 
       19 04 F4 00 
       BD 00 19 55 
       B9 00 CA 00 
       12 00 14 19 
       04 C0 00 A7 
       00 19 04 A4 
       00 C6 00 19 
       55 A3 00 B0 
       00 12 00 24 
       19 04 C3 00 
       94 00 19 04 
       C0 00 A7 00 
       19 55 A3 00 
       B0 00 12 00 
       24 19 04 4B 
       00 45 00 19 
       04 53 00 39 
       00 19 55 7E 
       00 0C 00 12 
       00 00 19 04 
       7E 00 5C 00 
       19 04 6A 00 
       5F 00 19 55 
       82 00 4D 00 
       12 00 00 19 
       04 CE 00 BC 
       00 19 04 E5 
       00 C5 00 19 
       55 AE 00 D0 
       00 12 00 00 
       19 04 7E 00 
       5C 00 19 04 
       82 00 4D 00 
       19 55 92 00 
       4D 00 12 00 
       14 19 04 C0 
       00 A7 00 19 
       04 CE 00 BC 
       00 19 55 A4 
       00 C6 00 12 
       00 14 19 04 
       54 00 55 00 
       19 04 4B 00 
       45 00 19 55 
       72 00 1D 00 
       12 00 00 19 
       04 6A 00 5F 
       00 19 04 54 
       00 55 00 19 
       55 74 00 39 
       00 12 00 14 
       19 04 0A 01 
       78 00 19 04 
       F4 00 AA 00 
       19 55 F4 00 
       BD 00 12 00 
       24 19 04 4B 
       00 45 00 19 
       04 7E 00 0C 
       00 19 55 72 
       00 1D 00 12 
       00 00 19 04 
       6A 00 5F 00 
       19 04 74 00 
       39 00 19 55 
       82 00 4D 00 
       12 00 14 19 
       04 0A 01 78 
       00 19 04 07 
       01 6C 00 19 
       55 F4 00 AA 
       00 12 00 00 
       19 04 C6 00 
       83 00 19 04 
       CE 00 BC 00 
       19 55 C0 00 
       A7 00 12 00 
       39 19 04 7E 
       00 0C 00 19 
       04 8F 00 11 
       00 19 55 D9 
       00 23 00 12 
       00 14 19 04 
       54 00 55 00 
       19 04 72 00 
       1D 00 19 55 
       74 00 39 00 
       12 00 24 19 
       04 F7 00 85 
       00 19 04 F4 
       00 BD 00 19 
       55 E5 00 C5 
       00 12 00 14 
       19 04 D9 00 
       89 00 19 04 
       E5 00 C5 00 
       19 55 CE 00 
       BC 00 12 00 
       00 19 04 C6 
       00 83 00 19 
       04 D9 00 89 
       00 19 55 CE 
       00 BC 00 12 
       00 24 19 04 
       F7 00 85 00 
       19 04 0A 01 
       78 00 19 55 
       F4 00 BD 00 
       12 00 00 19 
       04 82 00 4D 
       00 19 04 74 
       00 39 00 19 
       55 B0 00 4C 
       00 12 00 00 
       19 04 82 00 
       4D 00 19 04 
       B0 00 4C 00 
       19 55 AB 00 
       5B 00 12 00 
       39 19 04 7E 
       00 0C 00 19 
       04 D9 00 23 
       00 19 55 D4 
       00 21 00 12 
       00 39 19 04 
       72 00 1D 00 
       19 04 7E 00 
       0C 00 19 55 
       D4 00 21 00 
       12 00 39 19 
       04 D4 00 21 
       00 19 04 D9 
       00 23 00 19 
       55 07 01 6C 
       00 12 00 00 
       19 04 AB 00 
       5B 00 19 04 
       D9 00 89 00 
       19 55 C6 00 
       83 00 12 00 
       14 19 04 D9 
       00 89 00 19 
       04 F7 00 85 
       00 19 55 E5 
       00 C5 00 12 
       00 39 19 04 
       D4 00 21 00 
       19 04 07 01 
       6C 00 19 55 
       0A 01 78 00 
       12 00 24 19 
       04 74 00 39 
       00 19 04 72 
       00 1D 00 19 
       55 C2 00 33 
       00 12 00 00 
       19 04 AB 00 
       5B 00 19 04 
       B0 00 4C 00 
       19 55 D9 00 
       89 00 12 00 
       24 19 04 74 
       00 39 00 19 
       04 C2 00 33 
       00 19 55 B0 
       00 4C 00 12 
       00 39 19 04 
       72 00 1D 00 
       19 04 D4 00 
       21 00 19 55 
       C2 00 33 00 
       12 00 24 19 
       04 B0 00 4C 
       00 19 04 F7 
       00 85 00 19 
       55 D9 00 89 
       00 12 00 39 
       19 04 C2 00 
       33 00 19 04 
       D4 00 21 00 
       19 55 0A 01 
       78 00 12 00 
       39 19 04 C2 
       00 33 00 19 
       04 0A 01 78 
       00 19 55 F7 
       00 85 00 12 
       00 24 19 04 
       B0 00 4C 00 
       19 04 C2 00 
       33 00 19 55 
       F7 00 85 00 
       41 05 10 12 
       00 00 19 04 
       79 00 AE 00 
       19 04 7A 00 
       B3 00 19 55 
       55 00 80 00 
       12 00 39 19 
       04 9B 00 8C 
       00 19 04 80 
       00 78 00 19 
       55 87 00 6F 
       00 12 00 39 
       19 04 B9 00 
       9A 00 19 04 
       92 00 91 00 
       19 55 9B 00 
       8C 00 12 00 
       39 19 04 9B 
       00 8C 00 19 
       04 92 00 91 
       00 19 55 80 
       00 78 00 12 
       00 00 19 04 
       79 00 AE 00 
       19 04 55 00 
       80 00 19 55 
       5B 00 84 00 
       12 00 00 19 
       04 A4 00 C6 
       00 19 04 7A 
       00 B3 00 19 
       55 79 00 AE 
       00 12 00 24 
       19 04 87 00 
       6F 00 19 04 
       80 00 78 00 
       19 55 7F 00 
       5C 00 12 00 
       24 19 04 87 
       00 6F 00 19 
       04 7F 00 5C 
       00 19 55 86 
       00 4F 00 12 
       00 24 19 04 
       84 00 A0 00 
       19 04 79 00 
       AE 00 19 55 
       5B 00 84 00 
       12 00 39 19 
       04 B9 00 9A 
       00 19 04 AC 
       00 9E 00 19 
       55 92 00 91 
       00 12 00 39 
       19 04 92 00 
       91 00 19 04 
       6E 00 81 00 
       19 55 80 00 
       78 00 12 00 
       00 19 04 5B 
       00 84 00 19 
       04 55 00 80 
       00 19 55 4D 
       00 46 00 12 
       00 00 19 04 
       A4 00 C6 00 
       19 04 AF 00 
       D1 00 19 55 
       7A 00 B3 00 
       12 00 39 19 
       04 92 00 91 
       00 19 04 84 
       00 A0 00 19 
       55 6E 00 81 
       00 12 00 24 
       19 04 84 00 
       A0 00 19 04 
       5B 00 84 00 
       19 55 6E 00 
       81 00 12 00 
       39 19 04 AC 
       00 9E 00 19 
       04 84 00 A0 
       00 19 55 92 
       00 91 00 12 
       00 24 19 04 
       A3 00 B0 00 
       19 04 79 00 
       AE 00 19 55 
       84 00 A0 00 
       12 00 24 19 
       04 80 00 78 
       00 19 04 6E 
       00 81 00 19 
       55 6A 00 5F 
       00 12 00 39 
       19 04 AC 00 
       9E 00 19 04 
       A3 00 B0 00 
       19 55 84 00 
       A0 00 12 00 
       14 19 04 6E 
       00 81 00 19 
       04 5B 00 84 
       00 19 55 55 
       00 56 00 12 
       00 24 19 04 
       A3 00 B0 00 
       19 04 A4 00 
       C6 00 19 55 
       79 00 AE 00 
       12 00 24 19 
       04 80 00 78 
       00 19 04 6A 
       00 5F 00 19 
       55 7F 00 5C 
       00 12 00 00 
       19 04 5B 00 
       84 00 19 04 
       4D 00 46 00 
       19 55 55 00 
       56 00 12 00 
       00 19 04 E3 
       00 C7 00 19 
       04 BB 00 CB 
       00 19 55 AF 
       00 D1 00 12 
       00 14 19 04 
       6E 00 81 00 
       19 04 55 00 
       56 00 19 55 
       6A 00 5F 00 
       12 00 14 19 
       04 C2 00 95 
       00 19 04 A3 
       00 B0 00 19 
       55 AC 00 9E 
       00 12 00 14 
       19 04 4D 00 
       46 00 19 04 
       56 00 3A 00 
       19 55 7C 00 
       0D 00 12 00 
       00 19 04 CC 
       00 BD 00 19 
       04 AF 00 D1 
       00 19 55 A4 
       00 C6 00 12 
       00 14 19 04 
       BE 00 A7 00 
       19 04 A4 00 
       C6 00 19 55 
       A3 00 B0 00 
       12 00 00 19 
       04 E3 00 C7 
       00 19 04 F4 
       00 BF 00 19 
       55 BB 00 CB 
       00 12 00 00 
       19 04 7F 00 
       5C 00 19 04 
       6A 00 5F 00 
       19 55 80 00 
       4D 00 12 00 
       14 19 04 C2 
       00 95 00 19 
       04 BE 00 A7 
       00 19 55 A3 
       00 B0 00 12 
       00 00 19 04 
       7F 00 5C 00 
       19 04 80 00 
       4D 00 19 55 
       92 00 4D 00 
       12 00 14 19 
       04 55 00 56 
       00 19 04 4D 
       00 46 00 19 
       55 6F 00 1D 
       00 12 00 00 
       19 04 CC 00 
       BD 00 19 04 
       E3 00 C7 00 
       19 55 AF 00 
       D1 00 12 00 
       00 19 04 6A 
       00 5F 00 19 
       04 55 00 56 
       00 19 55 71 
       00 39 00 12 
       00 14 19 04 
       BE 00 A7 00 
       19 04 CC 00 
       BD 00 19 55 
       A4 00 C6 00 
       12 00 14 19 
       04 4D 00 46 
       00 19 04 7C 
       00 0D 00 19 
       55 6F 00 1D 
       00 12 00 00 
       19 04 6A 00 
       5F 00 19 04 
       71 00 39 00 
       19 55 80 00 
       4D 00 12 00 
       24 19 04 07 
       01 78 00 19 
       04 F5 00 AB 
       00 19 55 F4 
       00 BF 00 12 
       00 14 19 04 
       55 00 56 00 
       19 04 6F 00 
       1D 00 19 55 
       71 00 39 00 
       12 00 39 19 
       04 7C 00 0D 
       00 19 04 8E 
       00 12 00 19 
       55 D5 00 22 
       00 12 00 00 
       19 04 C2 00 
       83 00 19 04 
       CC 00 BD 00 
       19 55 BE 00 
       A7 00 12 00 
       24 19 04 07 
       01 78 00 19 
       04 05 01 6C 
       00 19 55 F5 
       00 AB 00 12 
       00 24 19 04 
       F2 00 85 00 
       19 04 F4 00 
       BF 00 19 55 
       E3 00 C7 00 
       12 00 14 19 
       04 D4 00 89 
       00 19 04 E3 
       00 C7 00 19 
       55 CC 00 BD 
       00 12 00 00 
       19 04 80 00 
       4D 00 19 04 
       71 00 39 00 
       19 55 AA 00 
       4B 00 12 00 
       00 19 04 C2 
       00 83 00 19 
       04 D4 00 89 
       00 19 55 CC 
       00 BD 00 12 
       00 00 19 04 
       80 00 4D 00 
       19 04 AA 00 
       4B 00 19 55 
       A7 00 5A 00 
       12 00 39 19 
       04 6F 00 1D 
       00 19 04 7C 
       00 0D 00 19 
       55 CE 00 20 
       00 12 00 39 
       19 04 7C 00 
       0D 00 19 04 
       D5 00 22 00 
       19 55 CE 00 
       20 00 12 00 
       24 19 04 F2 
       00 85 00 19 
       04 07 01 78 
       00 19 55 F4 
       00 BF 00 12 
       00 00 19 04 
       A7 00 5A 00 
       19 04 D4 00 
       89 00 19 55 
       C2 00 83 00 
       12 00 39 19 
       04 CE 00 20 
       00 19 04 D5 
       00 22 00 19 
       55 05 01 6C 
       00 12 00 24 
       19 04 71 00 
       39 00 19 04 
       6F 00 1D 00 
       19 55 BB 00 
       32 00 12 00 
       14 19 04 D4 
       00 89 00 19 
       04 F2 00 85 
       00 19 55 E3 
       00 C7 00 12 
       00 39 19 04 
       CE 00 20 00 
       19 04 05 01 
       6C 00 19 55 
       07 01 78 00 
       12 00 00 19 
       04 A7 00 5A 
       00 19 04 AA 
       00 4B 00 19 
       55 D4 00 89 
       00 12 00 24 
       19 04 71 00 
       39 00 19 04 
       BB 00 32 00 
       19 55 AA 00 
       4B 00 12 00 
       39 19 04 6F 
       00 1D 00 19 
       04 CE 00 20 
       00 19 55 BB 
       00 32 00 12 
       00 24 19 04 
       AA 00 4B 00 
       19 04 F2 00 
       85 00 19 55 
       D4 00 89 00 
       12 00 39 19 
       04 BB 00 32 
       00 19 04 CE 
       00 20 00 19 
       55 07 01 78 
       00 12 00 39 
       19 04 BB 00 
       32 00 19 04 
       07 01 78 00 
       19 55 F2 00 
       85 00 12 00 
       24 19 04 AA 
       00 4B 00 19 
       04 BB 00 32 
       00 19 55 F2 
       00 85 00 41 
       05 10 12 00 
       00 19 04 7C 
       00 AE 00 19 
       04 7D 00 B3 
       00 19 55 5A 
       00 80 00 12 
       00 39 19 04 
       9E 00 8C 00 
       19 04 82 00 
       78 00 19 55 
       8A 00 6F 00 
       12 00 00 19 
       04 7C 00 AE 
       00 19 04 5A 
       00 80 00 19 
       55 5E 00 84 
       00 12 00 39 
       19 04 9E 00 
       8C 00 19 04 
       94 00 91 00 
       19 55 82 00 
       78 00 12 00 
       39 19 04 BB 
       00 9A 00 19 
       04 94 00 91 
       00 19 55 9E 
       00 8C 00 12 
       00 00 19 04 
       5E 00 84 00 
       19 04 5A 00 
       80 00 19 55 
       4F 00 46 00 
       12 00 00 19 
       04 A4 00 C7 
       00 19 04 7D 
       00 B3 00 19 
       55 7C 00 AE 
       00 12 00 24 
       19 04 8A 00 
       6F 00 19 04 
       82 00 78 00 
       19 55 80 00 
       5C 00 12 00 
       24 19 04 85 
       00 A0 00 19 
       04 7C 00 AE 
       00 19 55 5E 
       00 84 00 12 
       00 24 19 04 
       8A 00 6F 00 
       19 04 80 00 
       5C 00 19 55 
       87 00 50 00 
       12 00 39 19 
       04 94 00 91 
       00 19 04 6F 
       00 80 00 19 
       55 82 00 78 
       00 12 00 24 
       19 04 85 00 
       A0 00 19 04 
       5E 00 84 00 
       19 55 6F 00 
       80 00 12 00 
       39 19 04 94 
       00 91 00 19 
       04 85 00 A0 
       00 19 55 6F 
       00 80 00 12 
       00 00 19 04 
       A4 00 C7 00 
       19 04 B0 00 
       D2 00 19 55 
       7D 00 B3 00 
       12 00 39 19 
       04 BB 00 9A 
       00 19 04 AD 
       00 9E 00 19 
       55 94 00 91 
       00 12 00 39 
       19 04 AD 00 
       9E 00 19 04 
       85 00 A0 00 
       19 55 94 00 
       91 00 12 00 
       24 19 04 A3 
       00 B0 00 19 
       04 7C 00 AE 
       00 19 55 85 
       00 A0 00 12 
       00 14 19 04 
       6F 00 80 00 
       19 04 5E 00 
       84 00 19 55 
       56 00 56 00 
       12 00 24 19 
       04 82 00 78 
       00 19 04 6F 
       00 80 00 19 
       55 6B 00 5F 
       00 12 00 00 
       19 04 5E 00 
       84 00 19 04 
       4F 00 46 00 
       19 55 56 00 
       56 00 12 00 
       24 19 04 A3 
       00 B0 00 19 
       04 A4 00 C7 
       00 19 55 7C 
       00 AE 00 12 
       00 39 19 04 
       AD 00 9E 00 
       19 04 A3 00 
       B0 00 19 55 
       85 00 A0 00 
       12 00 24 19 
       04 82 00 78 
       00 19 04 6B 
       00 5F 00 19 
       55 80 00 5C 
       00 12 00 14 
       19 04 6F 00 
       80 00 19 04 
       56 00 56 00 
       19 55 6B 00 
       5F 00 12 00 
       00 19 04 E1 
       00 C8 00 19 
       04 BD 00 CB 
       00 19 55 B0 
       00 D2 00 12 
       00 14 19 04 
       C2 00 95 00 
       19 04 A3 00 
       B0 00 19 55 
       AD 00 9E 00 
       12 00 14 19 
       04 4F 00 46 
       00 19 04 59 
       00 3B 00 19 
       55 7A 00 0E 
       00 12 00 00 
       19 04 C9 00 
       BD 00 19 04 
       B0 00 D2 00 
       19 55 A4 00 
       C7 00 12 00 
       10 19 04 BC 
       00 A7 00 19 
       04 A4 00 C7 
       00 19 55 A3 
       00 B0 00 12 
       00 00 19 04 
       80 00 5C 00 
       19 04 6B 00 
       5F 00 19 55 
       7E 00 4D 00 
       12 00 00 19 
       04 E1 00 C8 
       00 19 04 F4 
       00 C0 00 19 
       55 BD 00 CB 
       00 12 00 10 
       19 04 56 00 
       56 00 19 04 
       4F 00 46 00 
       19 55 6C 00 
       1E 00 12 00 
       00 19 04 80 
       00 5C 00 19 
       04 7E 00 4D 
       00 19 55 91 
       00 4D 00 12 
       00 14 19 04 
       C2 00 95 00 
       19 04 BC 00 
       A7 00 19 55 
       A3 00 B0 00 
       12 00 00 19 
       04 6B 00 5F 
       00 19 04 56 
       00 56 00 19 
       55 6E 00 39 
       00 12 00 00 
       19 04 C9 00 
       BD 00 19 04 
       E1 00 C8 00 
       19 55 B0 00 
       D2 00 12 00 
       10 19 04 BC 
       00 A7 00 19 
       04 C9 00 BD 
       00 19 55 A4 
       00 C7 00 12 
       00 14 19 04 
       4F 00 46 00 
       19 04 7A 00 
       0E 00 19 55 
       6C 00 1E 00 
       12 00 00 19 
       04 6B 00 5F 
       00 19 04 6E 
       00 39 00 19 
       55 7E 00 4D 
       00 12 00 10 
       19 04 56 00 
       56 00 19 04 
       6C 00 1E 00 
       19 55 6E 00 
       39 00 12 00 
       39 19 04 7A 
       00 0E 00 19 
       04 8D 00 12 
       00 19 55 D1 
       00 21 00 12 
       00 24 19 04 
       03 01 78 00 
       19 04 F6 00 
       AD 00 19 55 
       F4 00 C0 00 
       12 00 00 19 
       04 BE 00 83 
       00 19 04 C9 
       00 BD 00 19 
       55 BC 00 A7 
       00 12 00 24 
       19 04 03 01 
       78 00 19 04 
       04 01 6C 00 
       19 55 F6 00 
       AD 00 12 00 
       24 19 04 EC 
       00 85 00 19 
       04 F4 00 C0 
       00 19 55 E1 
       00 C8 00 12 
       00 00 19 04 
       7E 00 4D 00 
       19 04 6E 00 
       39 00 19 55 
       A3 00 4B 00 
       12 00 14 19 
       04 CE 00 89 
       00 19 04 E1 
       00 C8 00 19 
       55 C9 00 BD 
       00 12 00 39 
       19 04 6C 00 
       1E 00 19 04 
       7A 00 0E 00 
       19 55 C8 00 
       1F 00 12 00 
       00 19 04 7E 
       00 4D 00 19 
       04 A3 00 4B 
       00 19 55 A2 
       00 5A 00 12 
       00 00 19 04 
       BE 00 83 00 
       19 04 CE 00 
       89 00 19 55 
       C9 00 BD 00 
       12 00 39 19 
       04 7A 00 0E 
       00 19 04 D1 
       00 21 00 19 
       55 C8 00 1F 
       00 12 00 24 
       19 04 6E 00 
       39 00 19 04 
       6C 00 1E 00 
       19 55 B3 00 
       31 00 12 00 
       00 19 04 A2 
       00 5A 00 19 
       04 CE 00 89 
       00 19 55 BE 
       00 83 00 12 
       00 24 19 04 
       EC 00 85 00 
       19 04 03 01 
       78 00 19 55 
       F4 00 C0 00 
       12 00 39 19 
       04 C8 00 1F 
       00 19 04 D1 
       00 21 00 19 
       55 04 01 6C 
       00 12 00 14 
       19 04 CE 00 
       89 00 19 04 
       EC 00 85 00 
       19 55 E1 00 
       C8 00 12 00 
       00 19 04 A2 
       00 5A 00 19 
       04 A3 00 4B 
       00 19 55 CE 
       00 89 00 12 
       00 24 19 04 
       6E 00 39 00 
       19 04 B3 00 
       31 00 19 55 
       A3 00 4B 00 
       12 00 39 19 
       04 C8 00 1F 
       00 19 04 04 
       01 6C 00 19 
       55 03 01 78 
       00 12 00 39 
       19 04 6C 00 
       1E 00 19 04 
       C8 00 1F 00 
       19 55 B3 00 
       31 00 12 00 
       24 19 04 A3 
       00 4B 00 19 
       04 EC 00 85 
       00 19 55 CE 
       00 89 00 12 
       00 39 19 04 
       B3 00 31 00 
       19 04 C8 00 
       1F 00 19 55 
       03 01 78 00 
       12 00 39 19 
       04 B3 00 31 
       00 19 04 03 
       01 78 00 19 
       55 EC 00 85 
       00 12 00 24 
       19 04 A3 00 
       4B 00 19 04 
       B3 00 31 00 
       19 55 EC 00 
       85 00 41 05 
       10 12 00 00 
       19 04 7E 00 
       AE 00 19 04 
       81 00 B2 00 
       19 55 5E 00 
       80 00 12 00 
       39 19 04 A1 
       00 8C 00 19 
       04 84 00 78 
       00 19 55 8D 
       00 6F 00 12 
       00 00 19 04 
       7E 00 AE 00 
       19 04 5E 00 
       80 00 19 55 
       61 00 84 00 
       12 00 39 19 
       04 A1 00 8C 
       00 19 04 96 
       00 91 00 19 
       55 84 00 78 
       00 12 00 39 
       19 04 BD 00 
       9A 00 19 04 
       96 00 91 00 
       19 55 A1 00 
       8C 00 12 00 
       00 19 04 61 
       00 84 00 19 
       04 5E 00 80 
       00 19 55 51 
       00 47 00 12 
       00 24 19 04 
       87 00 9F 00 
       19 04 7E 00 
       AE 00 19 55 
       61 00 84 00 
       12 00 00 19 
       04 A5 00 C7 
       00 19 04 81 
       00 B2 00 19 
       55 7E 00 AE 
       00 12 00 24 
       19 04 8D 00 
       6F 00 19 04 
       84 00 78 00 
       19 55 81 00 
       5C 00 12 00 
       24 19 04 8D 
       00 6F 00 19 
       04 81 00 5C 
       00 19 55 89 
       00 50 00 12 
       00 39 19 04 
       96 00 91 00 
       19 04 72 00 
       80 00 19 55 
       84 00 78 00 
       12 00 24 19 
       04 87 00 9F 
       00 19 04 61 
       00 84 00 19 
       55 72 00 80 
       00 12 00 39 
       19 04 96 00 
       91 00 19 04 
       87 00 9F 00 
       19 55 72 00 
       80 00 12 00 
       00 19 04 A5 
       00 C7 00 19 
       04 B1 00 D2 
       00 19 55 81 
       00 B2 00 12 
       00 39 19 04 
       BD 00 9A 00 
       19 04 AE 00 
       9E 00 19 55 
       96 00 91 00 
       12 00 39 19 
       04 AE 00 9E 
       00 19 04 87 
       00 9F 00 19 
       55 96 00 91 
       00 12 00 14 
       19 04 72 00 
       80 00 19 04 
       61 00 84 00 
       19 55 58 00 
       57 00 12 00 
       24 19 04 A4 
       00 B0 00 19 
       04 7E 00 AE 
       00 19 55 87 
       00 9F 00 12 
       00 24 19 04 
       84 00 78 00 
       19 04 72 00 
       80 00 19 55 
       6C 00 60 00 
       12 00 00 19 
       04 61 00 84 
       00 19 04 51 
       00 47 00 19 
       55 58 00 57 
       00 12 00 24 
       19 04 84 00 
       78 00 19 04 
       6C 00 60 00 
       19 55 81 00 
       5C 00 12 00 
       24 19 04 A4 
       00 B0 00 19 
       04 A5 00 C7 
       00 19 55 7E 
       00 AE 00 12 
       00 39 19 04 
       AE 00 9E 00 
       19 04 A4 00 
       B0 00 19 55 
       87 00 9F 00 
       12 00 14 19 
       04 72 00 80 
       00 19 04 58 
       00 57 00 19 
       55 6C 00 60 
       00 12 00 14 
       19 04 51 00 
       47 00 19 04 
       5C 00 3C 00 
       19 55 78 00 
       0F 00 12 00 
       00 19 04 DF 
       00 C9 00 19 
       04 C0 00 CC 
       00 19 55 B1 
       00 D2 00 12 
       00 14 19 04 
       C1 00 95 00 
       19 04 A4 00 
       B0 00 19 55 
       AE 00 9E 00 
       12 00 00 19 
       04 81 00 5C 
       00 19 04 6C 
       00 60 00 19 
       55 7C 00 4D 
       00 12 00 10 
       19 04 58 00 
       57 00 19 04 
       51 00 47 00 
       19 55 69 00 
       1F 00 12 00 
       00 19 04 C6 
       00 BE 00 19 
       04 B1 00 D2 
       00 19 55 A5 
       00 C7 00 12 
       00 10 19 04 
       BA 00 A8 00 
       19 04 A5 00 
       C7 00 19 55 
       A4 00 B0 00 
       12 00 00 19 
       04 81 00 5C 
       00 19 04 7C 
       00 4D 00 19 
       55 90 00 4E 
       00 12 00 00 
       19 04 6C 00 
       60 00 19 04 
       58 00 57 00 
       19 55 6B 00 
       3A 00 12 00 
       14 19 04 C1 
       00 95 00 19 
       04 BA 00 A8 
       00 19 55 A4 
       00 B0 00 12 
       00 00 19 04 
       DF 00 C9 00 
       19 04 F3 00 
       C2 00 19 55 
       C0 00 CC 00 
       12 00 14 19 
       04 51 00 47 
       00 19 04 78 
       00 0F 00 19 
       55 69 00 1F 
       00 12 00 10 
       19 04 BA 00 
       A8 00 19 04 
       C6 00 BE 00 
       19 55 A5 00 
       C7 00 12 00 
       00 19 04 6C 
       00 60 00 19 
       04 6B 00 3A 
       00 19 55 7C 
       00 4D 00 12 
       00 00 19 04 
       C6 00 BE 00 
       19 04 DF 00 
       C9 00 19 55 
       B1 00 D2 00 
       12 00 10 19 
       04 58 00 57 
       00 19 04 69 
       00 1F 00 19 
       55 6B 00 3A 
       00 12 00 39 
       19 04 78 00 
       0F 00 19 04 
       8C 00 13 00 
       19 55 CD 00 
       20 00 12 00 
       00 19 04 BA 
       00 83 00 19 
       04 C6 00 BE 
       00 19 55 BA 
       00 A8 00 12 
       00 24 19 04 
       FE 00 78 00 
       19 04 F7 00 
       AE 00 19 55 
       F3 00 C2 00 
       12 00 00 19 
       04 7C 00 4D 
       00 19 04 6B 
       00 3A 00 19 
       55 9C 00 4B 
       00 12 00 39 
       19 04 69 00 
       1F 00 19 04 
       78 00 0F 00 
       19 55 C1 00 
       1E 00 12 00 
       24 19 04 FE 
       00 78 00 19 
       04 01 01 6B 
       00 19 55 F7 
       00 AE 00 12 
       00 00 19 04 
       7C 00 4D 00 
       19 04 9C 00 
       4B 00 19 55 
       9E 00 5A 00 
       12 00 14 19 
       04 C8 00 8A 
       00 19 04 DF 
       00 C9 00 19 
       55 C6 00 BE 
       00 12 00 24 
       19 04 E5 00 
       85 00 19 04 
       F3 00 C2 00 
       19 55 DF 00 
       C9 00 12 00 
       24 19 04 6B 
       00 3A 00 19 
       04 69 00 1F 
       00 19 55 AB 
       00 31 00 12 
       00 00 19 04 
       BA 00 83 00 
       19 04 C8 00 
       8A 00 19 55 
       C6 00 BE 00 
       12 00 39 19 
       04 78 00 0F 
       00 19 04 CD 
       00 20 00 19 
       55 C1 00 1E 
       00 12 00 00 
       19 04 9E 00 
       5A 00 19 04 
       C8 00 8A 00 
       19 55 BA 00 
       83 00 12 00 
       24 19 04 E5 
       00 85 00 19 
       04 FE 00 78 
       00 19 55 F3 
       00 C2 00 12 
       00 39 19 04 
       C1 00 1E 00 
       19 04 CD 00 
       20 00 19 55 
       01 01 6B 00 
       12 00 24 19 
       04 6B 00 3A 
       00 19 04 AB 
       00 31 00 19 
       55 9C 00 4B 
       00 12 00 00 
       19 04 9E 00 
       5A 00 19 04 
       9C 00 4B 00 
       19 55 C8 00 
       8A 00 12 00 
       14 19 04 C8 
       00 8A 00 19 
       04 E5 00 85 
       00 19 55 DF 
       00 C9 00 12 
       00 39 19 04 
       69 00 1F 00 
       19 04 C1 00 
       1E 00 19 55 
       AB 00 31 00 
       12 00 39 19 
       04 C1 00 1E 
       00 19 04 01 
       01 6B 00 19 
       55 FE 00 78 
       00 12 00 24 
       19 04 9C 00 
       4B 00 19 04 
       E5 00 85 00 
       19 55 C8 00 
       8A 00 12 00 
       39 19 04 AB 
       00 31 00 19 
       04 C1 00 1E 
       00 19 55 FE 
       00 78 00 12 
       00 24 19 04 
       9C 00 4B 00 
       19 04 AB 00 
       31 00 19 55 
       E5 00 85 00 
       12 00 39 19 
       04 AB 00 31 
       00 19 04 FE 
       00 78 00 19 
       55 E5 00 85 
       00 41 05 10 
       12 00 00 19 
       04 81 00 AD 
       00 19 04 85 
       00 B2 00 19 
       55 62 00 80 
       00 12 00 00 
       19 04 81 00 
       AD 00 19 04 
       62 00 80 00 
       19 55 65 00 
       84 00 12 00 
       39 19 04 A4 
       00 8C 00 19 
       04 87 00 78 
       00 19 55 90 
       00 6F 00 12 
       00 00 19 04 
       65 00 84 00 
       19 04 62 00 
       80 00 19 55 
       54 00 48 00 
       12 00 39 19 
       04 A4 00 8C 
       00 19 04 98 
       00 91 00 19 
       55 87 00 78 
       00 12 00 39 
       19 04 BF 00 
       9A 00 19 04 
       98 00 91 00 
       19 55 A4 00 
       8C 00 12 00 
       24 19 04 89 
       00 9F 00 19 
       04 81 00 AD 
       00 19 55 65 
       00 84 00 12 
       00 00 19 04 
       A6 00 C7 00 
       19 04 85 00 
       B2 00 19 55 
       81 00 AD 00 
       12 00 24 19 
       04 90 00 6F 
       00 19 04 87 
       00 78 00 19 
       55 82 00 5D 
       00 12 00 24 
       19 04 89 00 
       9F 00 19 04 
       65 00 84 00 
       19 55 74 00 
       80 00 12 00 
       24 19 04 90 
       00 6F 00 19 
       04 82 00 5D 
       00 19 55 8B 
       00 50 00 12 
       00 39 19 04 
       98 00 91 00 
       19 04 74 00 
       80 00 19 55 
       87 00 78 00 
       12 00 39 19 
       04 98 00 91 
       00 19 04 89 
       00 9F 00 19 
       55 74 00 80 
       00 12 00 14 
       19 04 74 00 
       80 00 19 04 
       65 00 84 00 
       19 55 59 00 
       57 00 12 00 
       00 19 04 A6 
       00 C7 00 19 
       04 B3 00 D2 
       00 19 55 85 
       00 B2 00 12 
       00 39 19 04 
       AF 00 9E 00 
       19 04 89 00 
       9F 00 19 55 
       98 00 91 00 
       12 00 00 19 
       04 65 00 84 
       00 19 04 54 
       00 48 00 19 
       55 59 00 57 
       00 12 00 24 
       19 04 87 00 
       78 00 19 04 
       74 00 80 00 
       19 55 6D 00 
       60 00 12 00 
       39 19 04 BF 
       00 9A 00 19 
       04 AF 00 9E 
       00 19 55 98 
       00 91 00 12 
       00 14 19 04 
       A4 00 B0 00 
       19 04 81 00 
       AD 00 19 55 
       89 00 9F 00 
       12 00 24 19 
       04 87 00 78 
       00 19 04 6D 
       00 60 00 19 
       55 82 00 5D 
       00 12 00 14 
       19 04 A4 00 
       B0 00 19 04 
       A6 00 C7 00 
       19 55 81 00 
       AD 00 12 00 
       14 19 04 74 
       00 80 00 19 
       04 59 00 57 
       00 19 55 6D 
       00 60 00 12 
       00 39 19 04 
       AF 00 9E 00 
       19 04 A4 00 
       B0 00 19 55 
       89 00 9F 00 
       12 00 10 19 
       04 54 00 48 
       00 19 04 5F 
       00 3D 00 19 
       55 75 00 10 
       00 12 00 10 
       19 04 C0 00 
       95 00 19 04 
       A4 00 B0 00 
       19 55 AF 00 
       9E 00 12 00 
       00 19 04 DD 
       00 CA 00 19 
       04 C2 00 CC 
       00 19 55 B3 
       00 D2 00 12 
       00 00 19 04 
       82 00 5D 00 
       19 04 6D 00 
       60 00 19 55 
       7A 00 4E 00 
       12 00 00 19 
       04 59 00 57 
       00 19 04 54 
       00 48 00 19 
       55 66 00 21 
       00 12 00 00 
       19 04 6D 00 
       60 00 19 04 
       59 00 57 00 
       19 55 68 00 
       3B 00 12 00 
       00 19 04 B8 
       00 A8 00 19 
       04 A6 00 C7 
       00 19 55 A4 
       00 B0 00 12 
       00 00 19 04 
       C4 00 BF 00 
       19 04 B3 00 
       D2 00 19 55 
       A6 00 C7 00 
       12 00 00 19 
       04 82 00 5D 
       00 19 04 7A 
       00 4E 00 19 
       55 8E 00 4E 
       00 12 00 10 
       19 04 C0 00 
       95 00 19 04 
       B8 00 A8 00 
       19 55 A4 00 
       B0 00 12 00 
       10 19 04 54 
       00 48 00 19 
       04 75 00 10 
       00 19 55 66 
       00 21 00 12 
       00 00 19 04 
       DD 00 CA 00 
       19 04 F3 00 
       C3 00 19 55 
       C2 00 CC 00 
       12 00 00 19 
       04 6D 00 60 
       00 19 04 68 
       00 3B 00 19 
       55 7A 00 4E 
       00 12 00 00 
       19 04 59 00 
       57 00 19 04 
       66 00 21 00 
       19 55 68 00 
       3B 00 12 00 
       00 19 04 B8 
       00 A8 00 19 
       04 C4 00 BF 
       00 19 55 A6 
       00 C7 00 12 
       00 00 19 04 
       C4 00 BF 00 
       19 04 DD 00 
       CA 00 19 55 
       B3 00 D2 00 
       12 00 39 19 
       04 75 00 10 
       00 19 04 8A 
       00 13 00 19 
       55 C8 00 1F 
       00 12 00 00 
       19 04 B6 00 
       83 00 19 04 
       C4 00 BF 00 
       19 55 B8 00 
       A8 00 12 00 
       00 19 04 7A 
       00 4E 00 19 
       04 68 00 3B 
       00 19 55 95 
       00 4C 00 12 
       00 24 19 04 
       F9 00 78 00 
       19 04 F8 00 
       AE 00 19 55 
       F3 00 C3 00 
       12 00 39 19 
       04 66 00 21 
       00 19 04 75 
       00 10 00 19 
       55 B9 00 1E 
       00 12 00 00 
       19 04 7A 00 
       4E 00 19 04 
       95 00 4C 00 
       19 55 99 00 
       5A 00 12 00 
       14 19 04 68 
       00 3B 00 19 
       04 66 00 21 
       00 19 55 A3 
       00 31 00 12 
       00 14 19 04 
       C1 00 8A 00 
       19 04 DD 00 
       CA 00 19 55 
       C4 00 BF 00 
       12 00 24 19 
       04 F9 00 78 
       00 19 04 FE 
       00 6B 00 19 
       55 F8 00 AE 
       00 12 00 24 
       19 04 DE 00 
       85 00 19 04 
       F3 00 C3 00 
       19 55 DD 00 
       CA 00 12 00 
       39 19 04 75 
       00 10 00 19 
       04 C8 00 1F 
       00 19 55 B9 
       00 1E 00 12 
       00 00 19 04 
       B6 00 83 00 
       19 04 C1 00 
       8A 00 19 55 
       C4 00 BF 00 
       12 00 00 19 
       04 99 00 5A 
       00 19 04 C1 
       00 8A 00 19 
       55 B6 00 83 
       00 12 00 14 
       19 04 68 00 
       3B 00 19 04 
       A3 00 31 00 
       19 55 95 00 
       4C 00 12 00 
       00 19 04 99 
       00 5A 00 19 
       04 95 00 4C 
       00 19 55 C1 
       00 8A 00 12 
       00 39 19 04 
       66 00 21 00 
       19 04 B9 00 
       1E 00 19 55 
       A3 00 31 00 
       12 00 39 19 
       04 B9 00 1E 
       00 19 04 C8 
       00 1F 00 19 
       55 FE 00 6B 
       00 12 00 24 
       19 04 DE 00 
       85 00 19 04 
       F9 00 78 00 
       19 55 F3 00 
       C3 00 12 00 
       14 19 04 C1 
       00 8A 00 19 
       04 DE 00 85 
       00 19 55 DD 
       00 CA 00 12 
       00 39 19 04 
       B9 00 1E 00 
       19 04 FE 00 
       6B 00 19 55 
       F9 00 78 00 
       12 00 24 19 
       04 95 00 4C 
       00 19 04 DE 
       00 85 00 19 
       55 C1 00 8A 
       00 12 00 24 
       19 04 95 00 
       4C 00 19 04 
       A3 00 31 00 
       19 55 DE 00 
       85 00 12 00 
       39 19 04 A3 
       00 31 00 19 
       04 B9 00 1E 
       00 19 55 F9 
       00 78 00 12 
       00 39 19 04 
       A3 00 31 00 
       19 04 F9 00 
       78 00 19 55 
       DE 00 85 00 
       41 05 10 12 
       00 00 19 04 
       85 00 AD 00 
       19 04 89 00 
       B1 00 19 55 
       67 00 80 00 
       12 00 00 19 
       04 85 00 AD 
       00 19 04 67 
       00 80 00 19 
       55 68 00 84 
       00 12 00 00 
       19 04 68 00 
       84 00 19 04 
       67 00 80 00 
       19 55 56 00 
       4A 00 12 00 
       39 19 04 A7 
       00 8C 00 19 
       04 89 00 78 
       00 19 55 93 
       00 6F 00 12 
       00 39 19 04 
       A7 00 8C 00 
       19 04 9B 00 
       91 00 19 55 
       89 00 78 00 
       12 00 14 19 
       04 8C 00 9F 
       00 19 04 85 
       00 AD 00 19 
       55 68 00 84 
       00 12 00 14 
       19 04 8C 00 
       9F 00 19 04 
       68 00 84 00 
       19 55 77 00 
       81 00 12 00 
       00 19 04 A7 
       00 C6 00 19 
       04 89 00 B1 
       00 19 55 85 
       00 AD 00 12 
       00 39 19 04 
       C1 00 9A 00 
       19 04 9B 00 
       91 00 19 55 
       A7 00 8C 00 
       12 00 24 19 
       04 93 00 6F 
       00 19 04 89 
       00 78 00 19 
       55 83 00 5D 
       00 12 00 39 
       19 04 9B 00 
       91 00 19 04 
       77 00 81 00 
       19 55 89 00 
       78 00 12 00 
       24 19 04 93 
       00 6F 00 19 
       04 83 00 5D 
       00 19 55 8D 
       00 50 00 12 
       00 39 19 04 
       9B 00 91 00 
       19 04 8C 00 
       9F 00 19 55 
       77 00 81 00 
       12 00 10 19 
       04 77 00 81 
       00 19 04 68 
       00 84 00 19 
       55 5B 00 59 
       00 12 00 00 
       19 04 68 00 
       84 00 19 04 
       56 00 4A 00 
       19 55 5B 00 
       59 00 12 00 
       00 19 04 A7 
       00 C6 00 19 
       04 B5 00 D2 
       00 19 55 89 
       00 B1 00 12 
       00 24 19 04 
       89 00 78 00 
       19 04 77 00 
       81 00 19 55 
       6E 00 61 00 
       12 00 14 19 
       04 A5 00 B0 
       00 19 04 85 
       00 AD 00 19 
       55 8C 00 9F 
       00 12 00 39 
       19 04 B0 00 
       9E 00 19 04 
       8C 00 9F 00 
       19 55 9B 00 
       91 00 12 00 
       39 19 04 C1 
       00 9A 00 19 
       04 B0 00 9E 
       00 19 55 9B 
       00 91 00 12 
       00 24 19 04 
       89 00 78 00 
       19 04 6E 00 
       61 00 19 55 
       83 00 5D 00 
       12 00 10 19 
       04 77 00 81 
       00 19 04 5B 
       00 59 00 19 
       55 6E 00 61 
       00 12 00 14 
       19 04 A5 00 
       B0 00 19 04 
       A7 00 C6 00 
       19 55 85 00 
       AD 00 12 00 
       39 19 04 B0 
       00 9E 00 19 
       04 A5 00 B0 
       00 19 55 8C 
       00 9F 00 12 
       00 10 19 04 
       56 00 4A 00 
       19 04 62 00 
       3E 00 19 55 
       72 00 12 00 
       12 00 00 19 
       04 5B 00 59 
       00 19 04 56 
       00 4A 00 19 
       55 63 00 23 
       00 12 00 00 
       19 04 83 00 
       5D 00 19 04 
       6E 00 61 00 
       19 55 78 00 
       4F 00 12 00 
       10 19 04 C0 
       00 95 00 19 
       04 A5 00 B0 
       00 19 55 B0 
       00 9E 00 12 
       00 00 19 04 
       DA 00 CB 00 
       19 04 C5 00 
       CC 00 19 55 
       B5 00 D2 00 
       12 00 00 19 
       04 6E 00 61 
       00 19 04 5B 
       00 59 00 19 
       55 65 00 3D 
       00 12 00 00 
       19 04 83 00 
       5D 00 19 04 
       78 00 4F 00 
       19 55 8D 00 
       4E 00 12 00 
       00 19 04 B7 
       00 A8 00 19 
       04 A7 00 C6 
       00 19 55 A5 
       00 B0 00 12 
       00 00 19 04 
       C1 00 BF 00 
       19 04 B5 00 
       D2 00 19 55 
       A7 00 C6 00 
       12 00 10 19 
       04 56 00 4A 
       00 19 04 72 
       00 12 00 19 
       55 63 00 23 
       00 12 00 10 
       19 04 C0 00 
       95 00 19 04 
       B7 00 A8 00 
       19 55 A5 00 
       B0 00 12 00 
       00 19 04 6E 
       00 61 00 19 
       04 65 00 3D 
       00 19 55 78 
       00 4F 00 12 
       00 00 19 04 
       5B 00 59 00 
       19 04 63 00 
       23 00 19 55 
       65 00 3D 00 
       12 00 00 19 
       04 DA 00 CB 
       00 19 04 F2 
       00 C4 00 19 
       55 C5 00 CC 
       00 12 00 00 
       19 04 B7 00 
       A8 00 19 04 
       C1 00 BF 00 
       19 55 A7 00 
       C6 00 12 00 
       00 19 04 C1 
       00 BF 00 19 
       04 DA 00 CB 
       00 19 55 B5 
       00 D2 00 12 
       00 39 19 04 
       72 00 12 00 
       19 04 88 00 
       14 00 19 55 
       C2 00 1F 00 
       12 00 00 19 
       04 B1 00 84 
       00 19 04 C1 
       00 BF 00 19 
       55 B7 00 A8 
       00 12 00 00 
       19 04 78 00 
       4F 00 19 04 
       65 00 3D 00 
       19 55 8E 00 
       4D 00 12 00 
       39 19 04 63 
       00 23 00 19 
       04 72 00 12 
       00 19 55 B1 
       00 1E 00 12 
       00 00 19 04 
       78 00 4F 00 
       19 04 8E 00 
       4D 00 19 55 
       94 00 5B 00 
       12 00 14 19 
       04 65 00 3D 
       00 19 04 63 
       00 23 00 19 
       55 9A 00 32 
       00 12 00 24 
       19 04 F2 00 
       78 00 19 04 
       F8 00 AF 00 
       19 55 F2 00 
       C4 00 12 00 
       10 19 04 BA 
       00 8B 00 19 
       04 DA 00 CB 
       00 19 55 C1 
       00 BF 00 12 
       00 39 19 04 
       72 00 12 00 
       19 04 C2 00 
       1F 00 19 55 
       B1 00 1E 00 
       12 00 00 19 
       04 B1 00 84 
       00 19 04 BA 
       00 8B 00 19 
       55 C1 00 BF 
       00 12 00 24 
       19 04 D6 00 
       86 00 19 04 
       F2 00 C4 00 
       19 55 DA 00 
       CB 00 12 00 
       00 19 04 94 
       00 5B 00 19 
       04 BA 00 8B 
       00 19 55 B1 
       00 84 00 12 
       00 24 19 04 
       F2 00 78 00 
       19 04 FA 00 
       6A 00 19 55 
       F8 00 AF 00 
       12 00 14 19 
       04 65 00 3D 
       00 19 04 9A 
       00 32 00 19 
       55 8E 00 4D 
       00 12 00 00 
       19 04 94 00 
       5B 00 19 04 
       8E 00 4D 00 
       19 55 BA 00 
       8B 00 12 00 
       39 19 04 63 
       00 23 00 19 
       04 B1 00 1E 
       00 19 55 9A 
       00 32 00 12 
       00 39 19 04 
       B1 00 1E 00 
       19 04 C2 00 
       1F 00 19 55 
       FA 00 6A 00 
       12 00 10 19 
       04 BA 00 8B 
       00 19 04 D6 
       00 86 00 19 
       55 DA 00 CB 
       00 12 00 24 
       19 04 D6 00 
       86 00 19 04 
       F2 00 78 00 
       19 55 F2 00 
       C4 00 12 00 
       39 19 04 B1 
       00 1E 00 19 
       04 FA 00 6A 
       00 19 55 F2 
       00 78 00 12 
       00 14 19 04 
       8E 00 4D 00 
       19 04 D6 00 
       86 00 19 55 
       BA 00 8B 00 
       12 00 14 19 
       04 8E 00 4D 
       00 19 04 9A 
       00 32 00 19 
       55 D6 00 86 
       00 12 00 39 
       19 04 9A 00 
       32 00 19 04 
       B1 00 1E 00 
       19 55 F2 00 
       78 00 12 00 
       39 19 04 9A 
       00 32 00 19 
       04 F2 00 78 
       00 19 55 D6 
       00 86 00 41 
       05 10 12 00 
       00 19 04 88 
       00 AC 00 19 
       04 8E 00 B1 
       00 19 55 6C 
       00 80 00 12 
       00 00 19 04 
       88 00 AC 00 
       19 04 6C 00 
       80 00 19 55 
       6C 00 84 00 
       12 00 00 19 
       04 6C 00 84 
       00 19 04 6C 
       00 80 00 19 
       55 58 00 4B 
       00 12 00 39 
       19 04 AB 00 
       8B 00 19 04 
       8C 00 78 00 
       19 55 96 00 
       6F 00 12 00 
       14 19 04 8E 
       00 9F 00 19 
       04 88 00 AC 
       00 19 55 6C 
       00 84 00 12 
       00 39 19 04 
       AB 00 8B 00 
       19 04 9D 00 
       90 00 19 55 
       8C 00 78 00 
       12 00 14 19 
       04 8E 00 9F 
       00 19 04 6C 
       00 84 00 19 
       55 79 00 81 
       00 12 00 00 
       19 04 A8 00 
       C6 00 19 04 
       8E 00 B1 00 
       19 55 88 00 
       AC 00 12 00 
       24 19 04 96 
       00 6F 00 19 
       04 8C 00 78 
       00 19 55 84 
       00 5D 00 12 
       00 39 19 04 
       9D 00 90 00 
       19 04 79 00 
       81 00 19 55 
       8C 00 78 00 
       12 00 39 19 
       04 C4 00 9A 
       00 19 04 9D 
       00 90 00 19 
       55 AB 00 8B 
       00 12 00 10 
       19 04 79 00 
       81 00 19 04 
       6C 00 84 00 
       19 55 5C 00 
       5A 00 12 00 
       24 19 04 96 
       00 6F 00 19 
       04 84 00 5D 
       00 19 55 8E 
       00 50 00 12 
       00 39 19 04 
       9D 00 90 00 
       19 04 8E 00 
       9F 00 19 55 
       79 00 81 00 
       12 00 00 19 
       04 6C 00 84 
       00 19 04 58 
       00 4B 00 19 
       55 5C 00 5A 
       00 12 00 24 
       19 04 8C 00 
       78 00 19 04 
       79 00 81 00 
       19 55 6F 00 
       62 00 12 00 
       00 19 04 A8 
       00 C6 00 19 
       04 B7 00 D2 
       00 19 55 8E 
       00 B1 00 12 
       00 10 19 04 
       A6 00 B0 00 
       19 04 88 00 
       AC 00 19 55 
       8E 00 9F 00 
       12 00 39 19 
       04 B2 00 9D 
       00 19 04 8E 
       00 9F 00 19 
       55 9D 00 90 
       00 12 00 24 
       19 04 8C 00 
       78 00 19 04 
       6F 00 62 00 
       19 55 84 00 
       5D 00 12 00 
       10 19 04 79 
       00 81 00 19 
       04 5C 00 5A 
       00 19 55 6F 
       00 62 00 12 
       00 39 19 04 
       C4 00 9A 00 
       19 04 B2 00 
       9D 00 19 55 
       9D 00 90 00 
       12 00 10 19 
       04 A6 00 B0 
       00 19 04 A8 
       00 C6 00 19 
       55 88 00 AC 
       00 12 00 10 
       19 04 58 00 
       4B 00 19 04 
       64 00 3F 00 
       19 55 6F 00 
       13 00 12 00 
       39 19 04 B2 
       00 9D 00 19 
       04 A6 00 B0 
       00 19 55 8E 
       00 9F 00 12 
       00 00 19 04 
       5C 00 5A 00 
       19 04 58 00 
       4B 00 19 55 
       60 00 25 00 
       12 00 00 19 
       04 84 00 5D 
       00 19 04 6F 
       00 62 00 19 
       55 76 00 50 
       00 12 00 00 
       19 04 6F 00 
       62 00 19 04 
       5C 00 5A 00 
       19 55 63 00 
       3F 00 12 00 
       10 19 04 BF 
       00 95 00 19 
       04 A6 00 B0 
       00 19 55 B2 
       00 9D 00 12 
       00 00 19 04 
       D8 00 CC 00 
       19 04 C8 00 
       CC 00 19 55 
       B7 00 D2 00 
       12 00 00 19 
       04 84 00 5D 
       00 19 04 76 
       00 50 00 19 
       55 8C 00 4F 
       00 12 00 00 
       19 04 B5 00 
       A8 00 19 04 
       A8 00 C6 00 
       19 55 A6 00 
       B0 00 12 00 
       10 19 04 58 
       00 4B 00 19 
       04 6F 00 13 
       00 19 55 60 
       00 25 00 12 
       00 00 19 04 
       BF 00 BF 00 
       19 04 B7 00 
       D2 00 19 55 
       A8 00 C6 00 
       12 00 00 19 
       04 6F 00 62 
       00 19 04 63 
       00 3F 00 19 
       55 76 00 50 
       00 12 00 00 
       19 04 5C 00 
       5A 00 19 04 
       60 00 25 00 
       19 55 63 00 
       3F 00 12 00 
       10 19 04 BF 
       00 95 00 19 
       04 B5 00 A8 
       00 19 55 A6 
       00 B0 00 12 
       00 00 19 04 
       D8 00 CC 00 
       19 04 F1 00 
       C4 00 19 55 
       C8 00 CC 00 
       12 00 00 19 
       04 B5 00 A8 
       00 19 04 BF 
       00 BF 00 19 
       55 A8 00 C6 
       00 12 00 00 
       19 04 BF 00 
       BF 00 19 04 
       D8 00 CC 00 
       19 55 B7 00 
       D2 00 12 00 
       39 19 04 6F 
       00 13 00 19 
       04 86 00 14 
       00 19 55 BB 
       00 1E 00 12 
       00 00 19 04 
       76 00 50 00 
       19 04 63 00 
       3F 00 19 55 
       87 00 4E 00 
       12 00 00 19 
       04 AD 00 84 
       00 19 04 BF 
       00 BF 00 19 
       55 B5 00 A8 
       00 12 00 39 
       19 04 60 00 
       25 00 19 04 
       6F 00 13 00 
       19 55 A7 00 
       1E 00 12 00 
       00 19 04 76 
       00 50 00 19 
       04 87 00 4E 
       00 19 55 90 
       00 5C 00 12 
       00 10 19 04 
       63 00 3F 00 
       19 04 60 00 
       25 00 19 55 
       90 00 33 00 
       12 00 24 19 
       04 EB 00 78 
       00 19 04 F8 
       00 AF 00 19 
       55 F1 00 C4 
       00 12 00 39 
       19 04 6F 00 
       13 00 19 04 
       BB 00 1E 00 
       19 55 A7 00 
       1E 00 12 00 
       10 19 04 B4 
       00 8B 00 19 
       04 D8 00 CC 
       00 19 55 BF 
       00 BF 00 12 
       00 00 19 04 
       AD 00 84 00 
       19 04 B4 00 
       8B 00 19 55 
       BF 00 BF 00 
       12 00 00 19 
       04 90 00 5C 
       00 19 04 B4 
       00 8B 00 19 
       55 AD 00 84 
       00 12 00 10 
       19 04 63 00 
       3F 00 19 04 
       90 00 33 00 
       19 55 87 00 
       4E 00 12 00 
       24 19 04 CE 
       00 87 00 19 
       04 F1 00 C4 
       00 19 55 D8 
       00 CC 00 12 
       00 24 19 04 
       EB 00 78 00 
       19 04 F5 00 
       6A 00 19 55 
       F8 00 AF 00 
       12 00 39 19 
       04 60 00 25 
       00 19 04 A7 
       00 1E 00 19 
       55 90 00 33 
       00 12 00 00 
       19 04 90 00 
       5C 00 19 04 
       87 00 4E 00 
       19 55 B4 00 
       8B 00 12 00 
       10 19 04 B4 
       00 8B 00 19 
       04 CE 00 87 
       00 19 55 D8 
       00 CC 00 12 
       00 39 19 04 
       A7 00 1E 00 
       19 04 BB 00 
       1E 00 19 55 
       F5 00 6A 00 
       12 00 24 19 
       04 CE 00 87 
       00 19 04 EB 
       00 78 00 19 
       55 F1 00 C4 
       00 12 00 14 
       19 04 87 00 
       4E 00 19 04 
       CE 00 87 00 
       19 55 B4 00 
       8B 00 12 00 
       39 19 04 A7 
       00 1E 00 19 
       04 F5 00 6A 
       00 19 55 EB 
       00 78 00 12 
       00 14 19 04 
       87 00 4E 00 
       19 04 90 00 
       33 00 19 55 
       CE 00 87 00 
       12 00 39 19 
       04 90 00 33 
       00 19 04 A7 
       00 1E 00 19 
       55 EB 00 78 
       00 12 00 39 
       19 04 90 00 
       33 00 19 04 
       EB 00 78 00 
       19 55 CE 00 
       87 00 41 05 
       10 12 00 24 
       19 04 B3 00 
       90 00 19 04 
       99 00 6E 00 
       19 55 98 00 
       6B 00 12 00 
       24 19 04 B3 
       00 90 00 19 
       04 AE 00 8A 
       00 19 55 99 
       00 6E 00 12 
       00 00 19 04 
       70 00 84 00 
       19 04 71 00 
       80 00 19 55 
       5B 00 4D 00 
       12 00 39 19 
       04 AE 00 8A 
       00 19 04 8E 
       00 78 00 19 
       55 99 00 6E 
       00 12 00 14 
       19 04 91 00 
       9F 00 19 04 
       8C 00 AC 00 
       19 55 70 00 
       84 00 12 00 
       14 19 04 91 
       00 9F 00 19 
       04 70 00 84 
       00 19 55 7C 
       00 81 00 12 
       00 39 19 04 
       AE 00 8A 00 
       19 04 A0 00 
       90 00 19 55 
       8E 00 78 00 
       12 00 00 19 
       04 AA 00 C6 
       00 19 04 93 
       00 B0 00 19 
       55 8C 00 AC 
       00 12 00 00 
       19 04 7C 00 
       81 00 19 04 
       70 00 84 00 
       19 55 5E 00 
       5B 00 12 00 
       00 19 04 70 
       00 84 00 19 
       04 5B 00 4D 
       00 19 55 5E 
       00 5B 00 12 
       00 39 19 04 
       99 00 6E 00 
       19 04 8E 00 
       78 00 19 55 
       85 00 5E 00 
       12 00 39 19 
       04 A0 00 90 
       00 19 04 7C 
       00 81 00 19 
       55 8E 00 78 
       00 12 00 39 
       19 04 99 00 
       6E 00 19 04 
       85 00 5E 00 
       19 55 90 00 
       50 00 12 00 
       39 19 04 A0 
       00 90 00 19 
       04 91 00 9F 
       00 19 55 7C 
       00 81 00 12 
       00 39 19 04 
       C6 00 99 00 
       19 04 A0 00 
       90 00 19 55 
       AE 00 8A 00 
       12 00 24 19 
       04 8E 00 78 
       00 19 04 7C 
       00 81 00 19 
       55 70 00 63 
       00 12 00 00 
       19 04 AA 00 
       C6 00 19 04 
       BA 00 D1 00 
       19 55 93 00 
       B0 00 12 00 
       10 19 04 A8 
       00 B0 00 19 
       04 8C 00 AC 
       00 19 55 91 
       00 9F 00 12 
       00 00 19 04 
       7C 00 81 00 
       19 04 5E 00 
       5B 00 19 55 
       70 00 63 00 
       12 00 39 19 
       04 B3 00 9D 
       00 19 04 91 
       00 9F 00 19 
       55 A0 00 90 
       00 12 00 24 
       19 04 8E 00 
       78 00 19 04 
       70 00 63 00 
       19 55 85 00 
       5E 00 12 00 
       39 19 04 C6 
       00 99 00 19 
       04 B3 00 9D 
       00 19 55 A0 
       00 90 00 12 
       00 00 19 04 
       5B 00 4D 00 
       19 04 66 00 
       41 00 19 55 
       6B 00 15 00 
       12 00 10 19 
       04 A8 00 B0 
       00 19 04 AA 
       00 C6 00 19 
       55 8C 00 AC 
       00 12 00 39 
       19 04 B3 00 
       9D 00 19 04 
       A8 00 B0 00 
       19 55 91 00 
       9F 00 12 00 
       00 19 04 5E 
       00 5B 00 19 
       04 5B 00 4D 
       00 19 55 5C 
       00 28 00 12 
       00 00 19 04 
       85 00 5E 00 
       19 04 70 00 
       63 00 19 55 
       74 00 51 00 
       12 00 00 19 
       04 70 00 63 
       00 19 04 5E 
       00 5B 00 19 
       55 60 00 41 
       00 12 00 00 
       19 04 BE 00 
       95 00 19 04 
       A8 00 B0 00 
       19 55 B3 00 
       9D 00 12 00 
       00 19 04 85 
       00 5E 00 19 
       04 74 00 51 
       00 19 55 8A 
       00 4F 00 12 
       00 00 19 04 
       5B 00 4D 00 
       19 04 6B 00 
       15 00 19 55 
       5C 00 28 00 
       12 00 00 19 
       04 D6 00 CC 
       00 19 04 CC 
       00 CB 00 19 
       55 BA 00 D1 
       00 12 00 00 
       19 04 B3 00 
       A9 00 19 04 
       AA 00 C6 00 
       19 55 A8 00 
       B0 00 12 00 
       00 19 04 BC 
       00 C0 00 19 
       04 BA 00 D1 
       00 19 55 AA 
       00 C6 00 12 
       00 00 19 04 
       70 00 63 00 
       19 04 60 00 
       41 00 19 55 
       74 00 51 00 
       12 00 00 19 
       04 5E 00 5B 
       00 19 04 5C 
       00 28 00 19 
       55 60 00 41 
       00 12 00 00 
       19 04 BE 00 
       95 00 19 04 
       B3 00 A9 00 
       19 55 A8 00 
       B0 00 12 00 
       00 19 04 B3 
       00 A9 00 19 
       04 BC 00 C0 
       00 19 55 AA 
       00 C6 00 12 
       00 00 19 04 
       D6 00 CC 00 
       19 04 EF 00 
       C4 00 19 55 
       CC 00 CB 00 
       12 00 00 19 
       04 BC 00 C0 
       00 19 04 D6 
       00 CC 00 19 
       55 BA 00 D1 
       00 12 00 39 
       19 04 6B 00 
       15 00 19 04 
       83 00 15 00 
       19 55 B3 00 
       1E 00 12 00 
       00 19 04 74 
       00 51 00 19 
       04 60 00 41 
       00 19 55 80 
       00 50 00 12 
       00 39 19 04 
       5C 00 28 00 
       19 04 6B 00 
       15 00 19 55 
       9E 00 1F 00 
       12 00 00 19 
       04 A8 00 85 
       00 19 04 BC 
       00 C0 00 19 
       55 B3 00 A9 
       00 12 00 00 
       19 04 74 00 
       51 00 19 04 
       80 00 50 00 
       19 55 8B 00 
       5D 00 12 00 
       10 19 04 60 
       00 41 00 19 
       04 5C 00 28 
       00 19 55 87 
       00 35 00 12 
       00 24 19 04 
       B3 00 1E 00 
       19 04 BA 00 
       2F 00 19 55 
       E4 00 65 00 
       12 00 39 19 
       04 6B 00 15 
       00 19 04 B3 
       00 1E 00 19 
       55 9E 00 1F 
       00 12 00 00 
       19 04 AD 00 
       8C 00 19 04 
       D6 00 CC 00 
       19 55 BC 00 
       C0 00 12 00 
       00 19 04 A8 
       00 85 00 19 
       04 AD 00 8C 
       00 19 55 BC 
       00 C0 00 12 
       00 39 19 04 
       E3 00 78 00 
       19 04 F8 00 
       AE 00 19 55 
       EF 00 C4 00 
       12 00 10 19 
       04 60 00 41 
       00 19 04 87 
       00 35 00 19 
       55 80 00 50 
       00 12 00 39 
       19 04 5C 00 
       28 00 19 04 
       9E 00 1F 00 
       19 55 87 00 
       35 00 12 00 
       24 19 04 C5 
       00 87 00 19 
       04 EF 00 C4 
       00 19 55 D6 
       00 CC 00 12 
       00 24 19 04 
       B3 00 1E 00 
       19 04 E4 00 
       65 00 19 55 
       EF 00 69 00 
       12 00 39 19 
       04 E3 00 78 
       00 19 04 EF 
       00 69 00 19 
       55 F8 00 AE 
       00 12 00 00 
       19 04 AD 00 
       8C 00 19 04 
       C5 00 87 00 
       19 55 D6 00 
       CC 00 12 00 
       39 19 04 9E 
       00 1F 00 19 
       04 B3 00 1E 
       00 19 55 EF 
       00 69 00 12 
       00 24 19 04 
       C5 00 87 00 
       19 04 E3 00 
       78 00 19 55 
       EF 00 C4 00 
       12 00 14 19 
       04 80 00 50 
       00 19 04 C5 
       00 87 00 19 
       55 AD 00 8C 
       00 12 00 14 
       19 04 80 00 
       50 00 19 04 
       87 00 35 00 
       19 55 C5 00 
       87 00 12 00 
       39 19 04 9E 
       00 1F 00 19 
       04 EF 00 69 
       00 19 55 E3 
       00 78 00 12 
       00 39 19 04 
       87 00 35 00 
       19 04 9E 00 
       1F 00 19 55 
       E3 00 78 00 
       12 00 39 19 
       04 87 00 35 
       00 19 04 E3 
       00 78 00 19 
       55 C5 00 87 
       00 41 05 10 
       12 00 39 19 
       04 B8 00 8F 
       00 19 04 9D 
       00 6E 00 19 
       55 9C 00 6B 
       00 12 00 39 
       19 04 B8 00 
       8F 00 19 04 
       B2 00 89 00 
       19 55 9D 00 
       6E 00 12 00 
       24 19 04 9C 
       00 6B 00 19 
       04 9D 00 6E 
       00 19 55 91 
       00 50 00 12 
       00 24 19 04 
       9C 00 6B 00 
       19 04 91 00 
       50 00 19 55 
       8C 00 43 00 
       12 00 39 19 
       04 B2 00 89 
       00 19 04 91 
       00 78 00 19 
       55 9D 00 6E 
       00 12 00 10 
       19 04 95 00 
       9E 00 19 04 
       91 00 AC 00 
       19 55 74 00 
       85 00 12 00 
       10 19 04 95 
       00 9E 00 19 
       04 74 00 85 
       00 19 55 7F 
       00 81 00 12 
       00 00 19 04 
       7F 00 81 00 
       19 04 74 00 
       85 00 19 55 
       60 00 5D 00 
       12 00 39 19 
       04 B2 00 89 
       00 19 04 A3 
       00 90 00 19 
       55 91 00 78 
       00 12 00 00 
       19 04 AD 00 
       C6 00 19 04 
       99 00 AF 00 
       19 55 91 00 
       AC 00 12 00 
       39 19 04 9D 
       00 6E 00 19 
       04 91 00 78 
       00 19 55 86 
       00 5F 00 12 
       00 39 19 04 
       A3 00 90 00 
       19 04 7F 00 
       81 00 19 55 
       91 00 78 00 
       12 00 39 19 
       04 A3 00 90 
       00 19 04 95 
       00 9E 00 19 
       55 7F 00 81 
       00 12 00 39 
       19 04 9D 00 
       6E 00 19 04 
       86 00 5F 00 
       19 55 91 00 
       50 00 12 00 
       24 19 04 91 
       00 78 00 19 
       04 7F 00 81 
       00 19 55 71 
       00 64 00 12 
       00 39 19 04 
       C8 00 98 00 
       19 04 A3 00 
       90 00 19 55 
       B2 00 89 00 
       12 00 00 19 
       04 7F 00 81 
       00 19 04 60 
       00 5D 00 19 
       55 71 00 64 
       00 12 00 00 
       19 04 A9 00 
       B0 00 19 04 
       91 00 AC 00 
       19 55 95 00 
       9E 00 12 00 
       00 19 04 AD 
       00 C6 00 19 
       04 BD 00 D0 
       00 19 55 99 
       00 AF 00 12 
       00 24 19 04 
       91 00 78 00 
       19 04 71 00 
       64 00 19 55 
       86 00 5F 00 
       12 00 24 19 
       04 B5 00 9C 
       00 19 04 95 
       00 9E 00 19 
       55 A3 00 90 
       00 12 00 39 
       19 04 C8 00 
       98 00 19 04 
       B5 00 9C 00 
       19 55 A3 00 
       90 00 12 00 
       00 19 04 A9 
       00 B0 00 19 
       04 AD 00 C6 
       00 19 55 91 
       00 AC 00 12 
       00 24 19 04 
       B5 00 9C 00 
       19 04 A9 00 
       B0 00 19 55 
       95 00 9E 00 
       12 00 00 19 
       04 91 00 50 
       00 19 04 86 
       00 5F 00 19 
       55 89 00 50 
       00 12 00 00 
       19 04 60 00 
       5D 00 19 04 
       5D 00 4F 00 
       19 55 59 00 
       2B 00 12 00 
       00 19 04 86 
       00 5F 00 19 
       04 71 00 64 
       00 19 55 72 
       00 53 00 12 
       00 00 19 04 
       71 00 64 00 
       19 04 60 00 
       5D 00 19 55 
       5E 00 44 00 
       12 00 00 19 
       04 91 00 50 
       00 19 04 89 
       00 50 00 19 
       55 95 00 3E 
       00 12 00 00 
       19 04 86 00 
       5F 00 19 04 
       72 00 53 00 
       19 55 89 00 
       50 00 12 00 
       00 19 04 EE 
       00 C4 00 19 
       04 DB 00 B8 
       00 19 55 D0 
       00 CB 00 12 
       00 00 19 04 
       71 00 64 00 
       19 04 5E 00 
       44 00 19 55 
       72 00 53 00 
       12 00 00 19 
       04 60 00 5D 
       00 19 04 59 
       00 2B 00 19 
       55 5E 00 44 
       00 12 00 00 
       19 04 D4 00 
       CC 00 19 04 
       D0 00 CB 00 
       19 55 BD 00 
       D0 00 12 00 
       00 19 04 B2 
       00 A9 00 19 
       04 AD 00 C6 
       00 19 55 A9 
       00 B0 00 12 
       00 00 19 04 
       BA 00 C0 00 
       19 04 BD 00 
       D0 00 19 55 
       AD 00 C6 00 
       12 00 00 19 
       04 EE 00 C4 
       00 19 04 F8 
       00 AD 00 19 
       55 DB 00 B8 
       00 12 00 00 
       19 04 B2 00 
       A9 00 19 04 
       BA 00 C0 00 
       19 55 AD 00 
       C6 00 12 00 
       00 19 04 D4 
       00 CC 00 19 
       04 EE 00 C4 
       00 19 55 D0 
       00 CB 00 12 
       00 00 19 04 
       BA 00 C0 00 
       19 04 D4 00 
       CC 00 19 55 
       BD 00 D0 00 
       12 00 39 19 
       04 68 00 18 
       00 19 04 7F 
       00 17 00 19 
       55 AB 00 1E 
       00 12 00 00 
       19 04 72 00 
       53 00 19 04 
       5E 00 44 00 
       19 55 79 00 
       52 00 12 00 
       24 19 04 59 
       00 2B 00 19 
       04 68 00 18 
       00 19 55 93 
       00 20 00 12 
       00 00 19 04 
       5E 00 44 00 
       19 04 59 00 
       2B 00 19 55 
       7D 00 37 00 
       12 00 00 19 
       04 72 00 53 
       00 19 04 79 
       00 52 00 19 
       55 86 00 5F 
       00 12 00 24 
       19 04 E8 00 
       68 00 19 04 
       ED 00 97 00 
       19 55 F8 00 
       AD 00 12 00 
       24 19 04 E8 
       00 68 00 19 
       04 E0 00 64 
       00 19 55 ED 
       00 97 00 12 
       00 39 19 04 
       68 00 18 00 
       19 04 AB 00 
       1E 00 19 55 
       93 00 20 00 
       12 00 00 19 
       04 5E 00 44 
       00 19 04 7D 
       00 37 00 19 
       55 79 00 52 
       00 12 00 39 
       19 04 AB 00 
       1E 00 19 04 
       B4 00 2E 00 
       19 55 E0 00 
       64 00 12 00 
       00 19 04 A6 
       00 8D 00 19 
       04 D4 00 CC 
       00 19 55 BA 
       00 C0 00 12 
       00 24 19 04 
       59 00 2B 00 
       19 04 93 00 
       20 00 19 55 
       7D 00 37 00 
       12 00 39 19 
       04 DA 00 78 
       00 19 04 F8 
       00 AD 00 19 
       55 EE 00 C4 
       00 12 00 24 
       19 04 BC 00 
       88 00 19 04 
       EE 00 C4 00 
       19 55 D4 00 
       CC 00 12 00 
       39 19 04 AB 
       00 1E 00 19 
       04 E0 00 64 
       00 19 55 E8 
       00 68 00 12 
       00 39 19 04 
       DA 00 78 00 
       19 04 E8 00 
       68 00 19 55 
       F8 00 AD 00 
       12 00 00 19 
       04 A6 00 8D 
       00 19 04 BC 
       00 88 00 19 
       55 D4 00 CC 
       00 12 00 39 
       19 04 93 00 
       20 00 19 04 
       AB 00 1E 00 
       19 55 E8 00 
       68 00 12 00 
       10 19 04 79 
       00 52 00 19 
       04 BC 00 88 
       00 19 55 A6 
       00 8D 00 12 
       00 24 19 04 
       BC 00 88 00 
       19 04 DA 00 
       78 00 19 55 
       EE 00 C4 00 
       12 00 10 19 
       04 79 00 52 
       00 19 04 7D 
       00 37 00 19 
       55 BC 00 88 
       00 12 00 39 
       19 04 93 00 
       20 00 19 04 
       E8 00 68 00 
       19 55 DA 00 
       78 00 12 00 
       39 19 04 7D 
       00 37 00 19 
       04 93 00 20 
       00 19 55 DA 
       00 78 00 12 
       00 39 19 04 
       7D 00 37 00 
       19 04 DA 00 
       78 00 19 55 
       BC 00 88 00 
       41 05 10 12 
       00 39 19 04 
       BC 00 8E 00 
       19 04 A0 00 
       6E 00 19 55 
       A0 00 6A 00 
       12 00 39 19 
       04 BC 00 8E 
       00 19 04 B5 
       00 88 00 19 
       55 A0 00 6E 
       00 12 00 24 
       19 04 A0 00 
       6A 00 19 04 
       A0 00 6E 00 
       19 55 92 00 
       51 00 12 00 
       24 19 04 A0 
       00 6A 00 19 
       04 92 00 51 
       00 19 55 8D 
       00 43 00 12 
       00 10 19 04 
       98 00 9E 00 
       19 04 95 00 
       AB 00 19 55 
       79 00 85 00 
       12 00 39 19 
       04 B5 00 88 
       00 19 04 93 
       00 78 00 19 
       55 A0 00 6E 
       00 12 00 10 
       19 04 98 00 
       9E 00 19 04 
       79 00 85 00 
       19 55 83 00 
       82 00 12 00 
       00 19 04 83 
       00 82 00 19 
       04 79 00 85 
       00 19 55 62 
       00 5F 00 12 
       00 00 19 04 
       B0 00 C5 00 
       19 04 9E 00 
       AF 00 19 55 
       95 00 AB 00 
       12 00 39 19 
       04 B5 00 88 
       00 19 04 A6 
       00 8F 00 19 
       55 93 00 78 
       00 12 00 39 
       19 04 A6 00 
       8F 00 19 04 
       83 00 82 00 
       19 55 93 00 
       78 00 12 00 
       39 19 04 A0 
       00 6E 00 19 
       04 93 00 78 
       00 19 55 87 
       00 5F 00 12 
       00 39 19 04 
       A6 00 8F 00 
       19 04 98 00 
       9E 00 19 55 
       83 00 82 00 
       12 00 39 19 
       04 A0 00 6E 
       00 19 04 87 
       00 5F 00 19 
       55 92 00 51 
       00 12 00 24 
       19 04 93 00 
       78 00 19 04 
       83 00 82 00 
       19 55 72 00 
       65 00 12 00 
       00 19 04 83 
       00 82 00 19 
       04 62 00 5F 
       00 19 55 72 
       00 65 00 12 
       00 39 19 04 
       CB 00 97 00 
       19 04 A6 00 
       8F 00 19 55 
       B5 00 88 00 
       12 00 00 19 
       04 AB 00 AF 
       00 19 04 95 
       00 AB 00 19 
       55 98 00 9E 
       00 12 00 24 
       19 04 93 00 
       78 00 19 04 
       72 00 65 00 
       19 55 87 00 
       5F 00 12 00 
       00 19 04 B0 
       00 C5 00 19 
       04 C1 00 D0 
       00 19 55 9E 
       00 AF 00 12 
       00 24 19 04 
       B7 00 9C 00 
       19 04 98 00 
       9E 00 19 55 
       A6 00 8F 00 
       12 00 00 19 
       04 AB 00 AF 
       00 19 04 B0 
       00 C5 00 19 
       55 95 00 AB 
       00 12 00 00 
       19 04 62 00 
       5F 00 19 04 
       60 00 51 00 
       19 55 56 00 
       2E 00 12 00 
       39 19 04 CB 
       00 97 00 19 
       04 B7 00 9C 
       00 19 55 A6 
       00 8F 00 12 
       00 00 19 04 
       92 00 51 00 
       19 04 87 00 
       5F 00 19 55 
       87 00 51 00 
       12 00 24 19 
       04 B7 00 9C 
       00 19 04 AB 
       00 AF 00 19 
       55 98 00 9E 
       00 12 00 00 
       19 04 72 00 
       65 00 19 04 
       62 00 5F 00 
       19 55 5B 00 
       47 00 12 00 
       00 19 04 87 
       00 5F 00 19 
       04 72 00 65 
       00 19 55 70 
       00 55 00 12 
       00 00 19 04 
       92 00 51 00 
       19 04 87 00 
       51 00 19 55 
       93 00 3E 00 
       12 00 00 19 
       04 87 00 5F 
       00 19 04 70 
       00 55 00 19 
       55 87 00 51 
       00 12 00 00 
       19 04 62 00 
       5F 00 19 04 
       56 00 2E 00 
       19 55 5B 00 
       47 00 12 00 
       00 19 04 72 
       00 65 00 19 
       04 5B 00 47 
       00 19 55 70 
       00 55 00 12 
       00 00 19 04 
       ED 00 C4 00 
       19 04 DF 00 
       B7 00 19 55 
       D4 00 CA 00 
       12 00 00 19 
       04 B1 00 A9 
       00 19 04 B0 
       00 C5 00 19 
       55 AB 00 AF 
       00 12 00 00 
       19 04 D2 00 
       CC 00 19 04 
       D4 00 CA 00 
       19 55 C1 00 
       D0 00 12 00 
       00 19 04 B9 
       00 C0 00 19 
       04 C1 00 D0 
       00 19 55 B0 
       00 C5 00 12 
       00 00 19 04 
       B1 00 A9 00 
       19 04 B9 00 
       C0 00 19 55 
       B0 00 C5 00 
       12 00 00 19 
       04 ED 00 C4 
       00 19 04 F7 
       00 AC 00 19 
       55 DF 00 B7 
       00 12 00 00 
       19 04 B9 00 
       C0 00 19 04 
       D2 00 CC 00 
       19 55 C1 00 
       D0 00 12 00 
       00 19 04 D2 
       00 CC 00 19 
       04 ED 00 C4 
       00 19 55 D4 
       00 CA 00 12 
       00 39 19 04 
       64 00 1B 00 
       19 04 7C 00 
       18 00 19 55 
       A1 00 1E 00 
       12 00 00 19 
       04 70 00 55 
       00 19 04 5B 
       00 47 00 19 
       55 72 00 55 
       00 12 00 24 
       19 04 56 00 
       2E 00 19 04 
       64 00 1B 00 
       19 55 88 00 
       22 00 12 00 
       00 19 04 5B 
       00 47 00 19 
       04 56 00 2E 
       00 19 55 74 
       00 3A 00 12 
       00 00 19 04 
       70 00 55 00 
       19 04 72 00 
       55 00 19 55 
       81 00 60 00 
       12 00 24 19 
       04 E1 00 67 
       00 19 04 EC 
       00 96 00 19 
       55 F7 00 AC 
       00 12 00 00 
       19 04 5B 00 
       47 00 19 04 
       74 00 3A 00 
       19 55 72 00 
       55 00 12 00 
       39 19 04 64 
       00 1B 00 19 
       04 A1 00 1E 
       00 19 55 88 
       00 22 00 12 
       00 24 19 04 
       E1 00 67 00 
       19 04 DB 00 
       62 00 19 55 
       EC 00 96 00 
       12 00 00 19 
       04 9F 00 8E 
       00 19 04 D2 
       00 CC 00 19 
       55 B9 00 C0 
       00 12 00 39 
       19 04 A1 00 
       1E 00 19 04 
       AE 00 2E 00 
       19 55 DB 00 
       62 00 12 00 
       24 19 04 56 
       00 2E 00 19 
       04 88 00 22 
       00 19 55 74 
       00 3A 00 12 
       00 39 19 04 
       D0 00 78 00 
       19 04 F7 00 
       AC 00 19 55 
       ED 00 C4 00 
       12 00 24 19 
       04 B3 00 89 
       00 19 04 ED 
       00 C4 00 19 
       55 D2 00 CC 
       00 12 00 39 
       19 04 A1 00 
       1E 00 19 04 
       DB 00 62 00 
       19 55 E1 00 
       67 00 12 00 
       39 19 04 D0 
       00 78 00 19 
       04 E1 00 67 
       00 19 55 F7 
       00 AC 00 12 
       00 00 19 04 
       9F 00 8E 00 
       19 04 B3 00 
       89 00 19 55 
       D2 00 CC 00 
       12 00 39 19 
       04 88 00 22 
       00 19 04 A1 
       00 1E 00 19 
       55 E1 00 67 
       00 12 00 10 
       19 04 72 00 
       55 00 19 04 
       B3 00 89 00 
       19 55 9F 00 
       8E 00 12 00 
       10 19 04 72 
       00 55 00 19 
       04 74 00 3A 
       00 19 55 B3 
       00 89 00 12 
       00 24 19 04 
       B3 00 89 00 
       19 04 D0 00 
       78 00 19 55 
       ED 00 C4 00 
       12 00 39 19 
       04 74 00 3A 
       00 19 04 88 
       00 22 00 19 
       55 D0 00 78 
       00 12 00 39 
       19 04 88 00 
       22 00 19 04 
       E1 00 67 00 
       19 55 D0 00 
       78 00 12 00 
       39 19 04 74 
       00 3A 00 19 
       04 D0 00 78 
       00 19 55 B3 
       00 89 00 41 
       05 10 12 00 
       39 19 04 C1 
       00 8C 00 19 
       04 A3 00 6D 
       00 19 55 A4 
       00 69 00 12 
       00 39 19 04 
       A4 00 69 00 
       19 04 A3 00 
       6D 00 19 55 
       93 00 51 00 
       12 00 39 19 
       04 C1 00 8C 
       00 19 04 B9 
       00 87 00 19 
       55 A3 00 6D 
       00 12 00 39 
       19 04 A4 00 
       69 00 19 04 
       93 00 51 00 
       19 55 8F 00 
       44 00 12 00 
       00 19 04 9C 
       00 9E 00 19 
       04 9A 00 AB 
       00 19 55 7D 
       00 86 00 12 
       00 00 19 04 
       9C 00 9E 00 
       19 04 7D 00 
       86 00 19 55 
       86 00 82 00 
       12 00 00 19 
       04 86 00 82 
       00 19 04 7D 
       00 86 00 19 
       55 64 00 61 
       00 12 00 39 
       19 04 B9 00 
       87 00 19 04 
       96 00 78 00 
       19 55 A3 00 
       6D 00 12 00 
       39 19 04 DE 
       00 A0 00 19 
       04 B9 00 87 
       00 19 55 C1 
       00 8C 00 12 
       00 39 19 04 
       A9 00 8E 00 
       19 04 86 00 
       82 00 19 55 
       96 00 78 00 
       12 00 39 19 
       04 A3 00 6D 
       00 19 04 96 
       00 78 00 19 
       55 88 00 60 
       00 12 00 39 
       19 04 B9 00 
       87 00 19 04 
       A9 00 8E 00 
       19 55 96 00 
       78 00 12 00 
       39 19 04 A9 
       00 8E 00 19 
       04 9C 00 9E 
       00 19 55 86 
       00 82 00 12 
       00 24 19 04 
       96 00 78 00 
       19 04 86 00 
       82 00 19 55 
       74 00 67 00 
       12 00 39 19 
       04 A3 00 6D 
       00 19 04 88 
       00 60 00 19 
       55 93 00 51 
       00 12 00 00 
       19 04 86 00 
       82 00 19 04 
       64 00 61 00 
       19 55 74 00 
       67 00 12 00 
       24 19 04 96 
       00 78 00 19 
       04 74 00 67 
       00 19 55 88 
       00 60 00 12 
       00 00 19 04 
       AD 00 AF 00 
       19 04 9A 00 
       AB 00 19 55 
       9C 00 9E 00 
       12 00 39 19 
       04 CD 00 95 
       00 19 04 A9 
       00 8E 00 19 
       55 B9 00 87 
       00 12 00 24 
       19 04 B9 00 
       9B 00 19 04 
       9C 00 9E 00 
       19 55 A9 00 
       8E 00 12 00 
       39 19 04 DE 
       00 A0 00 19 
       04 CD 00 95 
       00 19 55 B9 
       00 87 00 12 
       00 00 19 04 
       64 00 61 00 
       19 04 62 00 
       53 00 19 55 
       53 00 32 00 
       12 00 00 19 
       04 AD 00 AF 
       00 19 04 B3 
       00 C5 00 19 
       55 9A 00 AB 
       00 12 00 10 
       19 04 93 00 
       51 00 19 04 
       88 00 60 00 
       19 55 85 00 
       52 00 12 00 
       39 19 04 CD 
       00 95 00 19 
       04 B9 00 9B 
       00 19 55 A9 
       00 8E 00 12 
       00 00 19 04 
       74 00 67 00 
       19 04 64 00 
       61 00 19 55 
       59 00 4A 00 
       12 00 24 19 
       04 B9 00 9B 
       00 19 04 AD 
       00 AF 00 19 
       55 9C 00 9E 
       00 12 00 00 
       19 04 88 00 
       60 00 19 04 
       74 00 67 00 
       19 55 6E 00 
       57 00 12 00 
       10 19 04 93 
       00 51 00 19 
       04 85 00 52 
       00 19 55 91 
       00 3F 00 12 
       00 00 19 04 
       88 00 60 00 
       19 04 6E 00 
       57 00 19 55 
       85 00 52 00 
       12 00 00 19 
       04 64 00 61 
       00 19 04 53 
       00 32 00 19 
       55 59 00 4A 
       00 12 00 00 
       19 04 74 00 
       67 00 19 04 
       59 00 4A 00 
       19 55 6E 00 
       57 00 12 00 
       00 19 04 B0 
       00 A9 00 19 
       04 B3 00 C5 
       00 19 55 AD 
       00 AF 00 12 
       00 10 19 04 
       EB 00 C3 00 
       19 04 E3 00 
       B5 00 19 55 
       D9 00 C8 00 
       12 00 00 19 
       04 B7 00 C0 
       00 19 04 C5 
       00 CF 00 19 
       55 B3 00 C5 
       00 12 00 00 
       19 04 D0 00 
       CC 00 19 04 
       D9 00 C8 00 
       19 55 C5 00 
       CF 00 12 00 
       39 19 04 78 
       00 1A 00 19 
       04 8C 00 28 
       00 19 55 A7 
       00 2E 00 12 
       00 00 19 04 
       B0 00 A9 00 
       19 04 B7 00 
       C0 00 19 55 
       B3 00 C5 00 
       12 00 10 19 
       04 EB 00 C3 
       00 19 04 F7 
       00 AB 00 19 
       55 E3 00 B5 
       00 12 00 39 
       19 04 60 00 
       1E 00 19 04 
       78 00 1A 00 
       19 55 98 00 
       1F 00 12 00 
       00 19 04 B7 
       00 C0 00 19 
       04 D0 00 CC 
       00 19 55 C5 
       00 CF 00 12 
       00 00 19 04 
       D0 00 CC 00 
       19 04 EB 00 
       C3 00 19 55 
       D9 00 C8 00 
       12 00 00 19 
       04 59 00 4A 
       00 19 04 53 
       00 32 00 19 
       55 6A 00 3E 
       00 12 00 24 
       19 04 53 00 
       32 00 19 04 
       60 00 1E 00 
       19 55 7E 00 
       25 00 12 00 
       39 19 04 78 
       00 1A 00 19 
       04 A7 00 2E 
       00 19 55 98 
       00 1F 00 12 
       00 00 19 04 
       59 00 4A 00 
       19 04 6A 00 
       3E 00 19 55 
       6B 00 57 00 
       12 00 39 19 
       04 60 00 1E 
       00 19 04 98 
       00 1F 00 19 
       55 7E 00 25 
       00 12 00 39 
       19 04 D8 00 
       66 00 19 04 
       EC 00 94 00 
       19 55 F7 00 
       AB 00 12 00 
       24 19 04 53 
       00 32 00 19 
       04 7E 00 25 
       00 19 55 6A 
       00 3E 00 12 
       00 00 19 04 
       98 00 8F 00 
       19 04 D0 00 
       CC 00 19 55 
       B7 00 C0 00 
       12 00 39 19 
       04 98 00 1F 
       00 19 04 A7 
       00 2E 00 19 
       55 D5 00 61 
       00 12 00 39 
       19 04 D8 00 
       66 00 19 04 
       D5 00 61 00 
       19 55 EC 00 
       94 00 12 00 
       39 19 04 C6 
       00 78 00 19 
       04 F7 00 AB 
       00 19 55 EB 
       00 C3 00 12 
       00 24 19 04 
       A9 00 8A 00 
       19 04 EB 00 
       C3 00 19 55 
       D0 00 CC 00 
       12 00 39 19 
       04 98 00 1F 
       00 19 04 D5 
       00 61 00 19 
       55 D8 00 66 
       00 12 00 00 
       19 04 98 00 
       8F 00 19 04 
       A9 00 8A 00 
       19 55 D0 00 
       CC 00 12 00 
       00 19 04 6B 
       00 57 00 19 
       04 A9 00 8A 
       00 19 55 98 
       00 8F 00 12 
       00 00 19 04 
       6B 00 57 00 
       19 04 6A 00 
       3E 00 19 55 
       A9 00 8A 00 
       12 00 39 19 
       04 C6 00 78 
       00 19 04 D8 
       00 66 00 19 
       55 F7 00 AB 
       00 12 00 39 
       19 04 7E 00 
       25 00 19 04 
       98 00 1F 00 
       19 55 D8 00 
       66 00 12 00 
       24 19 04 A9 
       00 8A 00 19 
       04 C6 00 78 
       00 19 55 EB 
       00 C3 00 12 
       00 39 19 04 
       6A 00 3E 00 
       19 04 7E 00 
       25 00 19 55 
       C6 00 78 00 
       12 00 39 19 
       04 7E 00 25 
       00 19 04 D8 
       00 66 00 19 
       55 C6 00 78 
       00 12 00 39 
       19 04 6A 00 
       3E 00 19 04 
       C6 00 78 00 
       19 55 A9 00 
       8A 00 41 05 
       10 12 00 39 
       19 04 C6 00 
       8B 00 19 04 
       A5 00 6C 00 
       19 55 A8 00 
       69 00 12 00 
       39 19 04 A8 
       00 69 00 19 
       04 A5 00 6C 
       00 19 55 94 
       00 51 00 12 
       00 39 19 04 
       A8 00 69 00 
       19 04 94 00 
       51 00 19 55 
       90 00 44 00 
       12 00 39 19 
       04 C6 00 8B 
       00 19 04 BC 
       00 86 00 19 
       55 A5 00 6C 
       00 12 00 00 
       19 04 89 00 
       83 00 19 04 
       82 00 87 00 
       19 55 67 00 
       63 00 12 00 
       00 19 04 A0 
       00 9E 00 19 
       04 9F 00 AB 
       00 19 55 82 
       00 87 00 12 
       00 00 19 04 
       A0 00 9E 00 
       19 04 82 00 
       87 00 19 55 
       89 00 83 00 
       12 00 39 19 
       04 BC 00 86 
       00 19 04 99 
       00 78 00 19 
       55 A5 00 6C 
       00 12 00 39 
       19 04 AC 00 
       8E 00 19 04 
       89 00 83 00 
       19 55 99 00 
       78 00 12 00 
       39 19 04 A5 
       00 6C 00 19 
       04 99 00 78 
       00 19 55 89 
       00 61 00 12 
       00 24 19 04 
       99 00 78 00 
       19 04 89 00 
       83 00 19 55 
       76 00 68 00 
       12 00 39 19 
       04 BC 00 86 
       00 19 04 AC 
       00 8E 00 19 
       55 99 00 78 
       00 12 00 39 
       19 04 AC 00 
       8E 00 19 04 
       A0 00 9E 00 
       19 55 89 00 
       83 00 12 00 
       00 19 04 89 
       00 83 00 19 
       04 67 00 63 
       00 19 55 76 
       00 68 00 12 
       00 39 19 04 
       A5 00 6C 00 
       19 04 89 00 
       61 00 19 55 
       94 00 51 00 
       12 00 39 19 
       04 E2 00 9E 
       00 19 04 BC 
       00 86 00 19 
       55 C6 00 8B 
       00 12 00 24 
       19 04 99 00 
       78 00 19 04 
       76 00 68 00 
       19 55 89 00 
       61 00 12 00 
       00 19 04 B0 
       00 AE 00 19 
       04 9F 00 AB 
       00 19 55 A0 
       00 9E 00 12 
       00 39 19 04 
       CF 00 94 00 
       19 04 AC 00 
       8E 00 19 55 
       BC 00 86 00 
       12 00 00 19 
       04 67 00 63 
       00 19 04 65 
       00 56 00 19 
       55 51 00 36 
       00 12 00 24 
       19 04 BB 00 
       9A 00 19 04 
       A0 00 9E 00 
       19 55 AC 00 
       8E 00 12 00 
       39 19 04 E2 
       00 9E 00 19 
       04 CF 00 94 
       00 19 55 BC 
       00 86 00 12 
       00 00 19 04 
       76 00 68 00 
       19 04 67 00 
       63 00 19 55 
       58 00 4E 00 
       12 00 00 19 
       04 B0 00 AE 
       00 19 04 B6 
       00 C4 00 19 
       55 9F 00 AB 
       00 12 00 10 
       19 04 94 00 
       51 00 19 04 
       89 00 61 00 
       19 55 84 00 
       54 00 12 00 
       00 19 04 89 
       00 61 00 19 
       04 76 00 68 
       00 19 55 6D 
       00 5A 00 12 
       00 39 19 04 
       CF 00 94 00 
       19 04 BB 00 
       9A 00 19 55 
       AC 00 8E 00 
       12 00 24 19 
       04 BB 00 9A 
       00 19 04 B0 
       00 AE 00 19 
       55 A0 00 9E 
       00 12 00 10 
       19 04 94 00 
       51 00 19 04 
       84 00 54 00 
       19 55 8F 00 
       40 00 12 00 
       00 19 04 67 
       00 63 00 19 
       04 51 00 36 
       00 19 55 58 
       00 4E 00 12 
       00 00 19 04 
       89 00 61 00 
       19 04 6D 00 
       5A 00 19 55 
       84 00 54 00 
       12 00 00 19 
       04 76 00 68 
       00 19 04 58 
       00 4E 00 19 
       55 6D 00 5A 
       00 12 00 00 
       19 04 AF 00 
       A8 00 19 04 
       B6 00 C4 00 
       19 55 B0 00 
       AE 00 12 00 
       00 19 04 B6 
       00 C0 00 19 
       04 C9 00 CE 
       00 19 55 B6 
       00 C4 00 12 
       00 10 19 04 
       EA 00 C2 00 
       19 04 E7 00 
       B3 00 19 55 
       DD 00 C7 00 
       12 00 00 19 
       04 CE 00 CC 
       00 19 04 DD 
       00 C7 00 19 
       55 C9 00 CE 
       00 12 00 39 
       19 04 74 00 
       1D 00 19 04 
       89 00 29 00 
       19 55 A0 00 
       2E 00 12 00 
       00 19 04 AF 
       00 A8 00 19 
       04 B6 00 C0 
       00 19 55 B6 
       00 C4 00 12 
       00 39 19 04 
       5D 00 22 00 
       19 04 74 00 
       1D 00 19 55 
       8E 00 20 00 
       12 00 00 19 
       04 58 00 4E 
       00 19 04 51 
       00 36 00 19 
       55 61 00 41 
       00 12 00 24 
       19 04 51 00 
       36 00 19 04 
       5D 00 22 00 
       19 55 73 00 
       28 00 12 00 
       00 19 04 B6 
       00 C0 00 19 
       04 CE 00 CC 
       00 19 55 C9 
       00 CE 00 12 
       00 10 19 04 
       EA 00 C2 00 
       19 04 F6 00 
       A9 00 19 55 
       E7 00 B3 00 
       12 00 00 19 
       04 CE 00 CC 
       00 19 04 EA 
       00 C2 00 19 
       55 DD 00 C7 
       00 12 00 39 
       19 04 74 00 
       1D 00 19 04 
       A0 00 2E 00 
       19 55 8E 00 
       20 00 12 00 
       00 19 04 58 
       00 4E 00 19 
       04 61 00 41 
       00 19 55 65 
       00 5A 00 12 
       00 39 19 04 
       5D 00 22 00 
       19 04 8E 00 
       20 00 19 55 
       73 00 28 00 
       12 00 24 19 
       04 51 00 36 
       00 19 04 73 
       00 28 00 19 
       55 61 00 41 
       00 12 00 39 
       19 04 CF 00 
       65 00 19 04 
       EB 00 92 00 
       19 55 F6 00 
       A9 00 12 00 
       00 19 04 92 
       00 91 00 19 
       04 CE 00 CC 
       00 19 55 B6 
       00 C0 00 12 
       00 39 19 04 
       8E 00 20 00 
       19 04 A0 00 
       2E 00 19 55 
       CF 00 5F 00 
       12 00 39 19 
       04 CF 00 65 
       00 19 04 CF 
       00 5F 00 19 
       55 EB 00 92 
       00 12 00 39 
       19 04 BB 00 
       78 00 19 04 
       F6 00 A9 00 
       19 55 EA 00 
       C2 00 12 00 
       24 19 04 A0 
       00 8B 00 19 
       04 EA 00 C2 
       00 19 55 CE 
       00 CC 00 12 
       00 39 19 04 
       8E 00 20 00 
       19 04 CF 00 
       5F 00 19 55 
       CF 00 65 00 
       12 00 00 19 
       04 65 00 5A 
       00 19 04 61 
       00 41 00 19 
       55 A0 00 8B 
       00 12 00 00 
       19 04 65 00 
       5A 00 19 04 
       A0 00 8B 00 
       19 55 92 00 
       91 00 12 00 
       00 19 04 92 
       00 91 00 19 
       04 A0 00 8B 
       00 19 55 CE 
       00 CC 00 12 
       00 39 19 04 
       73 00 28 00 
       19 04 8E 00 
       20 00 19 55 
       CF 00 65 00 
       12 00 39 19 
       04 BB 00 78 
       00 19 04 CF 
       00 65 00 19 
       55 F6 00 A9 
       00 12 00 39 
       19 04 61 00 
       41 00 19 04 
       73 00 28 00 
       19 55 BB 00 
       78 00 12 00 
       24 19 04 A0 
       00 8B 00 19 
       04 BB 00 78 
       00 19 55 EA 
       00 C2 00 12 
       00 39 19 04 
       73 00 28 00 
       19 04 CF 00 
       65 00 19 55 
       BB 00 78 00 
       12 00 39 19 
       04 61 00 41 
       00 19 04 BB 
       00 78 00 19 
       55 A0 00 8B 
       00 41 05 10 
       12 00 39 19 
       04 CB 00 89 
       00 19 04 A8 
       00 6C 00 19 
       55 AB 00 68 
       00 12 00 00 
       19 04 8D 00 
       83 00 19 04 
       87 00 87 00 
       19 55 69 00 
       66 00 12 00 
       39 19 04 AB 
       00 68 00 19 
       04 A8 00 6C 
       00 19 55 94 
       00 51 00 12 
       00 39 19 04 
       AB 00 68 00 
       19 04 94 00 
       51 00 19 55 
       91 00 44 00 
       12 00 00 19 
       04 A4 00 9D 
       00 19 04 A5 
       00 AA 00 19 
       55 87 00 87 
       00 12 00 00 
       19 04 A4 00 
       9D 00 19 04 
       87 00 87 00 
       19 55 8D 00 
       83 00 12 00 
       39 19 04 CB 
       00 89 00 19 
       04 C0 00 85 
       00 19 55 A8 
       00 6C 00 12 
       00 39 19 04 
       C0 00 85 00 
       19 04 9B 00 
       78 00 19 55 
       A8 00 6C 00 
       12 00 00 19 
       04 8D 00 83 
       00 19 04 69 
       00 66 00 19 
       55 77 00 6A 
       00 12 00 39 
       19 04 AF 00 
       8D 00 19 04 
       8D 00 83 00 
       19 55 9B 00 
       78 00 12 00 
       24 19 04 9B 
       00 78 00 19 
       04 8D 00 83 
       00 19 55 77 
       00 6A 00 12 
       00 39 19 04 
       A8 00 6C 00 
       19 04 9B 00 
       78 00 19 55 
       8A 00 61 00 
       12 00 39 19 
       04 AF 00 8D 
       00 19 04 A4 
       00 9D 00 19 
       55 8D 00 83 
       00 12 00 39 
       19 04 A8 00 
       6C 00 19 04 
       8A 00 61 00 
       19 55 94 00 
       51 00 12 00 
       39 19 04 C0 
       00 85 00 19 
       04 AF 00 8D 
       00 19 55 9B 
       00 78 00 12 
       00 39 19 04 
       E5 00 9C 00 
       19 04 C0 00 
       85 00 19 55 
       CB 00 89 00 
       12 00 24 19 
       04 9B 00 78 
       00 19 04 77 
       00 6A 00 19 
       55 8A 00 61 
       00 12 00 00 
       19 04 B2 00 
       AE 00 19 04 
       A5 00 AA 00 
       19 55 A4 00 
       9D 00 12 00 
       24 19 04 91 
       00 44 00 19 
       04 94 00 51 
       00 19 55 8D 
       00 40 00 12 
       00 39 19 04 
       D1 00 92 00 
       19 04 AF 00 
       8D 00 19 55 
       C0 00 85 00 
       12 00 14 19 
       04 BC 00 99 
       00 19 04 A4 
       00 9D 00 19 
       55 AF 00 8D 
       00 12 00 00 
       19 04 77 00 
       6A 00 19 04 
       69 00 66 00 
       19 55 56 00 
       51 00 12 00 
       14 19 04 94 
       00 51 00 19 
       04 8A 00 61 
       00 19 55 82 
       00 55 00 12 
       00 00 19 04 
       B2 00 AE 00 
       19 04 B9 00 
       C3 00 19 55 
       A5 00 AA 00 
       12 00 00 19 
       04 8A 00 61 
       00 19 04 77 
       00 6A 00 19 
       55 6C 00 5C 
       00 12 00 39 
       19 04 E5 00 
       9C 00 19 04 
       D1 00 92 00 
       19 55 C0 00 
       85 00 12 00 
       24 19 04 91 
       00 44 00 19 
       04 8D 00 40 
       00 19 55 85 
       00 2A 00 12 
       00 14 19 04 
       BC 00 99 00 
       19 04 B2 00 
       AE 00 19 55 
       A4 00 9D 00 
       12 00 39 19 
       04 D1 00 92 
       00 19 04 BC 
       00 99 00 19 
       55 AF 00 8D 
       00 12 00 14 
       19 04 94 00 
       51 00 19 04 
       82 00 55 00 
       19 55 8D 00 
       40 00 12 00 
       00 19 04 8A 
       00 61 00 19 
       04 6C 00 5C 
       00 19 55 82 
       00 55 00 12 
       00 00 19 04 
       77 00 6A 00 
       19 04 56 00 
       51 00 19 55 
       6C 00 5C 00 
       12 00 00 19 
       04 B4 00 C0 
       00 19 04 CD 
       00 CD 00 19 
       55 B9 00 C3 
       00 12 00 24 
       19 04 F4 00 
       A7 00 19 04 
       E5 00 9C 00 
       19 55 EC 00 
       B1 00 12 00 
       00 19 04 CC 
       00 CB 00 19 
       04 E2 00 C5 
       00 19 55 CD 
       00 CD 00 12 
       00 14 19 04 
       E8 00 C1 00 
       19 04 EC 00 
       B1 00 19 55 
       E2 00 C5 00 
       12 00 39 19 
       04 71 00 1F 
       00 19 04 85 
       00 2A 00 19 
       55 98 00 2F 
       00 12 00 39 
       19 04 5A 00 
       26 00 19 04 
       71 00 1F 00 
       19 55 84 00 
       22 00 12 00 
       00 19 04 56 
       00 51 00 19 
       04 4F 00 3B 
       00 19 55 59 
       00 45 00 12 
       00 14 19 04 
       4F 00 3B 00 
       19 04 5A 00 
       26 00 19 55 
       69 00 2B 00 
       12 00 24 19 
       04 F4 00 A7 
       00 19 04 EA 
       00 90 00 19 
       55 E5 00 9C 
       00 12 00 00 
       19 04 B4 00 
       C0 00 19 04 
       CC 00 CB 00 
       19 55 CD 00 
       CD 00 12 00 
       14 19 04 E8 
       00 C1 00 19 
       04 F4 00 A7 
       00 19 55 EC 
       00 B1 00 12 
       00 00 19 04 
       CC 00 CB 00 
       19 04 E8 00 
       C1 00 19 55 
       E2 00 C5 00 
       12 00 39 19 
       04 71 00 1F 
       00 19 04 98 
       00 2F 00 19 
       55 84 00 22 
       00 12 00 00 
       19 04 56 00 
       51 00 19 04 
       59 00 45 00 
       19 55 60 00 
       5E 00 12 00 
       39 19 04 5A 
       00 26 00 19 
       04 84 00 22 
       00 19 55 69 
       00 2B 00 12 
       00 14 19 04 
       4F 00 3B 00 
       19 04 69 00 
       2B 00 19 55 
       59 00 45 00 
       12 00 00 19 
       04 8C 00 92 
       00 19 04 CC 
       00 CB 00 19 
       55 B4 00 C0 
       00 12 00 39 
       19 04 84 00 
       22 00 19 04 
       98 00 2F 00 
       19 55 C8 00 
       5E 00 12 00 
       39 19 04 C5 
       00 63 00 19 
       04 EA 00 90 
       00 19 55 F4 
       00 A7 00 12 
       00 39 19 04 
       C5 00 63 00 
       19 04 C8 00 
       5E 00 19 55 
       EA 00 90 00 
       12 00 00 19 
       04 60 00 5E 
       00 19 04 59 
       00 45 00 19 
       55 97 00 8C 
       00 12 00 24 
       19 04 97 00 
       8C 00 19 04 
       E8 00 C1 00 
       19 55 CC 00 
       CB 00 12 00 
       00 19 04 60 
       00 5E 00 19 
       04 97 00 8C 
       00 19 55 8C 
       00 92 00 12 
       00 39 19 04 
       B0 00 78 00 
       19 04 F4 00 
       A7 00 19 55 
       E8 00 C1 00 
       12 00 39 19 
       04 84 00 22 
       00 19 04 C8 
       00 5E 00 19 
       55 C5 00 63 
       00 12 00 00 
       19 04 8C 00 
       92 00 19 04 
       97 00 8C 00 
       19 55 CC 00 
       CB 00 12 00 
       39 19 04 69 
       00 2B 00 19 
       04 84 00 22 
       00 19 55 C5 
       00 63 00 12 
       00 39 19 04 
       59 00 45 00 
       19 04 69 00 
       2B 00 19 55 
       B0 00 78 00 
       12 00 39 19 
       04 B0 00 78 
       00 19 04 C5 
       00 63 00 19 
       55 F4 00 A7 
       00 12 00 24 
       19 04 97 00 
       8C 00 19 04 
       B0 00 78 00 
       19 55 E8 00 
       C1 00 12 00 
       39 19 04 59 
       00 45 00 19 
       04 B0 00 78 
       00 19 55 97 
       00 8C 00 12 
       00 39 19 04 
       69 00 2B 00 
       19 04 C5 00 
       63 00 19 55 
       B0 00 78 00 
       41 05 10 12 
       00 39 19 04 
       CF 00 87 00 
       19 04 AB 00 
       6B 00 19 55 
       AF 00 67 00 
       12 00 00 19 
       04 91 00 84 
       00 19 04 8C 
       00 88 00 19 
       55 6C 00 68 
       00 12 00 39 
       19 04 AF 00 
       67 00 19 04 
       AB 00 6B 00 
       19 55 95 00 
       52 00 12 00 
       00 19 04 A8 
       00 9D 00 19 
       04 AA 00 AA 
       00 19 55 8C 
       00 88 00 12 
       00 39 19 04 
       AF 00 67 00 
       19 04 95 00 
       52 00 19 55 
       92 00 45 00 
       12 00 00 19 
       04 A8 00 9D 
       00 19 04 8C 
       00 88 00 19 
       55 91 00 84 
       00 12 00 39 
       19 04 CF 00 
       87 00 19 04 
       C3 00 83 00 
       19 55 AB 00 
       6B 00 12 00 
       00 19 04 91 
       00 84 00 19 
       04 6C 00 68 
       00 19 55 79 
       00 6C 00 12 
       00 39 19 04 
       C3 00 83 00 
       19 04 9E 00 
       78 00 19 55 
       AB 00 6B 00 
       12 00 24 19 
       04 9E 00 78 
       00 19 04 91 
       00 84 00 19 
       55 79 00 6C 
       00 12 00 24 
       19 04 B2 00 
       8D 00 19 04 
       91 00 84 00 
       19 55 9E 00 
       78 00 12 00 
       39 19 04 AB 
       00 6B 00 19 
       04 9E 00 78 
       00 19 55 8B 
       00 62 00 12 
       00 24 19 04 
       B2 00 8D 00 
       19 04 A8 00 
       9D 00 19 55 
       91 00 84 00 
       12 00 39 19 
       04 AB 00 6B 
       00 19 04 8B 
       00 62 00 19 
       55 95 00 52 
       00 12 00 39 
       19 04 C3 00 
       83 00 19 04 
       B2 00 8D 00 
       19 55 9E 00 
       78 00 12 00 
       24 19 04 9E 
       00 78 00 19 
       04 79 00 6C 
       00 19 55 8B 
       00 62 00 12 
       00 39 19 04 
       E8 00 9A 00 
       19 04 C3 00 
       83 00 19 55 
       CF 00 87 00 
       12 00 00 19 
       04 B5 00 AD 
       00 19 04 AA 
       00 AA 00 19 
       55 A8 00 9D 
       00 12 00 24 
       19 04 92 00 
       45 00 19 04 
       95 00 52 00 
       19 55 8A 00 
       42 00 12 00 
       00 19 04 79 
       00 6C 00 19 
       04 6C 00 68 
       00 19 55 56 
       00 55 00 12 
       00 39 19 04 
       D3 00 90 00 
       19 04 B2 00 
       8D 00 19 55 
       C3 00 83 00 
       12 00 14 19 
       04 BE 00 98 
       00 19 04 A8 
       00 9D 00 19 
       55 B2 00 8D 
       00 12 00 14 
       19 04 95 00 
       52 00 19 04 
       8B 00 62 00 
       19 55 81 00 
       56 00 12 00 
       00 19 04 8B 
       00 62 00 19 
       04 79 00 6C 
       00 19 55 6B 
       00 5E 00 12 
       00 00 19 04 
       B5 00 AD 00 
       19 04 BD 00 
       C3 00 19 55 
       AA 00 AA 00 
       12 00 24 19 
       04 92 00 45 
       00 19 04 8A 
       00 42 00 19 
       55 82 00 2C 
       00 12 00 39 
       19 04 E8 00 
       9A 00 19 04 
       D3 00 90 00 
       19 55 C3 00 
       83 00 12 00 
       14 19 04 BE 
       00 98 00 19 
       04 B5 00 AD 
       00 19 55 A8 
       00 9D 00 12 
       00 14 19 04 
       95 00 52 00 
       19 04 81 00 
       56 00 19 55 
       8A 00 42 00 
       12 00 39 19 
       04 D3 00 90 
       00 19 04 BE 
       00 98 00 19 
       55 B2 00 8D 
       00 12 00 00 
       19 04 79 00 
       6C 00 19 04 
       56 00 55 00 
       19 55 6B 00 
       5E 00 12 00 
       00 19 04 8B 
       00 62 00 19 
       04 6B 00 5E 
       00 19 55 81 
       00 56 00 12 
       00 00 19 04 
       B3 00 BF 00 
       19 04 D1 00 
       CC 00 19 55 
       BD 00 C3 00 
       12 00 39 19 
       04 6D 00 22 
       00 19 04 82 
       00 2C 00 19 
       55 90 00 2F 
       00 12 00 24 
       19 04 F2 00 
       A5 00 19 04 
       E8 00 9A 00 
       19 55 F0 00 
       AF 00 12 00 
       00 19 04 CA 
       00 CA 00 19 
       04 E6 00 C4 
       00 19 55 D1 
       00 CC 00 12 
       00 14 19 04 
       E6 00 BF 00 
       19 04 F0 00 
       AF 00 19 55 
       E6 00 C4 00 
       12 00 39 19 
       04 57 00 2A 
       00 19 04 6D 
       00 22 00 19 
       55 7B 00 24 
       00 12 00 00 
       19 04 56 00 
       55 00 19 04 
       4E 00 3F 00 
       19 55 52 00 
       49 00 12 00 
       14 19 04 4E 
       00 3F 00 19 
       04 57 00 2A 
       00 19 55 5F 
       00 2F 00 12 
       00 24 19 04 
       F2 00 A5 00 
       19 04 E8 00 
       8E 00 19 55 
       E8 00 9A 00 
       12 00 00 19 
       04 B3 00 BF 
       00 19 04 CA 
       00 CA 00 19 
       55 D1 00 CC 
       00 12 00 39 
       19 04 6D 00 
       22 00 19 04 
       90 00 2F 00 
       19 55 7B 00 
       24 00 12 00 
       00 19 04 56 
       00 55 00 19 
       04 52 00 49 
       00 19 55 5B 
       00 61 00 12 
       00 14 19 04 
       E6 00 BF 00 
       19 04 F2 00 
       A5 00 19 55 
       F0 00 AF 00 
       12 00 00 19 
       04 CA 00 CA 
       00 19 04 E6 
       00 BF 00 19 
       55 E6 00 C4 
       00 12 00 39 
       19 04 57 00 
       2A 00 19 04 
       7B 00 24 00 
       19 55 5F 00 
       2F 00 12 00 
       14 19 04 4E 
       00 3F 00 19 
       04 5F 00 2F 
       00 19 55 52 
       00 49 00 12 
       00 00 19 04 
       86 00 93 00 
       19 04 CA 00 
       CA 00 19 55 
       B3 00 BF 00 
       12 00 39 19 
       04 7B 00 24 
       00 19 04 90 
       00 2F 00 19 
       55 C0 00 5C 
       00 12 00 39 
       19 04 BB 00 
       62 00 19 04 
       E8 00 8E 00 
       19 55 F2 00 
       A5 00 12 00 
       39 19 04 BB 
       00 62 00 19 
       04 C0 00 5C 
       00 19 55 E8 
       00 8E 00 12 
       00 00 19 04 
       5B 00 61 00 
       19 04 52 00 
       49 00 19 55 
       8E 00 8D 00 
       12 00 00 19 
       04 5B 00 61 
       00 19 04 8E 
       00 8D 00 19 
       55 86 00 93 
       00 12 00 24 
       19 04 8E 00 
       8D 00 19 04 
       E6 00 BF 00 
       19 55 CA 00 
       CA 00 12 00 
       39 19 04 7B 
       00 24 00 19 
       04 C0 00 5C 
       00 19 55 BB 
       00 62 00 12 
       00 00 19 04 
       86 00 93 00 
       19 04 8E 00 
       8D 00 19 55 
       CA 00 CA 00 
       12 00 39 19 
       04 5F 00 2F 
       00 19 04 7B 
       00 24 00 19 
       55 BB 00 62 
       00 12 00 39 
       19 04 A5 00 
       78 00 19 04 
       F2 00 A5 00 
       19 55 E6 00 
       BF 00 12 00 
       24 19 04 52 
       00 49 00 19 
       04 5F 00 2F 
       00 19 55 A5 
       00 78 00 12 
       00 39 19 04 
       A5 00 78 00 
       19 04 BB 00 
       62 00 19 55 
       F2 00 A5 00 
       12 00 24 19 
       04 52 00 49 
       00 19 04 A5 
       00 78 00 19 
       55 8E 00 8D 
       00 12 00 24 
       19 04 8E 00 
       8D 00 19 04 
       A5 00 78 00 
       19 55 E6 00 
       BF 00 12 00 
       39 19 04 5F 
       00 2F 00 19 
       04 BB 00 62 
       00 19 55 A5 
       00 78 00 41 
       05 10 12 00 
       00 19 04 94 
       00 84 00 19 
       04 91 00 89 
       00 19 55 6F 
       00 6A 00 12 
       00 39 19 04 
       D3 00 85 00 
       19 04 AE 00 
       6B 00 19 55 
       B2 00 66 00 
       12 00 00 19 
       04 AB 00 9D 
       00 19 04 91 
       00 89 00 19 
       55 94 00 84 
       00 12 00 39 
       19 04 B2 00 
       66 00 19 04 
       96 00 52 00 
       19 55 93 00 
       46 00 12 00 
       39 19 04 B2 
       00 66 00 19 
       04 AE 00 6B 
       00 19 55 96 
       00 52 00 12 
       00 00 19 04 
       AB 00 9D 00 
       19 04 AF 00 
       A9 00 19 55 
       91 00 89 00 
       12 00 00 19 
       04 94 00 84 
       00 19 04 6F 
       00 6A 00 19 
       55 7C 00 6D 
       00 12 00 39 
       19 04 D3 00 
       85 00 19 04 
       C6 00 82 00 
       19 55 AE 00 
       6B 00 12 00 
       24 19 04 A1 
       00 78 00 19 
       04 94 00 84 
       00 19 55 7C 
       00 6D 00 12 
       00 39 19 04 
       C6 00 82 00 
       19 04 A1 00 
       78 00 19 55 
       AE 00 6B 00 
       12 00 39 19 
       04 AE 00 6B 
       00 19 04 A1 
       00 78 00 19 
       55 8C 00 63 
       00 12 00 24 
       19 04 B5 00 
       8C 00 19 04 
       94 00 84 00 
       19 55 A1 00 
       78 00 12 00 
       39 19 04 AE 
       00 6B 00 19 
       04 8C 00 63 
       00 19 55 96 
       00 52 00 12 
       00 24 19 04 
       B5 00 8C 00 
       19 04 AB 00 
       9D 00 19 55 
       94 00 84 00 
       12 00 24 19 
       04 A1 00 78 
       00 19 04 7C 
       00 6D 00 19 
       55 8C 00 63 
       00 12 00 39 
       19 04 C6 00 
       82 00 19 04 
       B5 00 8C 00 
       19 55 A1 00 
       78 00 12 00 
       00 19 04 7C 
       00 6D 00 19 
       04 6F 00 6A 
       00 19 55 56 
       00 58 00 12 
       00 39 19 04 
       93 00 46 00 
       19 04 96 00 
       52 00 19 55 
       88 00 43 00 
       12 00 00 19 
       04 B7 00 AD 
       00 19 04 AF 
       00 A9 00 19 
       55 AB 00 9D 
       00 12 00 39 
       19 04 EB 00 
       97 00 19 04 
       C6 00 82 00 
       19 55 D3 00 
       85 00 12 00 
       00 19 04 8C 
       00 63 00 19 
       04 7C 00 6D 
       00 19 55 6B 
       00 61 00 12 
       00 24 19 04 
       96 00 52 00 
       19 04 8C 00 
       63 00 19 55 
       80 00 58 00 
       12 00 10 19 
       04 C0 00 97 
       00 19 04 AB 
       00 9D 00 19 
       55 B5 00 8C 
       00 12 00 24 
       19 04 D5 00 
       8E 00 19 04 
       B5 00 8C 00 
       19 55 C6 00 
       82 00 12 00 
       39 19 04 93 
       00 46 00 19 
       04 88 00 43 
       00 19 55 7F 
       00 2E 00 12 
       00 00 19 04 
       B7 00 AD 00 
       19 04 C0 00 
       C2 00 19 55 
       AF 00 A9 00 
       12 00 00 19 
       04 7C 00 6D 
       00 19 04 56 
       00 58 00 19 
       55 6B 00 61 
       00 12 00 24 
       19 04 96 00 
       52 00 19 04 
       80 00 58 00 
       19 55 88 00 
       43 00 12 00 
       10 19 04 C0 
       00 97 00 19 
       04 B7 00 AD 
       00 19 55 AB 
       00 9D 00 12 
       00 00 19 04 
       8C 00 63 00 
       19 04 6B 00 
       61 00 19 55 
       80 00 58 00 
       12 00 39 19 
       04 EB 00 97 
       00 19 04 D5 
       00 8E 00 19 
       55 C6 00 82 
       00 12 00 24 
       19 04 D5 00 
       8E 00 19 04 
       C0 00 97 00 
       19 55 B5 00 
       8C 00 12 00 
       39 19 04 6A 
       00 25 00 19 
       04 7F 00 2E 
       00 19 55 89 
       00 30 00 12 
       00 00 19 04 
       B2 00 BF 00 
       19 04 D5 00 
       CB 00 19 55 
       C0 00 C2 00 
       12 00 00 19 
       04 56 00 58 
       00 19 04 4D 
       00 43 00 19 
       55 4B 00 4E 
       00 12 00 24 
       19 04 55 00 
       2E 00 19 04 
       6A 00 25 00 
       19 55 71 00 
       27 00 12 00 
       10 19 04 4D 
       00 43 00 19 
       04 55 00 2E 
       00 19 55 57 
       00 33 00 12 
       00 00 19 04 
       C8 00 C9 00 
       19 04 EB 00 
       C2 00 19 55 
       D5 00 CB 00 
       12 00 39 19 
       04 EF 00 A2 
       00 19 04 EB 
       00 97 00 19 
       55 F4 00 AD 
       00 12 00 24 
       19 04 E3 00 
       BD 00 19 04 
       F4 00 AD 00 
       19 55 EB 00 
       C2 00 12 00 
       00 19 04 56 
       00 58 00 19 
       04 4B 00 4E 
       00 19 55 56 
       00 64 00 12 
       00 39 19 04 
       6A 00 25 00 
       19 04 89 00 
       30 00 19 55 
       71 00 27 00 
       12 00 00 19 
       04 B2 00 BF 
       00 19 04 C8 
       00 C9 00 19 
       55 D5 00 CB 
       00 12 00 39 
       19 04 EF 00 
       A2 00 19 04 
       E5 00 8B 00 
       19 55 EB 00 
       97 00 12 00 
       10 19 04 4D 
       00 43 00 19 
       04 57 00 33 
       00 19 55 4B 
       00 4E 00 12 
       00 24 19 04 
       55 00 2E 00 
       19 04 71 00 
       27 00 19 55 
       57 00 33 00 
       12 00 00 19 
       04 C8 00 C9 
       00 19 04 E3 
       00 BD 00 19 
       55 EB 00 C2 
       00 12 00 24 
       19 04 E3 00 
       BD 00 19 04 
       EF 00 A2 00 
       19 55 F4 00 
       AD 00 12 00 
       39 19 04 71 
       00 27 00 19 
       04 89 00 30 
       00 19 55 B8 
       00 5B 00 12 
       00 00 19 04 
       80 00 94 00 
       19 04 C8 00 
       C9 00 19 55 
       B2 00 BF 00 
       12 00 00 19 
       04 56 00 64 
       00 19 04 4B 
       00 4E 00 19 
       55 85 00 8E 
       00 12 00 00 
       19 04 56 00 
       64 00 19 04 
       85 00 8E 00 
       19 55 80 00 
       94 00 12 00 
       39 19 04 B1 
       00 61 00 19 
       04 E5 00 8B 
       00 19 55 EF 
       00 A2 00 12 
       00 39 19 04 
       B1 00 61 00 
       19 04 B8 00 
       5B 00 19 55 
       E5 00 8B 00 
       12 00 39 19 
       04 57 00 33 
       00 19 04 71 
       00 27 00 19 
       55 B1 00 61 
       00 12 00 00 
       19 04 80 00 
       94 00 19 04 
       85 00 8E 00 
       19 55 C8 00 
       C9 00 12 00 
       39 19 04 71 
       00 27 00 19 
       04 B8 00 5B 
       00 19 55 B1 
       00 61 00 12 
       00 24 19 04 
       85 00 8E 00 
       19 04 E3 00 
       BD 00 19 55 
       C8 00 C9 00 
       12 00 24 19 
       04 4B 00 4E 
       00 19 04 57 
       00 33 00 19 
       55 9A 00 78 
       00 12 00 39 
       19 04 9A 00 
       78 00 19 04 
       EF 00 A2 00 
       19 55 E3 00 
       BD 00 12 00 
       24 19 04 4B 
       00 4E 00 19 
       04 9A 00 78 
       00 19 55 85 
       00 8E 00 12 
       00 39 19 04 
       9A 00 78 00 
       19 04 B1 00 
       61 00 19 55 
       EF 00 A2 00 
       12 00 39 19 
       04 57 00 33 
       00 19 04 B1 
       00 61 00 19 
       55 9A 00 78 
       00 12 00 24 
       19 04 85 00 
       8E 00 19 04 
       9A 00 78 00 
       19 55 E3 00 
       BD 00 41 05 
       10 12 00 00 
       19 04 98 00 
       85 00 19 04 
       96 00 89 00 
       19 55 73 00 
       6C 00 12 00 
       39 19 04 D7 
       00 83 00 19 
       04 B0 00 6A 
       00 19 55 B6 
       00 66 00 12 
       00 00 19 04 
       AF 00 9C 00 
       19 04 96 00 
       89 00 19 55 
       98 00 85 00 
       12 00 39 19 
       04 B6 00 66 
       00 19 04 97 
       00 53 00 19 
       55 94 00 47 
       00 12 00 00 
       19 04 AF 00 
       9C 00 19 04 
       B4 00 A9 00 
       19 55 96 00 
       89 00 12 00 
       39 19 04 B6 
       00 66 00 19 
       04 B0 00 6A 
       00 19 55 97 
       00 53 00 12 
       00 00 19 04 
       98 00 85 00 
       19 04 73 00 
       6C 00 19 55 
       7E 00 6F 00 
       12 00 24 19 
       04 A4 00 78 
       00 19 04 98 
       00 85 00 19 
       55 7E 00 6F 
       00 12 00 39 
       19 04 D7 00 
       83 00 19 04 
       C9 00 80 00 
       19 55 B0 00 
       6A 00 12 00 
       39 19 04 B0 
       00 6A 00 19 
       04 A4 00 78 
       00 19 55 8D 
       00 64 00 12 
       00 39 19 04 
       C9 00 80 00 
       19 04 A4 00 
       78 00 19 55 
       B0 00 6A 00 
       12 00 24 19 
       04 B8 00 8B 
       00 19 04 98 
       00 85 00 19 
       55 A4 00 78 
       00 12 00 39 
       19 04 B0 00 
       6A 00 19 04 
       8D 00 64 00 
       19 55 97 00 
       53 00 12 00 
       24 19 04 A4 
       00 78 00 19 
       04 7E 00 6F 
       00 19 55 8D 
       00 64 00 12 
       00 24 19 04 
       B8 00 8B 00 
       19 04 AF 00 
       9C 00 19 55 
       98 00 85 00 
       12 00 00 19 
       04 7E 00 6F 
       00 19 04 73 
       00 6C 00 19 
       55 56 00 5C 
       00 12 00 39 
       19 04 C9 00 
       80 00 19 04 
       B8 00 8B 00 
       19 55 A4 00 
       78 00 12 00 
       39 19 04 94 
       00 47 00 19 
       04 97 00 53 
       00 19 55 86 
       00 44 00 12 
       00 00 19 04 
       B9 00 AC 00 
       19 04 B4 00 
       A9 00 19 55 
       AF 00 9C 00 
       12 00 00 19 
       04 8D 00 64 
       00 19 04 7E 
       00 6F 00 19 
       55 6B 00 63 
       00 12 00 24 
       19 04 97 00 
       53 00 19 04 
       8D 00 64 00 
       19 55 7F 00 
       5A 00 12 00 
       39 19 04 ED 
       00 95 00 19 
       04 C9 00 80 
       00 19 55 D7 
       00 83 00 12 
       00 10 19 04 
       C1 00 96 00 
       19 04 AF 00 
       9C 00 19 55 
       B8 00 8B 00 
       12 00 39 19 
       04 94 00 47 
       00 19 04 86 
       00 44 00 19 
       55 7D 00 30 
       00 12 00 24 
       19 04 D6 00 
       8C 00 19 04 
       B8 00 8B 00 
       19 55 C9 00 
       80 00 12 00 
       00 19 04 7E 
       00 6F 00 19 
       04 56 00 5C 
       00 19 55 6B 
       00 63 00 12 
       00 24 19 04 
       97 00 53 00 
       19 04 7F 00 
       5A 00 19 55 
       86 00 44 00 
       12 00 00 19 
       04 B9 00 AC 
       00 19 04 C3 
       00 C1 00 19 
       55 B4 00 A9 
       00 12 00 00 
       19 04 8D 00 
       64 00 19 04 
       6B 00 63 00 
       19 55 7F 00 
       5A 00 12 00 
       10 19 04 C1 
       00 96 00 19 
       04 B9 00 AC 
       00 19 55 AF 
       00 9C 00 12 
       00 24 19 04 
       D6 00 8C 00 
       19 04 C1 00 
       96 00 19 55 
       B8 00 8B 00 
       12 00 39 19 
       04 ED 00 95 
       00 19 04 D6 
       00 8C 00 19 
       55 C9 00 80 
       00 12 00 39 
       19 04 68 00 
       29 00 19 04 
       7D 00 30 00 
       19 55 82 00 
       32 00 12 00 
       00 19 04 56 
       00 5C 00 19 
       04 4D 00 48 
       00 19 55 46 
       00 52 00 12 
       00 24 19 04 
       54 00 33 00 
       19 04 68 00 
       29 00 19 55 
       69 00 29 00 
       12 00 10 19 
       04 4D 00 48 
       00 19 04 54 
       00 33 00 19 
       55 4F 00 37 
       00 12 00 00 
       19 04 B0 00 
       BE 00 19 04 
       D9 00 CA 00 
       19 55 C3 00 
       C1 00 12 00 
       00 19 04 C5 
       00 C8 00 19 
       04 EF 00 C0 
       00 19 55 D9 
       00 CA 00 12 
       00 39 19 04 
       EC 00 9F 00 
       19 04 ED 00 
       95 00 19 55 
       F7 00 AA 00 
       12 00 24 19 
       04 DF 00 BB 
       00 19 04 F7 
       00 AA 00 19 
       55 EF 00 C0 
       00 12 00 00 
       19 04 56 00 
       5C 00 19 04 
       46 00 52 00 
       19 55 53 00 
       68 00 12 00 
       39 19 04 68 
       00 29 00 19 
       04 82 00 32 
       00 19 55 69 
       00 29 00 12 
       00 10 19 04 
       4D 00 48 00 
       19 04 4F 00 
       37 00 19 55 
       46 00 52 00 
       12 00 24 19 
       04 54 00 33 
       00 19 04 69 
       00 29 00 19 
       55 4F 00 37 
       00 12 00 00 
       19 04 B0 00 
       BE 00 19 04 
       C5 00 C8 00 
       19 55 D9 00 
       CA 00 12 00 
       39 19 04 EC 
       00 9F 00 19 
       04 E2 00 88 
       00 19 55 ED 
       00 95 00 12 
       00 00 19 04 
       C5 00 C8 00 
       19 04 DF 00 
       BB 00 19 55 
       EF 00 C0 00 
       12 00 24 19 
       04 DF 00 BB 
       00 19 04 EC 
       00 9F 00 19 
       55 F7 00 AA 
       00 12 00 39 
       19 04 69 00 
       29 00 19 04 
       82 00 32 00 
       19 55 B0 00 
       5A 00 12 00 
       00 19 04 7B 
       00 95 00 19 
       04 C5 00 C8 
       00 19 55 B0 
       00 BE 00 12 
       00 00 19 04 
       53 00 68 00 
       19 04 46 00 
       52 00 19 55 
       7C 00 8E 00 
       12 00 00 19 
       04 53 00 68 
       00 19 04 7C 
       00 8E 00 19 
       55 7B 00 95 
       00 12 00 39 
       19 04 4F 00 
       37 00 19 04 
       69 00 29 00 
       19 55 A6 00 
       60 00 12 00 
       39 19 04 A6 
       00 60 00 19 
       04 E2 00 88 
       00 19 55 EC 
       00 9F 00 12 
       00 39 19 04 
       A6 00 60 00 
       19 04 B0 00 
       5A 00 19 55 
       E2 00 88 00 
       12 00 24 19 
       04 46 00 52 
       00 19 04 4F 
       00 37 00 19 
       55 8F 00 78 
       00 12 00 39 
       19 04 69 00 
       29 00 19 04 
       B0 00 5A 00 
       19 55 A6 00 
       60 00 12 00 
       00 19 04 7B 
       00 95 00 19 
       04 7C 00 8E 
       00 19 55 C5 
       00 C8 00 12 
       00 24 19 04 
       7C 00 8E 00 
       19 04 DF 00 
       BB 00 19 55 
       C5 00 C8 00 
       12 00 39 19 
       04 8F 00 78 
       00 19 04 EC 
       00 9F 00 19 
       55 DF 00 BB 
       00 12 00 24 
       19 04 46 00 
       52 00 19 04 
       8F 00 78 00 
       19 55 7C 00 
       8E 00 12 00 
       39 19 04 4F 
       00 37 00 19 
       04 A6 00 60 
       00 19 55 8F 
       00 78 00 12 
       00 39 19 04 
       8F 00 78 00 
       19 04 A6 00 
       60 00 19 55 
       EC 00 9F 00 
       12 00 24 19 
       04 7C 00 8E 
       00 19 04 8F 
       00 78 00 19 
       55 DF 00 BB 
       00 41 05 10 
       12 00 00 19 
       04 9C 00 85 
       00 19 04 9B 
       00 8A 00 19 
       55 76 00 6E 
       00 12 00 00 
       19 04 B3 00 
       9C 00 19 04 
       9B 00 8A 00 
       19 55 9C 00 
       85 00 12 00 
       39 19 04 B9 
       00 65 00 19 
       04 98 00 54 
       00 19 55 96 
       00 47 00 12 
       00 39 19 04 
       DB 00 81 00 
       19 04 B3 00 
       6A 00 19 55 
       B9 00 65 00 
       12 00 00 19 
       04 9C 00 85 
       00 19 04 76 
       00 6E 00 19 
       55 81 00 70 
       00 12 00 39 
       19 04 B9 00 
       65 00 19 04 
       B3 00 6A 00 
       19 55 98 00 
       54 00 12 00 
       00 19 04 B3 
       00 9C 00 19 
       04 BA 00 A9 
       00 19 55 9B 
       00 8A 00 12 
       00 24 19 04 
       A6 00 78 00 
       19 04 9C 00 
       85 00 19 55 
       81 00 70 00 
       12 00 39 19 
       04 B3 00 6A 
       00 19 04 A6 
       00 78 00 19 
       55 8F 00 65 
       00 12 00 24 
       19 04 BB 00 
       8A 00 19 04 
       9C 00 85 00 
       19 55 A6 00 
       78 00 12 00 
       39 19 04 B3 
       00 6A 00 19 
       04 8F 00 65 
       00 19 55 98 
       00 54 00 12 
       00 39 19 04 
       CC 00 7F 00 
       19 04 A6 00 
       78 00 19 55 
       B3 00 6A 00 
       12 00 24 19 
       04 A6 00 78 
       00 19 04 81 
       00 70 00 19 
       55 8F 00 65 
       00 12 00 39 
       19 04 DB 00 
       81 00 19 04 
       CC 00 7F 00 
       19 55 B3 00 
       6A 00 12 00 
       00 19 04 81 
       00 70 00 19 
       04 76 00 6E 
       00 19 55 57 
       00 5F 00 12 
       00 24 19 04 
       BB 00 8A 00 
       19 04 B3 00 
       9C 00 19 55 
       9C 00 85 00 
       12 00 39 19 
       04 CC 00 7F 
       00 19 04 BB 
       00 8A 00 19 
       55 A6 00 78 
       00 12 00 39 
       19 04 96 00 
       47 00 19 04 
       98 00 54 00 
       19 55 85 00 
       45 00 12 00 
       00 19 04 8F 
       00 65 00 19 
       04 81 00 70 
       00 19 55 6B 
       00 66 00 12 
       00 24 19 04 
       98 00 54 00 
       19 04 8F 00 
       65 00 19 55 
       7E 00 5B 00 
       12 00 00 19 
       04 BB 00 AB 
       00 19 04 BA 
       00 A9 00 19 
       55 B3 00 9C 
       00 12 00 00 
       19 04 81 00 
       70 00 19 04 
       57 00 5F 00 
       19 55 6B 00 
       66 00 12 00 
       39 19 04 96 
       00 47 00 19 
       04 85 00 45 
       00 19 55 7B 
       00 32 00 12 
       00 39 19 04 
       EF 00 92 00 
       19 04 CC 00 
       7F 00 19 55 
       DB 00 81 00 
       12 00 00 19 
       04 C2 00 95 
       00 19 04 B3 
       00 9C 00 19 
       55 BB 00 8A 
       00 12 00 00 
       19 04 8F 00 
       65 00 19 04 
       6B 00 66 00 
       19 55 7E 00 
       5B 00 12 00 
       24 19 04 98 
       00 54 00 19 
       04 7E 00 5B 
       00 19 55 85 
       00 45 00 12 
       00 24 19 04 
       D7 00 8A 00 
       19 04 BB 00 
       8A 00 19 55 
       CC 00 7F 00 
       12 00 00 19 
       04 BB 00 AB 
       00 19 04 C6 
       00 C0 00 19 
       55 BA 00 A9 
       00 12 00 00 
       19 04 C2 00 
       95 00 19 04 
       BB 00 AB 00 
       19 55 B3 00 
       9C 00 12 00 
       24 19 04 D7 
       00 8A 00 19 
       04 C2 00 95 
       00 19 55 BB 
       00 8A 00 12 
       00 39 19 04 
       EF 00 92 00 
       19 04 D7 00 
       8A 00 19 55 
       CC 00 7F 00 
       12 00 00 19 
       04 57 00 5F 
       00 19 04 4E 
       00 4C 00 19 
       55 41 00 56 
       00 12 00 39 
       19 04 66 00 
       2C 00 19 04 
       7B 00 32 00 
       19 55 7B 00 
       33 00 12 00 
       00 19 04 4E 
       00 4C 00 19 
       04 54 00 37 
       00 19 55 48 
       00 3B 00 12 
       00 24 19 04 
       54 00 37 00 
       19 04 66 00 
       2C 00 19 55 
       61 00 2C 00 
       12 00 00 19 
       04 AE 00 BE 
       00 19 04 DD 
       00 C8 00 19 
       55 C6 00 C0 
       00 12 00 00 
       19 04 57 00 
       5F 00 19 04 
       41 00 56 00 
       19 55 50 00 
       6B 00 12 00 
       00 19 04 C2 
       00 C7 00 19 
       04 F3 00 BE 
       00 19 55 DD 
       00 C8 00 12 
       00 39 19 04 
       66 00 2C 00 
       19 04 7B 00 
       33 00 19 55 
       61 00 2C 00 
       12 00 00 19 
       04 4E 00 4C 
       00 19 04 48 
       00 3B 00 19 
       55 41 00 56 
       00 12 00 39 
       19 04 E7 00 
       9D 00 19 04 
       EF 00 92 00 
       19 55 FA 00 
       A7 00 12 00 
       24 19 04 54 
       00 37 00 19 
       04 61 00 2C 
       00 19 55 48 
       00 3B 00 12 
       00 24 19 04 
       DB 00 B9 00 
       19 04 FA 00 
       A7 00 19 55 
       F3 00 BE 00 
       12 00 00 19 
       04 AE 00 BE 
       00 19 04 C2 
       00 C7 00 19 
       55 DD 00 C8 
       00 12 00 39 
       19 04 E7 00 
       9D 00 19 04 
       DE 00 85 00 
       19 55 EF 00 
       92 00 12 00 
       00 19 04 C2 
       00 C7 00 19 
       04 DB 00 B9 
       00 19 55 F3 
       00 BE 00 12 
       00 24 19 04 
       DB 00 B9 00 
       19 04 E7 00 
       9D 00 19 55 
       FA 00 A7 00 
       12 00 39 19 
       04 61 00 2C 
       00 19 04 7B 
       00 33 00 19 
       55 A8 00 59 
       00 12 00 00 
       19 04 50 00 
       6B 00 19 04 
       41 00 56 00 
       19 55 74 00 
       8F 00 12 00 
       00 19 04 76 
       00 96 00 19 
       04 C2 00 C7 
       00 19 55 AE 
       00 BE 00 12 
       00 00 19 04 
       50 00 6B 00 
       19 04 74 00 
       8F 00 19 55 
       76 00 96 00 
       12 00 39 19 
       04 48 00 3B 
       00 19 04 61 
       00 2C 00 19 
       55 9B 00 5F 
       00 12 00 24 
       19 04 41 00 
       56 00 19 04 
       48 00 3B 00 
       19 55 84 00 
       78 00 12 00 
       39 19 04 61 
       00 2C 00 19 
       04 A8 00 59 
       00 19 55 9B 
       00 5F 00 12 
       00 00 19 04 
       76 00 96 00 
       19 04 74 00 
       8F 00 19 55 
       C2 00 C7 00 
       12 00 39 19 
       04 9B 00 5F 
       00 19 04 A8 
       00 59 00 19 
       55 DE 00 85 
       00 12 00 39 
       19 04 9B 00 
       5F 00 19 04 
       DE 00 85 00 
       19 55 E7 00 
       9D 00 12 00 
       24 19 04 74 
       00 8F 00 19 
       04 DB 00 B9 
       00 19 55 C2 
       00 C7 00 12 
       00 24 19 04 
       41 00 56 00 
       19 04 84 00 
       78 00 19 55 
       74 00 8F 00 
       12 00 39 19 
       04 48 00 3B 
       00 19 04 9B 
       00 5F 00 19 
       55 84 00 78 
       00 12 00 39 
       19 04 84 00 
       78 00 19 04 
       E7 00 9D 00 
       19 55 DB 00 
       B9 00 12 00 
       24 19 04 74 
       00 8F 00 19 
       04 84 00 78 
       00 19 55 DB 
       00 B9 00 12 
       00 39 19 04 
       84 00 78 00 
       19 04 9B 00 
       5F 00 19 55 
       E7 00 9D 00 
       41 05 10 12 
       00 00 19 04 
       A0 00 86 00 
       19 04 A0 00 
       8A 00 19 55 
       7A 00 70 00 
       12 00 00 19 
       04 A0 00 86 
       00 19 04 7A 
       00 70 00 19 
       55 83 00 72 
       00 12 00 39 
       19 04 BD 00 
       64 00 19 04 
       99 00 54 00 
       19 55 97 00 
       48 00 12 00 
       00 19 04 B7 
       00 9C 00 19 
       04 A0 00 8A 
       00 19 55 A0 
       00 86 00 12 
       00 39 19 04 
       BD 00 64 00 
       19 04 B6 00 
       69 00 19 55 
       99 00 54 00 
       12 00 00 19 
       04 B7 00 9C 
       00 19 04 BE 
       00 A8 00 19 
       55 A0 00 8A 
       00 12 00 39 
       19 04 DF 00 
       7F 00 19 04 
       B6 00 69 00 
       19 55 BD 00 
       64 00 12 00 
       24 19 04 A9 
       00 78 00 19 
       04 A0 00 86 
       00 19 55 83 
       00 72 00 12 
       00 00 19 04 
       83 00 72 00 
       19 04 7A 00 
       70 00 19 55 
       59 00 63 00 
       12 00 39 19 
       04 B6 00 69 
       00 19 04 A9 
       00 78 00 19 
       55 91 00 66 
       00 12 00 24 
       19 04 A9 00 
       78 00 19 04 
       83 00 72 00 
       19 55 91 00 
       66 00 12 00 
       39 19 04 B6 
       00 69 00 19 
       04 91 00 66 
       00 19 55 99 
       00 54 00 12 
       00 14 19 04 
       BD 00 8A 00 
       19 04 A0 00 
       86 00 19 55 
       A9 00 78 00 
       12 00 39 19 
       04 CE 00 7D 
       00 19 04 A9 
       00 78 00 19 
       55 B6 00 69 
       00 12 00 14 
       19 04 BD 00 
       8A 00 19 04 
       B7 00 9C 00 
       19 55 A0 00 
       86 00 12 00 
       39 19 04 DF 
       00 7F 00 19 
       04 CE 00 7D 
       00 19 55 B6 
       00 69 00 12 
       00 39 19 04 
       97 00 48 00 
       19 04 99 00 
       54 00 19 55 
       84 00 47 00 
       12 00 00 19 
       04 91 00 66 
       00 19 04 83 
       00 72 00 19 
       55 6C 00 68 
       00 12 00 39 
       19 04 CE 00 
       7D 00 19 04 
       BD 00 8A 00 
       19 55 A9 00 
       78 00 12 00 
       24 19 04 99 
       00 54 00 19 
       04 91 00 66 
       00 19 55 7E 
       00 5D 00 12 
       00 00 19 04 
       83 00 72 00 
       19 04 59 00 
       63 00 19 55 
       6C 00 68 00 
       12 00 39 19 
       04 97 00 48 
       00 19 04 84 
       00 47 00 19 
       55 79 00 34 
       00 12 00 24 
       19 04 FD 00 
       A5 00 19 04 
       DF 00 7F 00 
       19 55 E5 00 
       8D 00 12 00 
       00 19 04 91 
       00 66 00 19 
       04 6C 00 68 
       00 19 55 7E 
       00 5D 00 12 
       00 24 19 04 
       99 00 54 00 
       19 04 7E 00 
       5D 00 19 55 
       84 00 47 00 
       12 00 00 19 
       04 C3 00 94 
       00 19 04 B7 
       00 9C 00 19 
       55 BD 00 8A 
       00 12 00 39 
       19 04 F0 00 
       8F 00 19 04 
       CE 00 7D 00 
       19 55 DF 00 
       7F 00 12 00 
       24 19 04 D8 
       00 88 00 19 
       04 BD 00 8A 
       00 19 55 CE 
       00 7D 00 12 
       00 00 19 04 
       C3 00 94 00 
       19 04 BD 00 
       AA 00 19 55 
       B7 00 9C 00 
       12 00 24 19 
       04 D8 00 88 
       00 19 04 C3 
       00 94 00 19 
       55 BD 00 8A 
       00 12 00 24 
       19 04 FD 00 
       A5 00 19 04 
       F0 00 8F 00 
       19 55 DF 00 
       7F 00 12 00 
       39 19 04 F0 
       00 8F 00 19 
       04 D8 00 88 
       00 19 55 CE 
       00 7D 00 12 
       00 24 19 04 
       79 00 34 00 
       19 04 84 00 
       47 00 19 55 
       83 00 4B 00 
       12 00 00 19 
       04 4F 00 50 
       00 19 04 54 
       00 3B 00 19 
       55 43 00 3F 
       00 12 00 39 
       19 04 65 00 
       2F 00 19 04 
       79 00 34 00 
       19 55 75 00 
       35 00 12 00 
       24 19 04 54 
       00 3B 00 19 
       04 65 00 2F 
       00 19 55 5B 
       00 30 00 12 
       00 24 19 04 
       79 00 34 00 
       19 04 83 00 
       4B 00 19 55 
       75 00 35 00 
       12 00 00 19 
       04 AC 00 BD 
       00 19 04 E0 
       00 C7 00 19 
       55 C9 00 C0 
       00 12 00 00 
       19 04 4F 00 
       50 00 19 04 
       43 00 3F 00 
       19 55 3E 00 
       5A 00 12 00 
       39 19 04 65 
       00 2F 00 19 
       04 75 00 35 
       00 19 55 5B 
       00 30 00 12 
       00 24 19 04 
       54 00 3B 00 
       19 04 5B 00 
       30 00 19 55 
       43 00 3F 00 
       12 00 00 19 
       04 BE 00 C6 
       00 19 04 F6 
       00 BC 00 19 
       55 E0 00 C7 
       00 12 00 39 
       19 04 E2 00 
       9A 00 19 04 
       F0 00 8F 00 
       19 55 FD 00 
       A5 00 12 00 
       24 19 04 D6 
       00 B7 00 19 
       04 FD 00 A5 
       00 19 55 F6 
       00 BC 00 12 
       00 00 19 04 
       AC 00 BD 00 
       19 04 BE 00 
       C6 00 19 55 
       E0 00 C7 00 
       12 00 39 19 
       04 E2 00 9A 
       00 19 04 DA 
       00 83 00 19 
       55 F0 00 8F 
       00 12 00 00 
       19 04 4E 00 
       6E 00 19 04 
       3E 00 5A 00 
       19 55 6C 00 
       8F 00 12 00 
       39 19 04 5B 
       00 30 00 19 
       04 75 00 35 
       00 19 55 9F 
       00 58 00 12 
       00 00 19 04 
       BE 00 C6 00 
       19 04 D6 00 
       B7 00 19 55 
       F6 00 BC 00 
       12 00 24 19 
       04 D6 00 B7 
       00 19 04 E2 
       00 9A 00 19 
       55 FD 00 A5 
       00 12 00 00 
       19 04 4E 00 
       6E 00 19 04 
       6C 00 8F 00 
       19 55 71 00 
       96 00 12 00 
       00 19 04 71 
       00 96 00 19 
       04 BE 00 C6 
       00 19 55 AC 
       00 BD 00 12 
       00 14 19 04 
       3E 00 5A 00 
       19 04 43 00 
       3F 00 19 55 
       79 00 78 00 
       12 00 39 19 
       04 43 00 3F 
       00 19 04 5B 
       00 30 00 19 
       55 90 00 5F 
       00 12 00 39 
       19 04 5B 00 
       30 00 19 04 
       9F 00 58 00 
       19 55 90 00 
       5F 00 12 00 
       00 19 04 71 
       00 96 00 19 
       04 6C 00 8F 
       00 19 55 BE 
       00 C6 00 12 
       00 39 19 04 
       90 00 5F 00 
       19 04 9F 00 
       58 00 19 55 
       DA 00 83 00 
       12 00 14 19 
       04 3E 00 5A 
       00 19 04 79 
       00 78 00 19 
       55 6C 00 8F 
       00 12 00 39 
       19 04 90 00 
       5F 00 19 04 
       DA 00 83 00 
       19 55 E2 00 
       9A 00 12 00 
       24 19 04 6C 
       00 8F 00 19 
       04 D6 00 B7 
       00 19 55 BE 
       00 C6 00 12 
       00 39 19 04 
       43 00 3F 00 
       19 04 90 00 
       5F 00 19 55 
       79 00 78 00 
       12 00 39 19 
       04 79 00 78 
       00 19 04 E2 
       00 9A 00 19 
       55 D6 00 B7 
       00 12 00 24 
       19 04 6C 00 
       8F 00 19 04 
       79 00 78 00 
       19 55 D6 00 
       B7 00 12 00 
       39 19 04 79 
       00 78 00 19 
       04 90 00 5F 
       00 19 55 E2 
       00 9A 00 41 
       05 10 12 00 
       00 19 04 A4 
       00 86 00 19 
       04 A5 00 8B 
       00 19 55 7E 
       00 72 00 12 
       00 00 19 04 
       A4 00 86 00 
       19 04 7E 00 
       72 00 19 55 
       86 00 73 00 
       12 00 39 19 
       04 C0 00 64 
       00 19 04 9A 
       00 55 00 19 
       55 99 00 49 
       00 12 00 00 
       19 04 BA 00 
       9B 00 19 04 
       A5 00 8B 00 
       19 55 A4 00 
       86 00 12 00 
       39 19 04 C0 
       00 64 00 19 
       04 B8 00 69 
       00 19 55 9A 
       00 55 00 12 
       00 00 19 04 
       BA 00 9B 00 
       19 04 C3 00 
       A8 00 19 55 
       A5 00 8B 00 
       12 00 24 19 
       04 AC 00 78 
       00 19 04 A4 
       00 86 00 19 
       55 86 00 73 
       00 12 00 39 
       19 04 E2 00 
       7D 00 19 04 
       B8 00 69 00 
       19 55 C0 00 
       64 00 12 00 
       00 19 04 86 
       00 73 00 19 
       04 7E 00 72 
       00 19 55 5B 
       00 66 00 12 
       00 24 19 04 
       AC 00 78 00 
       19 04 86 00 
       73 00 19 55 
       92 00 67 00 
       12 00 39 19 
       04 B8 00 69 
       00 19 04 AC 
       00 78 00 19 
       55 92 00 67 
       00 12 00 39 
       19 04 B8 00 
       69 00 19 04 
       92 00 67 00 
       19 55 9A 00 
       55 00 12 00 
       14 19 04 C0 
       00 89 00 19 
       04 A4 00 86 
       00 19 55 AC 
       00 78 00 12 
       00 39 19 04 
       D1 00 7C 00 
       19 04 AC 00 
       78 00 19 55 
       B8 00 69 00 
       12 00 39 19 
       04 99 00 49 
       00 19 04 9A 
       00 55 00 19 
       55 83 00 48 
       00 12 00 14 
       19 04 C0 00 
       89 00 19 04 
       BA 00 9B 00 
       19 55 A4 00 
       86 00 12 00 
       10 19 04 92 
       00 67 00 19 
       04 86 00 73 
       00 19 55 6D 
       00 6A 00 12 
       00 39 19 04 
       E2 00 7D 00 
       19 04 D1 00 
       7C 00 19 55 
       B8 00 69 00 
       12 00 39 19 
       04 9A 00 55 
       00 19 04 92 
       00 67 00 19 
       55 7E 00 5E 
       00 12 00 00 
       19 04 86 00 
       73 00 19 04 
       5B 00 66 00 
       19 55 6D 00 
       6A 00 12 00 
       39 19 04 D1 
       00 7C 00 19 
       04 C0 00 89 
       00 19 55 AC 
       00 78 00 12 
       00 39 19 04 
       99 00 49 00 
       19 04 83 00 
       48 00 19 55 
       78 00 36 00 
       12 00 10 19 
       04 92 00 67 
       00 19 04 6D 
       00 6A 00 19 
       55 7E 00 5E 
       00 12 00 39 
       19 04 9A 00 
       55 00 19 04 
       7E 00 5E 00 
       19 55 83 00 
       48 00 12 00 
       39 19 04 FE 
       00 A2 00 19 
       04 E2 00 7D 
       00 19 55 EA 
       00 8B 00 12 
       00 00 19 04 
       C4 00 93 00 
       19 04 BA 00 
       9B 00 19 55 
       C0 00 89 00 
       12 00 39 19 
       04 F1 00 8D 
       00 19 04 D1 
       00 7C 00 19 
       55 E2 00 7D 
       00 12 00 24 
       19 04 D8 00 
       87 00 19 04 
       C0 00 89 00 
       19 55 D1 00 
       7C 00 12 00 
       00 19 04 C4 
       00 93 00 19 
       04 BE 00 AA 
       00 19 55 BA 
       00 9B 00 12 
       00 00 19 04 
       51 00 54 00 
       19 04 55 00 
       3F 00 19 55 
       3E 00 43 00 
       12 00 24 19 
       04 55 00 3F 
       00 19 04 65 
       00 33 00 19 
       55 55 00 33 
       00 12 00 24 
       19 04 D8 00 
       87 00 19 04 
       C4 00 93 00 
       19 55 C0 00 
       89 00 12 00 
       39 19 04 78 
       00 36 00 19 
       04 83 00 48 
       00 19 55 7F 
       00 4C 00 12 
       00 39 19 04 
       65 00 33 00 
       19 04 78 00 
       36 00 19 55 
       70 00 37 00 
       12 00 39 19 
       04 F1 00 8D 
       00 19 04 D8 
       00 87 00 19 
       55 D1 00 7C 
       00 12 00 39 
       19 04 FE 00 
       A2 00 19 04 
       F1 00 8D 00 
       19 55 E2 00 
       7D 00 12 00 
       39 19 04 78 
       00 36 00 19 
       04 7F 00 4C 
       00 19 55 70 
       00 37 00 12 
       00 00 19 04 
       51 00 54 00 
       19 04 3E 00 
       43 00 19 55 
       3C 00 5D 00 
       12 00 39 19 
       04 65 00 33 
       00 19 04 70 
       00 37 00 19 
       55 55 00 33 
       00 12 00 24 
       19 04 55 00 
       3F 00 19 04 
       55 00 33 00 
       19 55 3E 00 
       43 00 12 00 
       00 19 04 A9 
       00 BC 00 19 
       04 E3 00 C6 
       00 19 55 CB 
       00 BF 00 12 
       00 10 19 04 
       BA 00 C4 00 
       19 04 F8 00 
       BB 00 19 55 
       E3 00 C6 00 
       12 00 39 19 
       04 DC 00 97 
       00 19 04 F1 
       00 8D 00 19 
       55 FE 00 A2 
       00 12 00 39 
       19 04 D0 00 
       B5 00 19 04 
       FE 00 A2 00 
       19 55 F8 00 
       BB 00 12 00 
       00 19 04 A9 
       00 BC 00 19 
       04 BA 00 C4 
       00 19 55 E3 
       00 C6 00 12 
       00 00 19 04 
       4D 00 70 00 
       19 04 3C 00 
       5D 00 19 55 
       65 00 90 00 
       12 00 39 19 
       04 55 00 33 
       00 19 04 70 
       00 37 00 19 
       55 97 00 57 
       00 12 00 39 
       19 04 DC 00 
       97 00 19 04 
       D5 00 80 00 
       19 55 F1 00 
       8D 00 12 00 
       00 19 04 4D 
       00 70 00 19 
       04 65 00 90 
       00 19 55 6C 
       00 97 00 12 
       00 10 19 04 
       BA 00 C4 00 
       19 04 D0 00 
       B5 00 19 55 
       F8 00 BB 00 
       12 00 14 19 
       04 3C 00 5D 
       00 19 04 3E 
       00 43 00 19 
       55 6F 00 78 
       00 12 00 39 
       19 04 3E 00 
       43 00 19 04 
       55 00 33 00 
       19 55 85 00 
       5E 00 12 00 
       00 19 04 6C 
       00 97 00 19 
       04 BA 00 C4 
       00 19 55 A9 
       00 BC 00 12 
       00 39 19 04 
       D0 00 B5 00 
       19 04 DC 00 
       97 00 19 55 
       FE 00 A2 00 
       12 00 39 19 
       04 55 00 33 
       00 19 04 97 
       00 57 00 19 
       55 85 00 5E 
       00 12 00 14 
       19 04 3C 00 
       5D 00 19 04 
       6F 00 78 00 
       19 55 65 00 
       90 00 12 00 
       00 19 04 6C 
       00 97 00 19 
       04 65 00 90 
       00 19 55 BA 
       00 C4 00 12 
       00 39 19 04 
       85 00 5E 00 
       19 04 97 00 
       57 00 19 55 
       D5 00 80 00 
       12 00 39 19 
       04 3E 00 43 
       00 19 04 85 
       00 5E 00 19 
       55 6F 00 78 
       00 12 00 39 
       19 04 85 00 
       5E 00 19 04 
       D5 00 80 00 
       19 55 DC 00 
       97 00 12 00 
       24 19 04 65 
       00 90 00 19 
       04 D0 00 B5 
       00 19 55 BA 
       00 C4 00 12 
       00 39 19 04 
       6F 00 78 00 
       19 04 DC 00 
       97 00 19 55 
       D0 00 B5 00 
       12 00 24 19 
       04 65 00 90 
       00 19 04 6F 
       00 78 00 19 
       55 D0 00 B5 
       00 12 00 39 
       19 04 6F 00 
       78 00 19 04 
       85 00 5E 00 
       19 55 DC 00 
       97 00 41 05 
       10 12 00 00 
       19 04 A7 00 
       86 00 19 04 
       AA 00 8B 00 
       19 55 82 00 
       74 00 12 00 
       00 19 04 A7 
       00 86 00 19 
       04 82 00 74 
       00 19 55 89 
       00 74 00 12 
       00 39 19 04 
       C4 00 63 00 
       19 04 9C 00 
       56 00 19 55 
       9B 00 4A 00 
       12 00 00 19 
       04 BD 00 9B 
       00 19 04 AA 
       00 8B 00 19 
       55 A7 00 86 
       00 12 00 00 
       19 04 89 00 
       74 00 19 04 
       82 00 74 00 
       19 55 5D 00 
       68 00 12 00 
       39 19 04 C4 
       00 63 00 19 
       04 BB 00 68 
       00 19 55 9C 
       00 56 00 12 
       00 24 19 04 
       AE 00 78 00 
       19 04 A7 00 
       86 00 19 55 
       89 00 74 00 
       12 00 00 19 
       04 BD 00 9B 
       00 19 04 C7 
       00 A8 00 19 
       55 AA 00 8B 
       00 12 00 39 
       19 04 E6 00 
       7C 00 19 04 
       BB 00 68 00 
       19 55 C4 00 
       63 00 12 00 
       24 19 04 AE 
       00 78 00 19 
       04 89 00 74 
       00 19 55 94 
       00 68 00 12 
       00 39 19 04 
       BB 00 68 00 
       19 04 94 00 
       68 00 19 55 
       9C 00 56 00 
       12 00 39 19 
       04 BB 00 68 
       00 19 04 AE 
       00 78 00 19 
       55 94 00 68 
       00 12 00 10 
       19 04 C2 00 
       88 00 19 04 
       A7 00 86 00 
       19 55 AE 00 
       78 00 12 00 
       39 19 04 9B 
       00 4A 00 19 
       04 9C 00 56 
       00 19 55 82 
       00 4A 00 12 
       00 10 19 04 
       94 00 68 00 
       19 04 89 00 
       74 00 19 55 
       6F 00 6C 00 
       12 00 39 19 
       04 D3 00 7B 
       00 19 04 AE 
       00 78 00 19 
       55 BB 00 68 
       00 12 00 00 
       19 04 89 00 
       74 00 19 04 
       5D 00 68 00 
       19 55 6F 00 
       6C 00 12 00 
       10 19 04 C2 
       00 88 00 19 
       04 BD 00 9B 
       00 19 55 A7 
       00 86 00 12 
       00 39 19 04 
       9C 00 56 00 
       19 04 94 00 
       68 00 19 55 
       7E 00 60 00 
       12 00 39 19 
       04 E6 00 7C 
       00 19 04 D3 
       00 7B 00 19 
       55 BB 00 68 
       00 12 00 39 
       19 04 9B 00 
       4A 00 19 04 
       82 00 4A 00 
       19 55 78 00 
       38 00 12 00 
       39 19 04 D3 
       00 7B 00 19 
       04 C2 00 88 
       00 19 55 AE 
       00 78 00 12 
       00 10 19 04 
       94 00 68 00 
       19 04 6F 00 
       6C 00 19 55 
       7E 00 60 00 
       12 00 39 19 
       04 9C 00 56 
       00 19 04 7E 
       00 60 00 19 
       55 82 00 4A 
       00 12 00 10 
       19 04 FA 00 
       B9 00 19 04 
       EE 00 8A 00 
       19 55 E9 00 
       9B 00 12 00 
       39 19 04 00 
       01 A0 00 19 
       04 E6 00 7C 
       00 19 55 EE 
       00 8A 00 12 
       00 14 19 04 
       D8 00 85 00 
       19 04 C2 00 
       88 00 19 55 
       D3 00 7B 00 
       12 00 39 19 
       04 F1 00 8A 
       00 19 04 D3 
       00 7B 00 19 
       55 E6 00 7C 
       00 12 00 14 
       19 04 57 00 
       43 00 19 04 
       65 00 36 00 
       19 55 50 00 
       36 00 12 00 
       10 19 04 82 
       00 4A 00 19 
       04 7E 00 60 
       00 19 55 79 
       00 65 00 12 
       00 39 19 04 
       65 00 36 00 
       19 04 78 00 
       38 00 19 55 
       6C 00 39 00 
       12 00 39 19 
       04 78 00 38 
       00 19 04 82 
       00 4A 00 19 
       55 7C 00 4D 
       00 12 00 14 
       19 04 D8 00 
       85 00 19 04 
       C4 00 92 00 
       19 55 C2 00 
       88 00 12 00 
       10 19 04 FA 
       00 B9 00 19 
       04 00 01 A0 
       00 19 55 EE 
       00 8A 00 12 
       00 39 19 04 
       F1 00 8A 00 
       19 04 D8 00 
       85 00 19 55 
       D3 00 7B 00 
       12 00 10 19 
       04 82 00 4A 
       00 19 04 79 
       00 65 00 19 
       55 7C 00 4D 
       00 12 00 39 
       19 04 00 01 
       A0 00 19 04 
       F1 00 8A 00 
       19 55 E6 00 
       7C 00 12 00 
       39 19 04 78 
       00 38 00 19 
       04 7C 00 4D 
       00 19 55 6C 
       00 39 00 12 
       00 14 19 04 
       57 00 43 00 
       19 04 50 00 
       36 00 19 55 
       3B 00 47 00 
       12 00 39 19 
       04 65 00 36 
       00 19 04 6C 
       00 39 00 19 
       55 50 00 36 
       00 12 00 00 
       19 04 A6 00 
       BB 00 19 04 
       E4 00 C5 00 
       19 55 CC 00 
       BE 00 12 00 
       10 19 04 B5 
       00 C3 00 19 
       04 FA 00 B9 
       00 19 55 E4 
       00 C5 00 12 
       00 00 19 04 
       4C 00 72 00 
       19 04 3A 00 
       60 00 19 55 
       5E 00 90 00 
       12 00 39 19 
       04 D5 00 94 
       00 19 04 F1 
       00 8A 00 19 
       55 00 01 A0 
       00 12 00 39 
       19 04 CA 00 
       B3 00 19 04 
       00 01 A0 00 
       19 55 FA 00 
       B9 00 12 00 
       39 19 04 50 
       00 36 00 19 
       04 6C 00 39 
       00 19 55 8F 
       00 56 00 12 
       00 00 19 04 
       A6 00 BB 00 
       19 04 B5 00 
       C3 00 19 55 
       E4 00 C5 00 
       12 00 00 19 
       04 4C 00 72 
       00 19 04 5E 
       00 90 00 19 
       55 68 00 97 
       00 12 00 10 
       19 04 3A 00 
       60 00 19 04 
       3B 00 47 00 
       19 55 65 00 
       78 00 12 00 
       39 19 04 3B 
       00 47 00 19 
       04 50 00 36 
       00 19 55 7B 
       00 5E 00 12 
       00 39 19 04 
       D5 00 94 00 
       19 04 CF 00 
       7E 00 19 55 
       F1 00 8A 00 
       12 00 00 19 
       04 68 00 97 
       00 19 04 B5 
       00 C3 00 19 
       55 A6 00 BB 
       00 12 00 10 
       19 04 B5 00 
       C3 00 19 04 
       CA 00 B3 00 
       19 55 FA 00 
       B9 00 12 00 
       39 19 04 CA 
       00 B3 00 19 
       04 D5 00 94 
       00 19 55 00 
       01 A0 00 12 
       00 39 19 04 
       50 00 36 00 
       19 04 8F 00 
       56 00 19 55 
       7B 00 5E 00 
       12 00 10 19 
       04 3A 00 60 
       00 19 04 65 
       00 78 00 19 
       55 5E 00 90 
       00 12 00 00 
       19 04 68 00 
       97 00 19 04 
       5E 00 90 00 
       19 55 B5 00 
       C3 00 12 00 
       39 19 04 3B 
       00 47 00 19 
       04 7B 00 5E 
       00 19 55 65 
       00 78 00 12 
       00 39 19 04 
       7B 00 5E 00 
       19 04 8F 00 
       56 00 19 55 
       CF 00 7E 00 
       12 00 39 19 
       04 7B 00 5E 
       00 19 04 CF 
       00 7E 00 19 
       55 D5 00 94 
       00 12 00 24 
       19 04 5E 00 
       90 00 19 04 
       CA 00 B3 00 
       19 55 B5 00 
       C3 00 12 00 
       24 19 04 5E 
       00 90 00 19 
       04 65 00 78 
       00 19 55 CA 
       00 B3 00 12 
       00 39 19 04 
       65 00 78 00 
       19 04 D5 00 
       94 00 19 55 
       CA 00 B3 00 
       12 00 39 19 
       04 65 00 78 
       00 19 04 7B 
       00 5E 00 19 
       55 D5 00 94 
       00 41 05 10 
       12 00 00 19 
       04 AB 00 87 
       00 19 04 AE 
       00 8C 00 19 
       55 86 00 75 
       00 12 00 00 
       19 04 AB 00 
       87 00 19 04 
       86 00 75 00 
       19 55 8C 00 
       75 00 12 00 
       39 19 04 C7 
       00 62 00 19 
       04 9E 00 56 
       00 19 55 9D 
       00 4B 00 12 
       00 00 19 04 
       8C 00 75 00 
       19 04 86 00 
       75 00 19 55 
       60 00 6A 00 
       12 00 00 19 
       04 C0 00 9B 
       00 19 04 AE 
       00 8C 00 19 
       55 AB 00 87 
       00 12 00 39 
       19 04 C7 00 
       62 00 19 04 
       BD 00 68 00 
       19 55 9E 00 
       56 00 12 00 
       14 19 04 B1 
       00 78 00 19 
       04 AB 00 87 
       00 19 55 8C 
       00 75 00 12 
       00 00 19 04 
       C0 00 9B 00 
       19 04 CB 00 
       A8 00 19 55 
       AE 00 8C 00 
       12 00 14 19 
       04 B1 00 78 
       00 19 04 8C 
       00 75 00 19 
       55 96 00 69 
       00 12 00 39 
       19 04 BD 00 
       68 00 19 04 
       96 00 69 00 
       19 55 9E 00 
       56 00 12 00 
       39 19 04 E8 
       00 7A 00 19 
       04 BD 00 68 
       00 19 55 C7 
       00 62 00 12 
       00 39 19 04 
       BD 00 68 00 
       19 04 B1 00 
       78 00 19 55 
       96 00 69 00 
       12 00 39 19 
       04 9D 00 4B 
       00 19 04 9E 
       00 56 00 19 
       55 82 00 4B 
       00 12 00 10 
       19 04 96 00 
       69 00 19 04 
       8C 00 75 00 
       19 55 70 00 
       6E 00 12 00 
       00 19 04 8C 
       00 75 00 19 
       04 60 00 6A 
       00 19 55 70 
       00 6E 00 12 
       00 10 19 04 
       C4 00 88 00 
       19 04 AB 00 
       87 00 19 55 
       B1 00 78 00 
       12 00 39 19 
       04 9E 00 56 
       00 19 04 96 
       00 69 00 19 
       55 7F 00 61 
       00 12 00 39 
       19 04 D5 00 
       7A 00 19 04 
       B1 00 78 00 
       19 55 BD 00 
       68 00 12 00 
       39 19 04 9D 
       00 4B 00 19 
       04 82 00 4B 
       00 19 55 78 
       00 3A 00 12 
       00 10 19 04 
       C4 00 88 00 
       19 04 C0 00 
       9B 00 19 55 
       AB 00 87 00 
       12 00 10 19 
       04 96 00 69 
       00 19 04 70 
       00 6E 00 19 
       55 7F 00 61 
       00 12 00 39 
       19 04 E8 00 
       7A 00 19 04 
       D5 00 7A 00 
       19 55 BD 00 
       68 00 12 00 
       39 19 04 9E 
       00 56 00 19 
       04 7F 00 61 
       00 19 55 82 
       00 4B 00 12 
       00 39 19 04 
       D5 00 7A 00 
       19 04 C4 00 
       88 00 19 55 
       B1 00 78 00 
       12 00 14 19 
       04 FB 00 B8 
       00 19 04 F3 
       00 88 00 19 
       55 EE 00 9B 
       00 12 00 14 
       19 04 59 00 
       46 00 19 04 
       66 00 39 00 
       19 55 4D 00 
       39 00 12 00 
       39 19 04 66 
       00 39 00 19 
       04 78 00 3A 
       00 19 55 68 
       00 3B 00 12 
       00 14 19 04 
       82 00 4B 00 
       19 04 7F 00 
       61 00 19 55 
       77 00 65 00 
       12 00 39 19 
       04 00 01 9E 
       00 19 04 E8 
       00 7A 00 19 
       55 F3 00 88 
       00 12 00 39 
       19 04 78 00 
       3A 00 19 04 
       82 00 4B 00 
       19 55 79 00 
       4E 00 12 00 
       14 19 04 D7 
       00 83 00 19 
       04 C4 00 88 
       00 19 55 D5 
       00 7A 00 12 
       00 39 19 04 
       F0 00 88 00 
       19 04 D5 00 
       7A 00 19 55 
       E8 00 7A 00 
       12 00 14 19 
       04 D7 00 83 
       00 19 04 C4 
       00 91 00 19 
       55 C4 00 88 
       00 12 00 14 
       19 04 82 00 
       4B 00 19 04 
       77 00 65 00 
       19 55 79 00 
       4E 00 12 00 
       39 19 04 78 
       00 3A 00 19 
       04 79 00 4E 
       00 19 55 68 
       00 3B 00 12 
       00 14 19 04 
       59 00 46 00 
       19 04 4D 00 
       39 00 19 55 
       39 00 4A 00 
       12 00 39 19 
       04 F0 00 88 
       00 19 04 D7 
       00 83 00 19 
       55 D5 00 7A 
       00 12 00 39 
       19 04 66 00 
       39 00 19 04 
       68 00 3B 00 
       19 55 4D 00 
       39 00 12 00 
       14 19 04 FB 
       00 B8 00 19 
       04 00 01 9E 
       00 19 55 F3 
       00 88 00 12 
       00 39 19 04 
       00 01 9E 00 
       19 04 F0 00 
       88 00 19 55 
       E8 00 7A 00 
       12 00 00 19 
       04 A3 00 BB 
       00 19 04 E6 
       00 C5 00 19 
       55 CD 00 BE 
       00 12 00 00 
       19 04 4C 00 
       74 00 19 04 
       39 00 63 00 
       19 55 58 00 
       90 00 12 00 
       39 19 04 4D 
       00 39 00 19 
       04 68 00 3B 
       00 19 55 87 
       00 56 00 12 
       00 10 19 04 
       B0 00 C2 00 
       19 04 FB 00 
       B8 00 19 55 
       E6 00 C5 00 
       12 00 00 19 
       04 4C 00 74 
       00 19 04 58 
       00 90 00 19 
       55 64 00 97 
       00 12 00 10 
       19 04 39 00 
       63 00 19 04 
       39 00 4A 00 
       19 55 5C 00 
       78 00 12 00 
       39 19 04 CE 
       00 92 00 19 
       04 F0 00 88 
       00 19 55 00 
       01 9E 00 12 
       00 39 19 04 
       39 00 4A 00 
       19 04 4D 00 
       39 00 19 55 
       71 00 5E 00 
       12 00 00 19 
       04 A3 00 BB 
       00 19 04 B0 
       00 C2 00 19 
       55 E6 00 C5 
       00 12 00 39 
       19 04 C2 00 
       B1 00 19 04 
       00 01 9E 00 
       19 55 FB 00 
       B8 00 12 00 
       39 19 04 CE 
       00 92 00 19 
       04 C9 00 7B 
       00 19 55 F0 
       00 88 00 12 
       00 00 19 04 
       64 00 97 00 
       19 04 B0 00 
       C2 00 19 55 
       A3 00 BB 00 
       12 00 39 19 
       04 4D 00 39 
       00 19 04 87 
       00 56 00 19 
       55 71 00 5E 
       00 12 00 10 
       19 04 39 00 
       63 00 19 04 
       5C 00 78 00 
       19 55 58 00 
       90 00 12 00 
       10 19 04 B0 
       00 C2 00 19 
       04 C2 00 B1 
       00 19 55 FB 
       00 B8 00 12 
       00 00 19 04 
       64 00 97 00 
       19 04 58 00 
       90 00 19 55 
       B0 00 C2 00 
       12 00 39 19 
       04 39 00 4A 
       00 19 04 71 
       00 5E 00 19 
       55 5C 00 78 
       00 12 00 39 
       19 04 C2 00 
       B1 00 19 04 
       CE 00 92 00 
       19 55 00 01 
       9E 00 12 00 
       39 19 04 71 
       00 5E 00 19 
       04 87 00 56 
       00 19 55 C9 
       00 7B 00 12 
       00 39 19 04 
       71 00 5E 00 
       19 04 C9 00 
       7B 00 19 55 
       CE 00 92 00 
       12 00 14 19 
       04 58 00 90 
       00 19 04 C2 
       00 B1 00 19 
       55 B0 00 C2 
       00 12 00 14 
       19 04 58 00 
       90 00 19 04 
       5C 00 78 00 
       19 55 C2 00 
       B1 00 12 00 
       39 19 04 5C 
       00 78 00 19 
       04 71 00 5E 
       00 19 55 CE 
       00 92 00 12 
       00 39 19 04 
       5C 00 78 00 
       19 04 CE 00 
       92 00 19 55 
       C2 00 B1 00 
       41 05 10 12 
       00 00 19 04 
       AE 00 87 00 
       19 04 B3 00 
       8C 00 19 55 
       8B 00 76 00 
       12 00 00 19 
       04 AE 00 87 
       00 19 04 8B 
       00 76 00 19 
       55 90 00 76 
       00 12 00 00 
       19 04 90 00 
       76 00 19 04 
       8B 00 76 00 
       19 55 63 00 
       6C 00 12 00 
       39 19 04 CA 
       00 62 00 19 
       04 A0 00 57 
       00 19 55 A0 
       00 4B 00 12 
       00 00 19 04 
       C3 00 9B 00 
       19 04 B3 00 
       8C 00 19 55 
       AE 00 87 00 
       12 00 14 19 
       04 B3 00 78 
       00 19 04 AE 
       00 87 00 19 
       55 90 00 76 
       00 12 00 39 
       19 04 CA 00 
       62 00 19 04 
       BF 00 68 00 
       19 55 A0 00 
       57 00 12 00 
       14 19 04 B3 
       00 78 00 19 
       04 90 00 76 
       00 19 55 99 
       00 69 00 12 
       00 39 19 04 
       BF 00 68 00 
       19 04 99 00 
       69 00 19 55 
       A0 00 57 00 
       12 00 00 19 
       04 C3 00 9B 
       00 19 04 CF 
       00 A8 00 19 
       55 B3 00 8C 
       00 12 00 10 
       19 04 99 00 
       69 00 19 04 
       90 00 76 00 
       19 55 72 00 
       6F 00 12 00 
       00 19 04 90 
       00 76 00 19 
       04 63 00 6C 
       00 19 55 72 
       00 6F 00 12 
       00 39 19 04 
       A0 00 4B 00 
       19 04 A0 00 
       57 00 19 55 
       83 00 4C 00 
       12 00 39 19 
       04 BF 00 68 
       00 19 04 B3 
       00 78 00 19 
       55 99 00 69 
       00 12 00 39 
       19 04 EB 00 
       79 00 19 04 
       BF 00 68 00 
       19 55 CA 00 
       62 00 12 00 
       00 19 04 C5 
       00 87 00 19 
       04 AE 00 87 
       00 19 55 B3 
       00 78 00 12 
       00 39 19 04 
       A0 00 57 00 
       19 04 99 00 
       69 00 19 55 
       80 00 62 00 
       12 00 39 19 
       04 A0 00 4B 
       00 19 04 83 
       00 4C 00 19 
       55 78 00 3C 
       00 12 00 39 
       19 04 D6 00 
       79 00 19 04 
       B3 00 78 00 
       19 55 BF 00 
       68 00 12 00 
       10 19 04 99 
       00 69 00 19 
       04 72 00 6F 
       00 19 55 80 
       00 62 00 12 
       00 00 19 04 
       C5 00 87 00 
       19 04 C3 00 
       9B 00 19 55 
       AE 00 87 00 
       12 00 39 19 
       04 A0 00 57 
       00 19 04 80 
       00 62 00 19 
       55 83 00 4C 
       00 12 00 39 
       19 04 EB 00 
       79 00 19 04 
       D6 00 79 00 
       19 55 BF 00 
       68 00 12 00 
       39 19 04 D6 
       00 79 00 19 
       04 C5 00 87 
       00 19 55 B3 
       00 78 00 12 
       00 10 19 04 
       5C 00 49 00 
       19 04 68 00 
       3B 00 19 55 
       4A 00 3B 00 
       12 00 39 19 
       04 68 00 3B 
       00 19 04 78 
       00 3C 00 19 
       55 65 00 3C 
       00 12 00 24 
       19 04 83 00 
       4C 00 19 04 
       80 00 62 00 
       19 55 76 00 
       66 00 12 00 
       39 19 04 78 
       00 3C 00 19 
       04 83 00 4C 
       00 19 55 77 
       00 4F 00 12 
       00 24 19 04 
       FB 00 B7 00 
       19 04 F6 00 
       87 00 19 55 
       F3 00 9A 00 
       12 00 10 19 
       04 D6 00 82 
       00 19 04 C5 
       00 87 00 19 
       55 D6 00 79 
       00 12 00 39 
       19 04 FF 00 
       9D 00 19 04 
       EB 00 79 00 
       19 55 F6 00 
       87 00 12 00 
       39 19 04 EF 
       00 86 00 19 
       04 D6 00 79 
       00 19 55 EB 
       00 79 00 12 
       00 24 19 04 
       83 00 4C 00 
       19 04 76 00 
       66 00 19 55 
       77 00 4F 00 
       12 00 10 19 
       04 5C 00 49 
       00 19 04 4A 
       00 3B 00 19 
       55 38 00 4D 
       00 12 00 39 
       19 04 78 00 
       3C 00 19 04 
       77 00 4F 00 
       19 55 65 00 
       3C 00 12 00 
       39 19 04 68 
       00 3B 00 19 
       04 65 00 3C 
       00 19 55 4A 
       00 3B 00 12 
       00 10 19 04 
       D6 00 82 00 
       19 04 C3 00 
       90 00 19 55 
       C5 00 87 00 
       12 00 39 19 
       04 EF 00 86 
       00 19 04 D6 
       00 82 00 19 
       55 D6 00 79 
       00 12 00 24 
       19 04 FB 00 
       B7 00 19 04 
       FF 00 9D 00 
       19 55 F6 00 
       87 00 12 00 
       39 19 04 FF 
       00 9D 00 19 
       04 EF 00 86 
       00 19 55 EB 
       00 79 00 12 
       00 00 19 04 
       4C 00 76 00 
       19 04 39 00 
       65 00 19 55 
       52 00 90 00 
       12 00 00 19 
       04 9F 00 BA 
       00 19 04 E6 
       00 C4 00 19 
       55 CE 00 BE 
       00 12 00 39 
       19 04 4A 00 
       3B 00 19 04 
       65 00 3C 00 
       19 55 80 00 
       56 00 12 00 
       00 19 04 39 
       00 65 00 19 
       04 38 00 4D 
       00 19 55 54 
       00 78 00 12 
       00 00 19 04 
       4C 00 76 00 
       19 04 52 00 
       90 00 19 55 
       61 00 97 00 
       12 00 39 19 
       04 38 00 4D 
       00 19 04 4A 
       00 3B 00 19 
       55 69 00 5E 
       00 12 00 10 
       19 04 A9 00 
       C1 00 19 04 
       FB 00 B7 00 
       19 55 E6 00 
       C4 00 12 00 
       00 19 04 9F 
       00 BA 00 19 
       04 A9 00 C1 
       00 19 55 E6 
       00 C4 00 12 
       00 39 19 04 
       C5 00 90 00 
       19 04 EF 00 
       86 00 19 55 
       FF 00 9D 00 
       12 00 39 19 
       04 BA 00 B0 
       00 19 04 FF 
       00 9D 00 19 
       55 FB 00 B7 
       00 12 00 00 
       19 04 39 00 
       65 00 19 04 
       54 00 78 00 
       19 55 52 00 
       90 00 12 00 
       39 19 04 4A 
       00 3B 00 19 
       04 80 00 56 
       00 19 55 69 
       00 5E 00 12 
       00 00 19 04 
       61 00 97 00 
       19 04 A9 00 
       C1 00 19 55 
       9F 00 BA 00 
       12 00 39 19 
       04 C5 00 90 
       00 19 04 C3 
       00 7A 00 19 
       55 EF 00 86 
       00 12 00 39 
       19 04 38 00 
       4D 00 19 04 
       69 00 5E 00 
       19 55 54 00 
       78 00 12 00 
       00 19 04 61 
       00 97 00 19 
       04 52 00 90 
       00 19 55 A9 
       00 C1 00 12 
       00 10 19 04 
       A9 00 C1 00 
       19 04 BA 00 
       B0 00 19 55 
       FB 00 B7 00 
       12 00 39 19 
       04 BA 00 B0 
       00 19 04 C5 
       00 90 00 19 
       55 FF 00 9D 
       00 12 00 39 
       19 04 69 00 
       5E 00 19 04 
       80 00 56 00 
       19 55 C3 00 
       7A 00 12 00 
       14 19 04 52 
       00 90 00 19 
       04 BA 00 B0 
       00 19 55 A9 
       00 C1 00 12 
       00 39 19 04 
       69 00 5E 00 
       19 04 C3 00 
       7A 00 19 55 
       C5 00 90 00 
       12 00 14 19 
       04 52 00 90 
       00 19 04 54 
       00 78 00 19 
       55 BA 00 B0 
       00 12 00 39 
       19 04 54 00 
       78 00 19 04 
       69 00 5E 00 
       19 55 C5 00 
       90 00 12 00 
       39 19 04 54 
       00 78 00 19 
       04 C5 00 90 
       00 19 55 BA 
       00 B0 00 41 
       05 10 12 00 
       00 19 04 B2 
       00 87 00 19 
       04 B7 00 8D 
       00 19 55 8F 
       00 77 00 12 
       00 00 19 04 
       B2 00 87 00 
       19 04 8F 00 
       77 00 19 55 
       93 00 77 00 
       12 00 00 19 
       04 93 00 77 
       00 19 04 8F 
       00 77 00 19 
       55 66 00 6E 
       00 12 00 39 
       19 04 CE 00 
       61 00 19 04 
       A2 00 57 00 
       19 55 A3 00 
       4C 00 12 00 
       24 19 04 FA 
       00 86 00 19 
       04 CE 00 61 
       00 19 55 D2 
       00 69 00 12 
       00 14 19 04 
       B6 00 78 00 
       19 04 B2 00 
       87 00 19 55 
       93 00 77 00 
       12 00 39 19 
       04 CE 00 61 
       00 19 04 C2 
       00 67 00 19 
       55 A2 00 57 
       00 12 00 14 
       19 04 B6 00 
       78 00 19 04 
       93 00 77 00 
       19 55 9B 00 
       6A 00 12 00 
       00 19 04 93 
       00 77 00 19 
       04 66 00 6E 
       00 19 55 75 
       00 70 00 12 
       00 10 19 04 
       9B 00 6A 00 
       19 04 93 00 
       77 00 19 55 
       75 00 70 00 
       12 00 39 19 
       04 A3 00 4C 
       00 19 04 A2 
       00 57 00 19 
       55 83 00 4D 
       00 12 00 39 
       19 04 C2 00 
       67 00 19 04 
       9B 00 6A 00 
       19 55 A2 00 
       57 00 12 00 
       39 19 04 C2 
       00 67 00 19 
       04 B6 00 78 
       00 19 55 9B 
       00 6A 00 12 
       00 39 19 04 
       A3 00 4C 00 
       19 04 83 00 
       4D 00 19 55 
       7A 00 3E 00 
       12 00 39 19 
       04 A2 00 57 
       00 19 04 9B 
       00 6A 00 19 
       55 81 00 63 
       00 12 00 39 
       19 04 ED 00 
       78 00 19 04 
       C2 00 67 00 
       19 55 CE 00 
       61 00 12 00 
       00 19 04 C7 
       00 87 00 19 
       04 B2 00 87 
       00 19 55 B6 
       00 78 00 12 
       00 10 19 04 
       9B 00 6A 00 
       19 04 75 00 
       70 00 19 55 
       81 00 63 00 
       12 00 39 19 
       04 A2 00 57 
       00 19 04 81 
       00 63 00 19 
       55 83 00 4D 
       00 12 00 24 
       19 04 D8 00 
       78 00 19 04 
       B6 00 78 00 
       19 55 C2 00 
       67 00 12 00 
       24 19 04 FA 
       00 86 00 19 
       04 ED 00 78 
       00 19 55 CE 
       00 61 00 12 
       00 00 19 04 
       C7 00 87 00 
       19 04 C5 00 
       9B 00 19 55 
       B2 00 87 00 
       12 00 39 19 
       04 ED 00 78 
       00 19 04 D8 
       00 78 00 19 
       55 C2 00 67 
       00 12 00 24 
       19 04 D8 00 
       78 00 19 04 
       C7 00 87 00 
       19 55 B6 00 
       78 00 12 00 
       00 19 04 81 
       00 63 00 19 
       04 75 00 70 
       00 19 55 65 
       00 77 00 12 
       00 39 19 04 
       6A 00 3D 00 
       19 04 7A 00 
       3E 00 19 55 
       63 00 3E 00 
       12 00 24 19 
       04 83 00 4D 
       00 19 04 81 
       00 63 00 19 
       55 75 00 67 
       00 12 00 39 
       19 04 7A 00 
       3E 00 19 04 
       83 00 4D 00 
       19 55 75 00 
       50 00 12 00 
       00 19 04 E5 
       00 C4 00 19 
       04 F7 00 9A 
       00 19 55 E7 
       00 A7 00 12 
       00 00 19 04 
       81 00 63 00 
       19 04 65 00 
       77 00 19 55 
       75 00 67 00 
       12 00 24 19 
       04 FA 00 B7 
       00 19 04 FA 
       00 86 00 19 
       55 F7 00 9A 
       00 12 00 24 
       19 04 83 00 
       4D 00 19 04 
       75 00 67 00 
       19 55 75 00 
       50 00 12 00 
       39 19 04 6A 
       00 3D 00 19 
       04 63 00 3E 
       00 19 55 49 
       00 3E 00 12 
       00 39 19 04 
       7A 00 3E 00 
       19 04 75 00 
       50 00 19 55 
       63 00 3E 00 
       12 00 39 19 
       04 FE 00 9B 
       00 19 04 ED 
       00 78 00 19 
       55 FA 00 86 
       00 12 00 39 
       19 04 ED 00 
       85 00 19 04 
       D8 00 78 00 
       19 55 ED 00 
       78 00 12 00 
       00 19 04 E5 
       00 C4 00 19 
       04 FA 00 B7 
       00 19 55 F7 
       00 9A 00 12 
       00 39 19 04 
       ED 00 85 00 
       19 04 D5 00 
       81 00 19 55 
       D8 00 78 00 
       12 00 24 19 
       04 FA 00 B7 
       00 19 04 FE 
       00 9B 00 19 
       55 FA 00 86 
       00 12 00 39 
       19 04 FE 00 
       9B 00 19 04 
       ED 00 85 00 
       19 55 ED 00 
       78 00 12 00 
       24 19 04 63 
       00 3E 00 19 
       04 75 00 50 
       00 19 55 86 
       00 61 00 12 
       00 39 19 04 
       49 00 3E 00 
       19 04 63 00 
       3E 00 19 55 
       79 00 55 00 
       12 00 00 19 
       04 9B 00 B9 
       00 19 04 E5 
       00 C4 00 19 
       55 CD 00 BD 
       00 12 00 00 
       19 04 3A 00 
       67 00 19 04 
       38 00 4F 00 
       19 55 4D 00 
       78 00 12 00 
       24 19 04 38 
       00 4F 00 19 
       04 49 00 3E 
       00 19 55 60 
       00 5E 00 12 
       00 24 19 04 
       63 00 3E 00 
       19 04 86 00 
       61 00 19 55 
       79 00 55 00 
       12 00 10 19 
       04 A2 00 C0 
       00 19 04 FA 
       00 B7 00 19 
       55 E5 00 C4 
       00 12 00 00 
       19 04 3A 00 
       67 00 19 04 
       4D 00 78 00 
       19 55 4C 00 
       90 00 12 00 
       00 19 04 9B 
       00 B9 00 19 
       04 A2 00 C0 
       00 19 55 E5 
       00 C4 00 12 
       00 39 19 04 
       49 00 3E 00 
       19 04 79 00 
       55 00 19 55 
       60 00 5E 00 
       12 00 39 19 
       04 BC 00 8E 
       00 19 04 ED 
       00 85 00 19 
       55 FE 00 9B 
       00 12 00 24 
       19 04 38 00 
       4F 00 19 04 
       60 00 5E 00 
       19 55 4D 00 
       78 00 12 00 
       00 19 04 5D 
       00 97 00 19 
       04 A2 00 C0 
       00 19 55 9B 
       00 B9 00 12 
       00 39 19 04 
       B1 00 AE 00 
       19 04 FE 00 
       9B 00 19 55 
       FA 00 B7 00 
       12 00 00 19 
       04 5D 00 97 
       00 19 04 4C 
       00 90 00 19 
       55 A2 00 C0 
       00 12 00 39 
       19 04 BC 00 
       8E 00 19 04 
       BC 00 78 00 
       19 55 ED 00 
       85 00 12 00 
       10 19 04 A2 
       00 C0 00 19 
       04 B1 00 AE 
       00 19 55 FA 
       00 B7 00 12 
       00 39 19 04 
       60 00 5E 00 
       19 04 79 00 
       55 00 19 55 
       BC 00 78 00 
       12 00 39 19 
       04 B1 00 AE 
       00 19 04 BC 
       00 8E 00 19 
       55 FE 00 9B 
       00 12 00 14 
       19 04 4C 00 
       90 00 19 04 
       B1 00 AE 00 
       19 55 A2 00 
       C0 00 12 00 
       14 19 04 4C 
       00 90 00 19 
       04 4D 00 78 
       00 19 55 B1 
       00 AE 00 12 
       00 39 19 04 
       60 00 5E 00 
       19 04 BC 00 
       78 00 19 55 
       BC 00 8E 00 
       12 00 39 19 
       04 4D 00 78 
       00 19 04 60 
       00 5E 00 19 
       55 BC 00 8E 
       00 12 00 39 
       19 04 4D 00 
       78 00 19 04 
       BC 00 8E 00 
       19 55 B1 00 
       AE 00 41 05 
       10 12 00 00 
       19 04 B5 00 
       87 00 19 04 
       BC 00 8D 00 
       19 55 93 00 
       78 00 12 00 
       00 19 04 96 
       00 77 00 19 
       04 93 00 78 
       00 19 55 69 
       00 6F 00 12 
       00 00 19 04 
       B5 00 87 00 
       19 04 93 00 
       78 00 19 55 
       96 00 77 00 
       12 00 39 19 
       04 D1 00 61 
       00 19 04 A4 
       00 57 00 19 
       55 A6 00 4C 
       00 12 00 00 
       19 04 96 00 
       77 00 19 04 
       69 00 6F 00 
       19 55 77 00 
       71 00 12 00 
       14 19 04 B8 
       00 78 00 19 
       04 B5 00 87 
       00 19 55 96 
       00 77 00 12 
       00 14 19 04 
       B8 00 78 00 
       19 04 96 00 
       77 00 19 55 
       9D 00 6A 00 
       12 00 14 19 
       04 9D 00 6A 
       00 19 04 96 
       00 77 00 19 
       55 77 00 71 
       00 12 00 39 
       19 04 FD 00 
       86 00 19 04 
       D1 00 61 00 
       19 55 D6 00 
       68 00 12 00 
       39 19 04 D1 
       00 61 00 19 
       04 C4 00 67 
       00 19 55 A4 
       00 57 00 12 
       00 39 19 04 
       A6 00 4C 00 
       19 04 A4 00 
       57 00 19 55 
       85 00 4E 00 
       12 00 39 19 
       04 C4 00 67 
       00 19 04 9D 
       00 6A 00 19 
       55 A4 00 57 
       00 12 00 39 
       19 04 A6 00 
       4C 00 19 04 
       85 00 4E 00 
       19 55 7B 00 
       3F 00 12 00 
       39 19 04 C4 
       00 67 00 19 
       04 B8 00 78 
       00 19 55 9D 
       00 6A 00 12 
       00 39 19 04 
       A4 00 57 00 
       19 04 9D 00 
       6A 00 19 55 
       83 00 63 00 
       12 00 14 19 
       04 9D 00 6A 
       00 19 04 77 
       00 71 00 19 
       55 83 00 63 
       00 12 00 00 
       19 04 C8 00 
       87 00 19 04 
       B5 00 87 00 
       19 55 B8 00 
       78 00 12 00 
       39 19 04 A4 
       00 57 00 19 
       04 83 00 63 
       00 19 55 85 
       00 4E 00 12 
       00 39 19 04 
       EF 00 77 00 
       19 04 C4 00 
       67 00 19 55 
       D1 00 61 00 
       12 00 24 19 
       04 D9 00 78 
       00 19 04 B8 
       00 78 00 19 
       55 C4 00 67 
       00 12 00 00 
       19 04 C8 00 
       87 00 19 04 
       C7 00 9B 00 
       19 55 B5 00 
       87 00 12 00 
       39 19 04 FD 
       00 86 00 19 
       04 EF 00 77 
       00 19 55 D1 
       00 61 00 12 
       00 00 19 04 
       83 00 63 00 
       19 04 77 00 
       71 00 19 55 
       65 00 77 00 
       12 00 39 19 
       04 6D 00 3F 
       00 19 04 7B 
       00 3F 00 19 
       55 61 00 3F 
       00 12 00 24 
       19 04 D9 00 
       78 00 19 04 
       C8 00 87 00 
       19 55 B8 00 
       78 00 12 00 
       39 19 04 EF 
       00 77 00 19 
       04 D9 00 78 
       00 19 55 C4 
       00 67 00 12 
       00 24 19 04 
       85 00 4E 00 
       19 04 83 00 
       63 00 19 55 
       75 00 68 00 
       12 00 39 19 
       04 7B 00 3F 
       00 19 04 85 
       00 4E 00 19 
       55 74 00 50 
       00 12 00 00 
       19 04 83 00 
       63 00 19 04 
       65 00 77 00 
       19 55 75 00 
       68 00 12 00 
       39 19 04 6D 
       00 3F 00 19 
       04 61 00 3F 
       00 19 55 48 
       00 3F 00 12 
       00 24 19 04 
       85 00 4E 00 
       19 04 75 00 
       68 00 19 55 
       74 00 50 00 
       12 00 00 19 
       04 E4 00 C5 
       00 19 04 FB 
       00 9A 00 19 
       55 EA 00 A7 
       00 12 00 39 
       19 04 7B 00 
       3F 00 19 04 
       74 00 50 00 
       19 55 61 00 
       3F 00 12 00 
       24 19 04 F9 
       00 B7 00 19 
       04 FD 00 86 
       00 19 55 FB 
       00 9A 00 12 
       00 39 19 04 
       EB 00 84 00 
       19 04 D9 00 
       78 00 19 55 
       EF 00 77 00 
       12 00 39 19 
       04 FC 00 9B 
       00 19 04 EF 
       00 77 00 19 
       55 FD 00 86 
       00 12 00 39 
       19 04 EB 00 
       84 00 19 04 
       D3 00 80 00 
       19 55 D9 00 
       78 00 12 00 
       00 19 04 E4 
       00 C5 00 19 
       04 F9 00 B7 
       00 19 55 FB 
       00 9A 00 12 
       00 39 19 04 
       61 00 3F 00 
       19 04 74 00 
       50 00 19 55 
       82 00 61 00 
       12 00 39 19 
       04 FC 00 9B 
       00 19 04 EB 
       00 84 00 19 
       55 EF 00 77 
       00 12 00 24 
       19 04 F9 00 
       B7 00 19 04 
       FC 00 9B 00 
       19 55 FD 00 
       86 00 12 00 
       00 19 04 3B 
       00 68 00 19 
       04 38 00 51 
       00 19 55 46 
       00 78 00 12 
       00 39 19 04 
       48 00 3F 00 
       19 04 61 00 
       3F 00 19 55 
       73 00 56 00 
       12 00 24 19 
       04 38 00 51 
       00 19 04 48 
       00 3F 00 19 
       55 59 00 5E 
       00 12 00 00 
       19 04 96 00 
       B9 00 19 04 
       E4 00 C5 00 
       19 55 CC 00 
       BE 00 12 00 
       39 19 04 61 
       00 3F 00 19 
       04 82 00 61 
       00 19 55 73 
       00 56 00 12 
       00 00 19 04 
       3B 00 68 00 
       19 04 46 00 
       78 00 19 55 
       48 00 90 00 
       12 00 39 19 
       04 48 00 3F 
       00 19 04 73 
       00 56 00 19 
       55 59 00 5E 
       00 12 00 24 
       19 04 38 00 
       51 00 19 04 
       59 00 5E 00 
       19 55 46 00 
       78 00 12 00 
       14 19 04 9B 
       00 BF 00 19 
       04 F9 00 B7 
       00 19 55 E4 
       00 C5 00 12 
       00 00 19 04 
       96 00 B9 00 
       19 04 9B 00 
       BF 00 19 55 
       E4 00 C5 00 
       12 00 00 19 
       04 5A 00 97 
       00 19 04 9B 
       00 BF 00 19 
       55 96 00 B9 
       00 12 00 00 
       19 04 5A 00 
       97 00 19 04 
       48 00 90 00 
       19 55 9B 00 
       BF 00 12 00 
       39 19 04 B3 
       00 8D 00 19 
       04 EB 00 84 
       00 19 55 FC 
       00 9B 00 12 
       00 39 19 04 
       A8 00 AD 00 
       19 04 FC 00 
       9B 00 19 55 
       F9 00 B7 00 
       12 00 39 19 
       04 B3 00 8D 
       00 19 04 B4 
       00 77 00 19 
       55 EB 00 84 
       00 12 00 39 
       19 04 59 00 
       5E 00 19 04 
       73 00 56 00 
       19 55 B4 00 
       77 00 12 00 
       14 19 04 9B 
       00 BF 00 19 
       04 A8 00 AD 
       00 19 55 F9 
       00 B7 00 12 
       00 14 19 04 
       48 00 90 00 
       19 04 46 00 
       78 00 19 55 
       A8 00 AD 00 
       12 00 14 19 
       04 48 00 90 
       00 19 04 A8 
       00 AD 00 19 
       55 9B 00 BF 
       00 12 00 39 
       19 04 A8 00 
       AD 00 19 04 
       B3 00 8D 00 
       19 55 FC 00 
       9B 00 12 00 
       39 19 04 59 
       00 5E 00 19 
       04 B4 00 77 
       00 19 55 B3 
       00 8D 00 12 
       00 39 19 04 
       46 00 78 00 
       19 04 59 00 
       5E 00 19 55 
       B3 00 8D 00 
       12 00 39 19 
       04 46 00 78 
       00 19 04 B3 
       00 8D 00 19 
       55 A8 00 AD 
       00 41 05 10 
       12 00 00 19 
       04 B8 00 88 
       00 19 04 C0 
       00 8D 00 19 
       55 98 00 78 
       00 12 00 00 
       19 04 9A 00 
       78 00 19 04 
       98 00 78 00 
       19 55 6D 00 
       6F 00 12 00 
       00 19 04 B8 
       00 88 00 19 
       04 98 00 78 
       00 19 55 9A 
       00 78 00 12 
       00 39 19 04 
       D4 00 61 00 
       19 04 A7 00 
       57 00 19 55 
       A9 00 4C 00 
       12 00 00 19 
       04 9A 00 78 
       00 19 04 6D 
       00 6F 00 19 
       55 7A 00 71 
       00 12 00 14 
       19 04 A0 00 
       6A 00 19 04 
       9A 00 78 00 
       19 55 7A 00 
       71 00 12 00 
       10 19 04 BB 
       00 78 00 19 
       04 B8 00 88 
       00 19 55 9A 
       00 78 00 12 
       00 10 19 04 
       BB 00 78 00 
       19 04 9A 00 
       78 00 19 55 
       A0 00 6A 00 
       12 00 39 19 
       04 A9 00 4C 
       00 19 04 A7 
       00 57 00 19 
       55 86 00 4E 
       00 12 00 39 
       19 04 D4 00 
       61 00 19 04 
       C7 00 67 00 
       19 55 A7 00 
       57 00 12 00 
       39 19 04 A9 
       00 4C 00 19 
       04 86 00 4E 
       00 19 55 7D 
       00 40 00 12 
       00 39 19 04 
       C7 00 67 00 
       19 04 A0 00 
       6A 00 19 55 
       A7 00 57 00 
       12 00 39 19 
       04 00 01 85 
       00 19 04 D4 
       00 61 00 19 
       55 DB 00 68 
       00 12 00 39 
       19 04 A7 00 
       57 00 19 04 
       A0 00 6A 00 
       19 55 85 00 
       64 00 12 00 
       39 19 04 C7 
       00 67 00 19 
       04 BB 00 78 
       00 19 55 A0 
       00 6A 00 12 
       00 14 19 04 
       A0 00 6A 00 
       19 04 7A 00 
       71 00 19 55 
       85 00 64 00 
       12 00 39 19 
       04 A7 00 57 
       00 19 04 85 
       00 64 00 19 
       55 86 00 4E 
       00 12 00 00 
       19 04 C9 00 
       87 00 19 04 
       B8 00 88 00 
       19 55 BB 00 
       78 00 12 00 
       39 19 04 F1 
       00 77 00 19 
       04 C7 00 67 
       00 19 55 D4 
       00 61 00 12 
       00 39 19 04 
       70 00 40 00 
       19 04 7D 00 
       40 00 19 55 
       60 00 40 00 
       12 00 24 19 
       04 D9 00 77 
       00 19 04 BB 
       00 78 00 19 
       55 C7 00 67 
       00 12 00 00 
       19 04 85 00 
       64 00 19 04 
       7A 00 71 00 
       19 55 66 00 
       78 00 12 00 
       00 19 04 C9 
       00 87 00 19 
       04 C8 00 9B 
       00 19 55 B8 
       00 88 00 12 
       00 39 19 04 
       00 01 85 00 
       19 04 F1 00 
       77 00 19 55 
       D4 00 61 00 
       12 00 39 19 
       04 7D 00 40 
       00 19 04 86 
       00 4E 00 19 
       55 73 00 51 
       00 12 00 24 
       19 04 86 00 
       4E 00 19 04 
       85 00 64 00 
       19 55 75 00 
       68 00 12 00 
       24 19 04 D9 
       00 77 00 19 
       04 C9 00 87 
       00 19 55 BB 
       00 78 00 12 
       00 39 19 04 
       F1 00 77 00 
       19 04 D9 00 
       77 00 19 55 
       C7 00 67 00 
       12 00 00 19 
       04 85 00 64 
       00 19 04 66 
       00 78 00 19 
       55 75 00 68 
       00 12 00 39 
       19 04 70 00 
       40 00 19 04 
       60 00 40 00 
       19 55 48 00 
       41 00 12 00 
       24 19 04 86 
       00 4E 00 19 
       04 75 00 68 
       00 19 55 73 
       00 51 00 12 
       00 39 19 04 
       7D 00 40 00 
       19 04 73 00 
       51 00 19 55 
       60 00 40 00 
       12 00 00 19 
       04 E2 00 C5 
       00 19 04 FE 
       00 9A 00 19 
       55 ED 00 A8 
       00 12 00 24 
       19 04 F6 00 
       B7 00 19 04 
       00 01 85 00 
       19 55 FE 00 
       9A 00 12 00 
       39 19 04 E8 
       00 83 00 19 
       04 D9 00 77 
       00 19 55 F1 
       00 77 00 12 
       00 39 19 04 
       F9 00 9B 00 
       19 04 F1 00 
       77 00 19 55 
       00 01 85 00 
       12 00 39 19 
       04 60 00 40 
       00 19 04 73 
       00 51 00 19 
       55 7E 00 61 
       00 12 00 39 
       19 04 E8 00 
       83 00 19 04 
       D0 00 80 00 
       19 55 D9 00 
       77 00 12 00 
       00 19 04 3D 
       00 69 00 19 
       04 39 00 52 
       00 19 55 41 
       00 78 00 12 
       00 00 19 04 
       E2 00 C5 00 
       19 04 F6 00 
       B7 00 19 55 
       FE 00 9A 00 
       12 00 39 19 
       04 48 00 41 
       00 19 04 60 
       00 40 00 19 
       55 6D 00 56 
       00 12 00 24 
       19 04 39 00 
       52 00 19 04 
       48 00 41 00 
       19 55 53 00 
       5E 00 12 00 
       39 19 04 F9 
       00 9B 00 19 
       04 E8 00 83 
       00 19 55 F1 
       00 77 00 12 
       00 24 19 04 
       F6 00 B7 00 
       19 04 F9 00 
       9B 00 19 55 
       00 01 85 00 
       12 00 39 19 
       04 60 00 40 
       00 19 04 7E 
       00 61 00 19 
       55 6D 00 56 
       00 12 00 00 
       19 04 91 00 
       B8 00 19 04 
       E2 00 C5 00 
       19 55 CB 00 
       BE 00 12 00 
       00 19 04 3D 
       00 69 00 19 
       04 41 00 78 
       00 19 55 44 
       00 8F 00 12 
       00 39 19 04 
       48 00 41 00 
       19 04 6D 00 
       56 00 19 55 
       53 00 5E 00 
       12 00 24 19 
       04 39 00 52 
       00 19 04 53 
       00 5E 00 19 
       55 41 00 78 
       00 12 00 00 
       19 04 58 00 
       97 00 19 04 
       93 00 BF 00 
       19 55 91 00 
       B8 00 12 00 
       00 19 04 91 
       00 B8 00 19 
       04 93 00 BF 
       00 19 55 E2 
       00 C5 00 12 
       00 00 19 04 
       58 00 97 00 
       19 04 44 00 
       8F 00 19 55 
       93 00 BF 00 
       12 00 14 19 
       04 93 00 BF 
       00 19 04 F6 
       00 B7 00 19 
       55 E2 00 C5 
       00 12 00 39 
       19 04 A9 00 
       8C 00 19 04 
       E8 00 83 00 
       19 55 F9 00 
       9B 00 12 00 
       39 19 04 9E 
       00 AD 00 19 
       04 F9 00 9B 
       00 19 55 F6 
       00 B7 00 12 
       00 39 19 04 
       53 00 5E 00 
       19 04 6D 00 
       56 00 19 55 
       AD 00 76 00 
       12 00 39 19 
       04 A9 00 8C 
       00 19 04 AD 
       00 76 00 19 
       55 E8 00 83 
       00 12 00 10 
       19 04 44 00 
       8F 00 19 04 
       41 00 78 00 
       19 55 9E 00 
       AD 00 12 00 
       14 19 04 93 
       00 BF 00 19 
       04 9E 00 AD 
       00 19 55 F6 
       00 B7 00 12 
       00 10 19 04 
       44 00 8F 00 
       19 04 9E 00 
       AD 00 19 55 
       93 00 BF 00 
       12 00 39 19 
       04 41 00 78 
       00 19 04 53 
       00 5E 00 19 
       55 A9 00 8C 
       00 12 00 39 
       19 04 53 00 
       5E 00 19 04 
       AD 00 76 00 
       19 55 A9 00 
       8C 00 12 00 
       39 19 04 9E 
       00 AD 00 19 
       04 A9 00 8C 
       00 19 55 F9 
       00 9B 00 12 
       00 39 19 04 
       41 00 78 00 
       19 04 A9 00 
       8C 00 19 55 
       9E 00 AD 00 
       41 05 10 12 
       00 00 19 04 
       9D 00 78 00 
       19 04 9C 00 
       78 00 19 55 
       71 00 6F 00 
       12 00 00 19 
       04 BB 00 88 
       00 19 04 C4 
       00 8D 00 19 
       55 9C 00 78 
       00 12 00 00 
       19 04 BB 00 
       88 00 19 04 
       9C 00 78 00 
       19 55 9D 00 
       78 00 12 00 
       00 19 04 9D 
       00 78 00 19 
       04 71 00 6F 
       00 19 55 7C 
       00 71 00 12 
       00 39 19 04 
       D8 00 60 00 
       19 04 A9 00 
       57 00 19 55 
       AD 00 4C 00 
       12 00 14 19 
       04 A3 00 6A 
       00 19 04 9D 
       00 78 00 19 
       55 7C 00 71 
       00 12 00 10 
       19 04 BD 00 
       78 00 19 04 
       BB 00 88 00 
       19 55 9D 00 
       78 00 12 00 
       10 19 04 BD 
       00 78 00 19 
       04 9D 00 78 
       00 19 55 A3 
       00 6A 00 12 
       00 39 19 04 
       AD 00 4C 00 
       19 04 A9 00 
       57 00 19 55 
       88 00 4F 00 
       12 00 39 19 
       04 AD 00 4C 
       00 19 04 88 
       00 4F 00 19 
       55 80 00 40 
       00 12 00 39 
       19 04 C9 00 
       67 00 19 04 
       A3 00 6A 00 
       19 55 A9 00 
       57 00 12 00 
       39 19 04 D8 
       00 60 00 19 
       04 C9 00 67 
       00 19 55 A9 
       00 57 00 12 
       00 39 19 04 
       A9 00 57 00 
       19 04 A3 00 
       6A 00 19 55 
       86 00 64 00 
       12 00 14 19 
       04 A3 00 6A 
       00 19 04 7C 
       00 71 00 19 
       55 86 00 64 
       00 12 00 39 
       19 04 C9 00 
       67 00 19 04 
       BD 00 78 00 
       19 55 A3 00 
       6A 00 12 00 
       39 19 04 02 
       01 86 00 19 
       04 D8 00 60 
       00 19 55 DF 
       00 68 00 12 
       00 39 19 04 
       A9 00 57 00 
       19 04 86 00 
       64 00 19 55 
       88 00 4F 00 
       12 00 00 19 
       04 CA 00 87 
       00 19 04 BB 
       00 88 00 19 
       55 BD 00 78 
       00 12 00 39 
       19 04 74 00 
       41 00 19 04 
       80 00 40 00 
       19 55 60 00 
       41 00 12 00 
       00 19 04 86 
       00 64 00 19 
       04 7C 00 71 
       00 19 55 67 
       00 78 00 12 
       00 39 19 04 
       F2 00 77 00 
       19 04 C9 00 
       67 00 19 55 
       D8 00 60 00 
       12 00 00 19 
       04 CA 00 87 
       00 19 04 CA 
       00 9B 00 19 
       55 BB 00 88 
       00 12 00 24 
       19 04 DA 00 
       77 00 19 04 
       BD 00 78 00 
       19 55 C9 00 
       67 00 12 00 
       39 19 04 80 
       00 40 00 19 
       04 88 00 4F 
       00 19 55 73 
       00 51 00 12 
       00 24 19 04 
       88 00 4F 00 
       19 04 86 00 
       64 00 19 55 
       75 00 68 00 
       12 00 39 19 
       04 02 01 86 
       00 19 04 F2 
       00 77 00 19 
       55 D8 00 60 
       00 12 00 00 
       19 04 86 00 
       64 00 19 04 
       67 00 78 00 
       19 55 75 00 
       68 00 12 00 
       24 19 04 DA 
       00 77 00 19 
       04 CA 00 87 
       00 19 55 BD 
       00 78 00 12 
       00 39 19 04 
       74 00 41 00 
       19 04 60 00 
       41 00 19 55 
       49 00 42 00 
       12 00 39 19 
       04 F2 00 77 
       00 19 04 DA 
       00 77 00 19 
       55 C9 00 67 
       00 12 00 24 
       19 04 88 00 
       4F 00 19 04 
       75 00 68 00 
       19 55 73 00 
       51 00 12 00 
       39 19 04 80 
       00 40 00 19 
       04 73 00 51 
       00 19 55 60 
       00 41 00 12 
       00 00 19 04 
       DE 00 C6 00 
       19 04 01 01 
       9B 00 19 55 
       F0 00 A9 00 
       12 00 24 19 
       04 F2 00 B8 
       00 19 04 02 
       01 86 00 19 
       55 01 01 9B 
       00 12 00 39 
       19 04 60 00 
       41 00 19 04 
       73 00 51 00 
       19 55 7A 00 
       62 00 12 00 
       39 19 04 E4 
       00 83 00 19 
       04 DA 00 77 
       00 19 55 F2 
       00 77 00 12 
       00 00 19 04 
       3F 00 6A 00 
       19 04 3B 00 
       53 00 19 55 
       3C 00 78 00 
       12 00 39 19 
       04 F4 00 9B 
       00 19 04 F2 
       00 77 00 19 
       55 02 01 86 
       00 12 00 39 
       19 04 49 00 
       42 00 19 04 
       60 00 41 00 
       19 55 68 00 
       56 00 12 00 
       24 19 04 3B 
       00 53 00 19 
       04 49 00 42 
       00 19 55 4D 
       00 5F 00 12 
       00 39 19 04 
       E4 00 83 00 
       19 04 CE 00 
       80 00 19 55 
       DA 00 77 00 
       12 00 00 19 
       04 DE 00 C6 
       00 19 04 F2 
       00 B8 00 19 
       55 01 01 9B 
       00 12 00 39 
       19 04 60 00 
       41 00 19 04 
       7A 00 62 00 
       19 55 68 00 
       56 00 12 00 
       00 19 04 3F 
       00 6A 00 19 
       04 3C 00 78 
       00 19 55 40 
       00 8F 00 12 
       00 39 19 04 
       F4 00 9B 00 
       19 04 E4 00 
       83 00 19 55 
       F2 00 77 00 
       12 00 24 19 
       04 F2 00 B8 
       00 19 04 F4 
       00 9B 00 19 
       55 02 01 86 
       00 12 00 39 
       19 04 49 00 
       42 00 19 04 
       68 00 56 00 
       19 55 4D 00 
       5F 00 12 00 
       00 19 04 8C 
       00 B8 00 19 
       04 DE 00 C6 
       00 19 55 C8 
       00 BF 00 12 
       00 24 19 04 
       3B 00 53 00 
       19 04 4D 00 
       5F 00 19 55 
       3C 00 78 00 
       12 00 00 19 
       04 55 00 96 
       00 19 04 40 
       00 8F 00 19 
       55 8B 00 BE 
       00 12 00 00 
       19 04 55 00 
       96 00 19 04 
       8B 00 BE 00 
       19 55 8C 00 
       B8 00 12 00 
       00 19 04 8C 
       00 B8 00 19 
       04 8B 00 BE 
       00 19 55 DE 
       00 C6 00 12 
       00 14 19 04 
       8B 00 BE 00 
       19 04 F2 00 
       B8 00 19 55 
       DE 00 C6 00 
       12 00 39 19 
       04 4D 00 5F 
       00 19 04 68 
       00 56 00 19 
       55 A5 00 76 
       00 12 00 39 
       19 04 9F 00 
       8C 00 19 04 
       E4 00 83 00 
       19 55 F4 00 
       9B 00 12 00 
       10 19 04 40 
       00 8F 00 19 
       04 3C 00 78 
       00 19 55 93 
       00 AC 00 12 
       00 39 19 04 
       93 00 AC 00 
       19 04 F4 00 
       9B 00 19 55 
       F2 00 B8 00 
       12 00 39 19 
       04 9F 00 8C 
       00 19 04 A5 
       00 76 00 19 
       55 E4 00 83 
       00 12 00 10 
       19 04 40 00 
       8F 00 19 04 
       93 00 AC 00 
       19 55 8B 00 
       BE 00 12 00 
       39 19 04 3C 
       00 78 00 19 
       04 4D 00 5F 
       00 19 55 9F 
       00 8C 00 12 
       00 14 19 04 
       8B 00 BE 00 
       19 04 93 00 
       AC 00 19 55 
       F2 00 B8 00 
       12 00 39 19 
       04 4D 00 5F 
       00 19 04 A5 
       00 76 00 19 
       55 9F 00 8C 
       00 12 00 39 
       19 04 93 00 
       AC 00 19 04 
       9F 00 8C 00 
       19 55 F4 00 
       9B 00 12 00 
       39 19 04 3C 
       00 78 00 19 
       04 9F 00 8C 
       00 19 55 93 
       00 AC 00 41 
       05 10 12 00 
       00 19 04 A0 
       00 78 00 19 
       04 A1 00 78 
       00 19 55 75 
       00 6F 00 12 
       00 00 19 04 
       BE 00 88 00 
       19 04 C8 00 
       8D 00 19 55 
       A1 00 78 00 
       12 00 00 19 
       04 BE 00 88 
       00 19 04 A1 
       00 78 00 19 
       55 A0 00 78 
       00 12 00 00 
       19 04 A0 00 
       78 00 19 04 
       75 00 6F 00 
       19 55 7F 00 
       71 00 12 00 
       10 19 04 A5 
       00 6A 00 19 
       04 A0 00 78 
       00 19 55 7F 
       00 71 00 12 
       00 39 19 04 
       DB 00 60 00 
       19 04 AC 00 
       57 00 19 55 
       B0 00 4C 00 
       12 00 10 19 
       04 BF 00 78 
       00 19 04 BE 
       00 88 00 19 
       55 A0 00 78 
       00 12 00 39 
       19 04 B0 00 
       4C 00 19 04 
       AC 00 57 00 
       19 55 8A 00 
       4F 00 12 00 
       10 19 04 BF 
       00 78 00 19 
       04 A0 00 78 
       00 19 55 A5 
       00 6A 00 12 
       00 39 19 04 
       B0 00 4C 00 
       19 04 8A 00 
       4F 00 19 55 
       82 00 40 00 
       12 00 10 19 
       04 A5 00 6A 
       00 19 04 7F 
       00 71 00 19 
       55 88 00 64 
       00 12 00 39 
       19 04 AC 00 
       57 00 19 04 
       A5 00 6A 00 
       19 55 88 00 
       64 00 12 00 
       39 19 04 CB 
       00 66 00 19 
       04 A5 00 6A 
       00 19 55 AC 
       00 57 00 12 
       00 39 19 04 
       DB 00 60 00 
       19 04 CB 00 
       66 00 19 55 
       AC 00 57 00 
       12 00 39 19 
       04 AC 00 57 
       00 19 04 88 
       00 64 00 19 
       55 8A 00 4F 
       00 12 00 39 
       19 04 CB 00 
       66 00 19 04 
       BF 00 78 00 
       19 55 A5 00 
       6A 00 12 00 
       39 19 04 78 
       00 41 00 19 
       04 82 00 40 
       00 19 55 60 
       00 42 00 12 
       00 00 19 04 
       88 00 64 00 
       19 04 7F 00 
       71 00 19 55 
       68 00 78 00 
       12 00 39 19 
       04 04 01 86 
       00 19 04 DB 
       00 60 00 19 
       55 E4 00 68 
       00 12 00 00 
       19 04 CA 00 
       87 00 19 04 
       BE 00 88 00 
       19 55 BF 00 
       78 00 12 00 
       39 19 04 82 
       00 40 00 19 
       04 8A 00 4F 
       00 19 55 73 
       00 52 00 12 
       00 24 19 04 
       8A 00 4F 00 
       19 04 88 00 
       64 00 19 55 
       75 00 68 00 
       12 00 39 19 
       04 F3 00 77 
       00 19 04 CB 
       00 66 00 19 
       55 DB 00 60 
       00 12 00 00 
       19 04 CA 00 
       87 00 19 04 
       CA 00 9C 00 
       19 55 BE 00 
       88 00 12 00 
       24 19 04 DA 
       00 77 00 19 
       04 BF 00 78 
       00 19 55 CB 
       00 66 00 12 
       00 39 19 04 
       78 00 41 00 
       19 04 60 00 
       42 00 19 55 
       4A 00 43 00 
       12 00 00 19 
       04 88 00 64 
       00 19 04 68 
       00 78 00 19 
       55 75 00 68 
       00 12 00 39 
       19 04 82 00 
       40 00 19 04 
       73 00 52 00 
       19 55 60 00 
       42 00 12 00 
       24 19 04 8A 
       00 4F 00 19 
       04 75 00 68 
       00 19 55 73 
       00 52 00 12 
       00 24 19 04 
       DA 00 77 00 
       19 04 CA 00 
       87 00 19 55 
       BF 00 78 00 
       12 00 39 19 
       04 04 01 86 
       00 19 04 F3 
       00 77 00 19 
       55 DB 00 60 
       00 12 00 39 
       19 04 F3 00 
       77 00 19 04 
       DA 00 77 00 
       19 55 CB 00 
       66 00 12 00 
       00 19 04 DA 
       00 C8 00 19 
       04 03 01 9C 
       00 19 55 F2 
       00 AA 00 12 
       00 00 19 04 
       42 00 6A 00 
       19 04 3E 00 
       54 00 19 55 
       38 00 78 00 
       12 00 39 19 
       04 60 00 42 
       00 19 04 73 
       00 52 00 19 
       55 77 00 62 
       00 12 00 24 
       19 04 3E 00 
       54 00 19 04 
       4A 00 43 00 
       19 55 48 00 
       5F 00 12 00 
       39 19 04 4A 
       00 43 00 19 
       04 60 00 42 
       00 19 55 64 
       00 57 00 12 
       00 24 19 04 
       ED 00 BA 00 
       19 04 04 01 
       86 00 19 55 
       03 01 9C 00 
       12 00 39 19 
       04 E0 00 84 
       00 19 04 DA 
       00 77 00 19 
       55 F3 00 77 
       00 12 00 39 
       19 04 F0 00 
       9C 00 19 04 
       F3 00 77 00 
       19 55 04 01 
       86 00 12 00 
       39 19 04 60 
       00 42 00 19 
       04 77 00 62 
       00 19 55 64 
       00 57 00 12 
       00 00 19 04 
       42 00 6A 00 
       19 04 38 00 
       78 00 19 55 
       3E 00 8E 00 
       12 00 39 19 
       04 E0 00 84 
       00 19 04 CB 
       00 80 00 19 
       55 DA 00 77 
       00 12 00 00 
       19 04 DA 00 
       C8 00 19 04 
       ED 00 BA 00 
       19 55 03 01 
       9C 00 12 00 
       39 19 04 4A 
       00 43 00 19 
       04 64 00 57 
       00 19 55 48 
       00 5F 00 12 
       00 24 19 04 
       3E 00 54 00 
       19 04 48 00 
       5F 00 19 55 
       38 00 78 00 
       12 00 39 19 
       04 F0 00 9C 
       00 19 04 E0 
       00 84 00 19 
       55 F3 00 77 
       00 12 00 24 
       19 04 ED 00 
       BA 00 19 04 
       F0 00 9C 00 
       19 55 04 01 
       86 00 12 00 
       00 19 04 87 
       00 B8 00 19 
       04 DA 00 C8 
       00 19 55 C5 
       00 BF 00 12 
       00 00 19 04 
       53 00 95 00 
       19 04 3E 00 
       8E 00 19 55 
       83 00 BE 00 
       12 00 00 19 
       04 53 00 95 
       00 19 04 83 
       00 BE 00 19 
       55 87 00 B8 
       00 12 00 00 
       19 04 87 00 
       B8 00 19 04 
       83 00 BE 00 
       19 55 DA 00 
       C8 00 12 00 
       10 19 04 83 
       00 BE 00 19 
       04 ED 00 BA 
       00 19 55 DA 
       00 C8 00 12 
       00 39 19 04 
       48 00 5F 00 
       19 04 64 00 
       57 00 19 55 
       9D 00 77 00 
       12 00 10 19 
       04 3E 00 8E 
       00 19 04 38 
       00 78 00 19 
       55 89 00 AD 
       00 12 00 39 
       19 04 95 00 
       8D 00 19 04 
       E0 00 84 00 
       19 55 F0 00 
       9C 00 12 00 
       10 19 04 3E 
       00 8E 00 19 
       04 89 00 AD 
       00 19 55 83 
       00 BE 00 12 
       00 39 19 04 
       38 00 78 00 
       19 04 48 00 
       5F 00 19 55 
       95 00 8D 00 
       12 00 39 19 
       04 95 00 8D 
       00 19 04 9D 
       00 77 00 19 
       55 E0 00 84 
       00 12 00 39 
       19 04 89 00 
       AD 00 19 04 
       F0 00 9C 00 
       19 55 ED 00 
       BA 00 12 00 
       39 19 04 48 
       00 5F 00 19 
       04 9D 00 77 
       00 19 55 95 
       00 8D 00 12 
       00 10 19 04 
       83 00 BE 00 
       19 04 89 00 
       AD 00 19 55 
       ED 00 BA 00 
       12 00 39 19 
       04 38 00 78 
       00 19 04 95 
       00 8D 00 19 
       55 89 00 AD 
       00 12 00 39 
       19 04 89 00 
       AD 00 19 04 
       95 00 8D 00 
       19 55 F0 00 
       9C 00 41 05 
       10 12 00 39 
       19 04 E8 00 
       68 00 19 04 
       B4 00 4C 00 
       19 55 B4 00 
       4E 00 12 00 
       24 19 04 B4 
       00 4E 00 19 
       04 85 00 40 
       00 19 55 7C 
       00 41 00 12 
       00 24 19 04 
       B4 00 4E 00 
       19 04 B4 00 
       4C 00 19 55 
       85 00 40 00 
       12 00 10 19 
       04 A8 00 6A 
       00 19 04 A4 
       00 77 00 19 
       55 82 00 71 
       00 12 00 39 
       19 04 E8 00 
       68 00 19 04 
       DE 00 60 00 
       19 55 B4 00 
       4C 00 12 00 
       39 19 04 DE 
       00 60 00 19 
       04 AF 00 57 
       00 19 55 B4 
       00 4C 00 12 
       00 39 19 04 
       B4 00 4C 00 
       19 04 8C 00 
       4F 00 19 55 
       85 00 40 00 
       12 00 39 19 
       04 B4 00 4C 
       00 19 04 AF 
       00 57 00 19 
       55 8C 00 4F 
       00 12 00 00 
       19 04 C1 00 
       78 00 19 04 
       A4 00 77 00 
       19 55 A8 00 
       6A 00 12 00 
       00 19 04 C1 
       00 78 00 19 
       04 C0 00 88 
       00 19 55 A4 
       00 77 00 12 
       00 10 19 04 
       A8 00 6A 00 
       19 04 82 00 
       71 00 19 55 
       8B 00 63 00 
       12 00 39 19 
       04 AF 00 57 
       00 19 04 A8 
       00 6A 00 19 
       55 8B 00 63 
       00 12 00 39 
       19 04 CE 00 
       66 00 19 04 
       A8 00 6A 00 
       19 55 AF 00 
       57 00 12 00 
       39 19 04 AF 
       00 57 00 19 
       04 8B 00 63 
       00 19 55 8C 
       00 4F 00 12 
       00 39 19 04 
       DE 00 60 00 
       19 04 CE 00 
       66 00 19 55 
       AF 00 57 00 
       12 00 39 19 
       04 7C 00 41 
       00 19 04 85 
       00 40 00 19 
       55 61 00 42 
       00 12 00 00 
       19 04 8B 00 
       63 00 19 04 
       82 00 71 00 
       19 55 69 00 
       77 00 12 00 
       39 19 04 CE 
       00 66 00 19 
       04 C1 00 78 
       00 19 55 A8 
       00 6A 00 12 
       00 39 19 04 
       85 00 40 00 
       19 04 8C 00 
       4F 00 19 55 
       73 00 52 00 
       12 00 39 19 
       04 8C 00 4F 
       00 19 04 8B 
       00 63 00 19 
       55 76 00 68 
       00 12 00 39 
       19 04 05 01 
       87 00 19 04 
       DE 00 60 00 
       19 55 E8 00 
       68 00 12 00 
       00 19 04 CA 
       00 87 00 19 
       04 C0 00 88 
       00 19 55 C1 
       00 78 00 12 
       00 39 19 04 
       7C 00 41 00 
       19 04 61 00 
       42 00 19 55 
       4C 00 43 00 
       12 00 00 19 
       04 8B 00 63 
       00 19 04 69 
       00 77 00 19 
       55 76 00 68 
       00 12 00 00 
       19 04 CA 00 
       87 00 19 04 
       CB 00 9C 00 
       19 55 C0 00 
       88 00 12 00 
       39 19 04 F3 
       00 77 00 19 
       04 CE 00 66 
       00 19 55 DE 
       00 60 00 12 
       00 14 19 04 
       DA 00 78 00 
       19 04 C1 00 
       78 00 19 55 
       CE 00 66 00 
       12 00 39 19 
       04 85 00 40 
       00 19 04 73 
       00 52 00 19 
       55 61 00 42 
       00 12 00 39 
       19 04 8C 00 
       4F 00 19 04 
       76 00 68 00 
       19 55 73 00 
       52 00 12 00 
       14 19 04 DA 
       00 78 00 19 
       04 CA 00 87 
       00 19 55 C1 
       00 78 00 12 
       00 39 19 04 
       05 01 87 00 
       19 04 F3 00 
       77 00 19 55 
       DE 00 60 00 
       12 00 39 19 
       04 F3 00 77 
       00 19 04 DA 
       00 78 00 19 
       55 CE 00 66 
       00 12 00 00 
       19 04 44 00 
       69 00 19 04 
       40 00 54 00 
       19 55 35 00 
       78 00 12 00 
       39 19 04 61 
       00 42 00 19 
       04 73 00 52 
       00 19 55 74 
       00 62 00 12 
       00 14 19 04 
       40 00 54 00 
       19 04 4C 00 
       43 00 19 55 
       44 00 60 00 
       12 00 39 19 
       04 4C 00 43 
       00 19 04 61 
       00 42 00 19 
       55 60 00 57 
       00 12 00 00 
       19 04 D5 00 
       CA 00 19 04 
       04 01 9D 00 
       19 55 F3 00 
       AB 00 12 00 
       00 19 04 44 
       00 69 00 19 
       04 35 00 78 
       00 19 55 3B 
       00 8D 00 12 
       00 39 19 04 
       DC 00 85 00 
       19 04 DA 00 
       78 00 19 55 
       F3 00 77 00 
       12 00 39 19 
       04 E7 00 BC 
       00 19 04 05 
       01 87 00 19 
       55 04 01 9D 
       00 12 00 39 
       19 04 61 00 
       42 00 19 04 
       74 00 62 00 
       19 55 60 00 
       57 00 12 00 
       39 19 04 EA 
       00 9E 00 19 
       04 F3 00 77 
       00 19 55 05 
       01 87 00 12 
       00 14 19 04 
       40 00 54 00 
       19 04 44 00 
       60 00 19 55 
       35 00 78 00 
       12 00 39 19 
       04 4C 00 43 
       00 19 04 60 
       00 57 00 19 
       55 44 00 60 
       00 12 00 39 
       19 04 DC 00 
       85 00 19 04 
       C7 00 81 00 
       19 55 DA 00 
       78 00 12 00 
       00 19 04 D5 
       00 CA 00 19 
       04 E7 00 BC 
       00 19 55 04 
       01 9D 00 12 
       00 39 19 04 
       60 00 57 00 
       19 04 74 00 
       62 00 19 55 
       99 00 78 00 
       12 00 39 19 
       04 EA 00 9E 
       00 19 04 DC 
       00 85 00 19 
       55 F3 00 77 
       00 12 00 39 
       19 04 E7 00 
       BC 00 19 04 
       EA 00 9E 00 
       19 55 05 01 
       87 00 12 00 
       24 19 04 96 
       00 77 00 19 
       04 99 00 78 
       00 19 55 C7 
       00 81 00 12 
       00 24 19 04 
       96 00 77 00 
       19 04 C7 00 
       81 00 19 55 
       DC 00 85 00 
       12 00 39 19 
       04 60 00 57 
       00 19 04 99 
       00 78 00 19 
       55 96 00 77 
       00 12 00 39 
       19 04 44 00 
       60 00 19 04 
       60 00 57 00 
       19 55 96 00 
       77 00 12 00 
       00 19 04 3B 
       00 8D 00 19 
       04 35 00 78 
       00 19 55 7F 
       00 AD 00 12 
       00 10 19 04 
       7C 00 BE 00 
       19 04 E7 00 
       BC 00 19 55 
       D5 00 CA 00 
       12 00 39 19 
       04 35 00 78 
       00 19 04 44 
       00 60 00 19 
       55 8B 00 8E 
       00 12 00 00 
       19 04 3B 00 
       8D 00 19 04 
       7F 00 AD 00 
       19 55 7C 00 
       BE 00 12 00 
       39 19 04 8B 
       00 8E 00 19 
       04 DC 00 85 
       00 19 55 EA 
       00 9E 00 12 
       00 39 19 04 
       8B 00 8E 00 
       19 04 96 00 
       77 00 19 55 
       DC 00 85 00 
       12 00 39 19 
       04 44 00 60 
       00 19 04 96 
       00 77 00 19 
       55 8B 00 8E 
       00 12 00 39 
       19 04 7F 00 
       AD 00 19 04 
       EA 00 9E 00 
       19 55 E7 00 
       BC 00 12 00 
       10 19 04 7C 
       00 BE 00 19 
       04 7F 00 AD 
       00 19 55 E7 
       00 BC 00 12 
       00 39 19 04 
       35 00 78 00 
       19 04 8B 00 
       8E 00 19 55 
       7F 00 AD 00 
       12 00 39 19 
       04 7F 00 AD 
       00 19 04 8B 
       00 8E 00 19 
       55 EA 00 9E 
       00 41 05 10 
       12 00 24 19 
       04 B9 00 4E 
       00 19 04 88 
       00 40 00 19 
       55 80 00 40 
       00 12 00 24 
       19 04 B9 00 
       4E 00 19 04 
       B8 00 4B 00 
       19 55 88 00 
       40 00 12 00 
       39 19 04 EC 
       00 67 00 19 
       04 B8 00 4B 
       00 19 55 B9 
       00 4E 00 12 
       00 10 19 04 
       AA 00 69 00 
       19 04 A7 00 
       77 00 19 55 
       85 00 70 00 
       12 00 39 19 
       04 B8 00 4B 
       00 19 04 8E 
       00 4E 00 19 
       55 88 00 40 
       00 12 00 39 
       19 04 B8 00 
       4B 00 19 04 
       B2 00 56 00 
       19 55 8E 00 
       4E 00 12 00 
       39 19 04 EC 
       00 67 00 19 
       04 E1 00 60 
       00 19 55 B8 
       00 4B 00 12 
       00 10 19 04 
       AA 00 69 00 
       19 04 85 00 
       70 00 19 55 
       8D 00 63 00 
       12 00 00 19 
       04 C3 00 78 
       00 19 04 A7 
       00 77 00 19 
       55 AA 00 69 
       00 12 00 39 
       19 04 E1 00 
       60 00 19 04 
       B2 00 56 00 
       19 55 B8 00 
       4B 00 12 00 
       00 19 04 C3 
       00 78 00 19 
       04 C3 00 88 
       00 19 55 A7 
       00 77 00 12 
       00 39 19 04 
       B2 00 56 00 
       19 04 AA 00 
       69 00 19 55 
       8D 00 63 00 
       12 00 39 19 
       04 B2 00 56 
       00 19 04 8D 
       00 63 00 19 
       55 8E 00 4E 
       00 12 00 39 
       19 04 80 00 
       40 00 19 04 
       88 00 40 00 
       19 55 62 00 
       42 00 12 00 
       39 19 04 D0 
       00 66 00 19 
       04 AA 00 69 
       00 19 55 B2 
       00 56 00 12 
       00 00 19 04 
       8D 00 63 00 
       19 04 85 00 
       70 00 19 55 
       6B 00 77 00 
       12 00 39 19 
       04 E1 00 60 
       00 19 04 D0 
       00 66 00 19 
       55 B2 00 56 
       00 12 00 39 
       19 04 D0 00 
       66 00 19 04 
       C3 00 78 00 
       19 55 AA 00 
       69 00 12 00 
       39 19 04 88 
       00 40 00 19 
       04 8E 00 4E 
       00 19 55 73 
       00 52 00 12 
       00 39 19 04 
       8E 00 4E 00 
       19 04 8D 00 
       63 00 19 55 
       77 00 68 00 
       12 00 39 19 
       04 80 00 40 
       00 19 04 62 
       00 42 00 19 
       55 4E 00 44 
       00 12 00 00 
       19 04 8D 00 
       63 00 19 04 
       6B 00 77 00 
       19 55 77 00 
       68 00 12 00 
       00 19 04 CA 
       00 88 00 19 
       04 C3 00 88 
       00 19 55 C3 
       00 78 00 12 
       00 39 19 04 
       06 01 89 00 
       19 04 E1 00 
       60 00 19 55 
       EC 00 67 00 
       12 00 39 19 
       04 88 00 40 
       00 19 04 73 
       00 52 00 19 
       55 62 00 42 
       00 12 00 39 
       19 04 8E 00 
       4E 00 19 04 
       77 00 68 00 
       19 55 73 00 
       52 00 12 00 
       00 19 04 CA 
       00 88 00 19 
       04 CB 00 9D 
       00 19 55 C3 
       00 88 00 12 
       00 14 19 04 
       DA 00 78 00 
       19 04 C3 00 
       78 00 19 55 
       D0 00 66 00 
       12 00 39 19 
       04 F3 00 79 
       00 19 04 D0 
       00 66 00 19 
       55 E1 00 60 
       00 12 00 14 
       19 04 DA 00 
       78 00 19 04 
       CA 00 88 00 
       19 55 C3 00 
       78 00 12 00 
       00 19 04 48 
       00 69 00 19 
       04 43 00 54 
       00 19 55 32 
       00 78 00 12 
       00 39 19 04 
       06 01 89 00 
       19 04 F3 00 
       79 00 19 55 
       E1 00 60 00 
       12 00 39 19 
       04 F3 00 79 
       00 19 04 DA 
       00 78 00 19 
       55 D0 00 66 
       00 12 00 14 
       19 04 43 00 
       54 00 19 04 
       4E 00 44 00 
       19 55 41 00 
       61 00 12 00 
       39 19 04 62 
       00 42 00 19 
       04 73 00 52 
       00 19 55 72 
       00 63 00 12 
       00 39 19 04 
       4E 00 44 00 
       19 04 62 00 
       42 00 19 55 
       5C 00 58 00 
       12 00 00 19 
       04 48 00 69 
       00 19 04 32 
       00 78 00 19 
       55 3A 00 8D 
       00 12 00 00 
       19 04 D0 00 
       CC 00 19 04 
       05 01 9F 00 
       19 55 F4 00 
       AD 00 12 00 
       39 19 04 62 
       00 42 00 19 
       04 72 00 63 
       00 19 55 5C 
       00 58 00 12 
       00 14 19 04 
       43 00 54 00 
       19 04 41 00 
       61 00 19 55 
       32 00 78 00 
       12 00 39 19 
       04 D6 00 87 
       00 19 04 DA 
       00 78 00 19 
       55 F3 00 79 
       00 12 00 39 
       19 04 4E 00 
       44 00 19 04 
       5C 00 58 00 
       19 55 41 00 
       61 00 12 00 
       39 19 04 E0 
       00 BF 00 19 
       04 06 01 89 
       00 19 55 05 
       01 9F 00 12 
       00 39 19 04 
       E3 00 A1 00 
       19 04 F3 00 
       79 00 19 55 
       06 01 89 00 
       12 00 39 19 
       04 D6 00 87 
       00 19 04 C4 
       00 82 00 19 
       55 DA 00 78 
       00 12 00 39 
       19 04 5C 00 
       58 00 19 04 
       72 00 63 00 
       19 55 94 00 
       79 00 12 00 
       00 19 04 D0 
       00 CC 00 19 
       04 E0 00 BF 
       00 19 55 05 
       01 9F 00 12 
       00 39 19 04 
       E3 00 A1 00 
       19 04 D6 00 
       87 00 19 55 
       F3 00 79 00 
       12 00 39 19 
       04 E0 00 BF 
       00 19 04 E3 
       00 A1 00 19 
       55 06 01 89 
       00 12 00 24 
       19 04 8E 00 
       79 00 19 04 
       94 00 79 00 
       19 55 C4 00 
       82 00 12 00 
       39 19 04 5C 
       00 58 00 19 
       04 94 00 79 
       00 19 55 8E 
       00 79 00 12 
       00 00 19 04 
       3A 00 8D 00 
       19 04 32 00 
       78 00 19 55 
       75 00 AE 00 
       12 00 39 19 
       04 41 00 61 
       00 19 04 5C 
       00 58 00 19 
       55 8E 00 79 
       00 12 00 24 
       19 04 8E 00 
       79 00 19 04 
       C4 00 82 00 
       19 55 D6 00 
       87 00 12 00 
       39 19 04 32 
       00 78 00 19 
       04 41 00 61 
       00 19 55 81 
       00 8F 00 12 
       00 00 19 04 
       3A 00 8D 00 
       19 04 75 00 
       AE 00 19 55 
       74 00 BE 00 
       12 00 10 19 
       04 74 00 BE 
       00 19 04 E0 
       00 BF 00 19 
       55 D0 00 CC 
       00 12 00 39 
       19 04 41 00 
       61 00 19 04 
       8E 00 79 00 
       19 55 81 00 
       8F 00 12 00 
       39 19 04 81 
       00 8F 00 19 
       04 D6 00 87 
       00 19 55 E3 
       00 A1 00 12 
       00 39 19 04 
       81 00 8F 00 
       19 04 8E 00 
       79 00 19 55 
       D6 00 87 00 
       12 00 39 19 
       04 32 00 78 
       00 19 04 81 
       00 8F 00 19 
       55 75 00 AE 
       00 12 00 10 
       19 04 74 00 
       BE 00 19 04 
       75 00 AE 00 
       19 55 E0 00 
       BF 00 12 00 
       39 19 04 75 
       00 AE 00 19 
       04 E3 00 A1 
       00 19 55 E0 
       00 BF 00 12 
       00 39 19 04 
       75 00 AE 00 
       19 04 81 00 
       8F 00 19 55 
       E3 00 A1 00 
       41 05 10 12 
       00 39 19 04 
       BE 00 4C 00 
       19 04 8C 00 
       3F 00 19 55 
       84 00 3F 00 
       12 00 39 19 
       04 BE 00 4C 
       00 19 04 BC 
       00 4A 00 19 
       55 8C 00 3F 
       00 12 00 39 
       19 04 F0 00 
       67 00 19 04 
       BC 00 4A 00 
       19 55 BE 00 
       4C 00 12 00 
       10 19 04 AD 
       00 69 00 19 
       04 AB 00 76 
       00 19 55 89 
       00 6F 00 12 
       00 39 19 04 
       BC 00 4A 00 
       19 04 91 00 
       4E 00 19 55 
       8C 00 3F 00 
       12 00 10 19 
       04 AD 00 69 
       00 19 04 89 
       00 6F 00 19 
       55 8F 00 62 
       00 12 00 39 
       19 04 BC 00 
       4A 00 19 04 
       B5 00 56 00 
       19 55 91 00 
       4E 00 12 00 
       00 19 04 C5 
       00 78 00 19 
       04 AB 00 76 
       00 19 55 AD 
       00 69 00 12 
       00 00 19 04 
       C5 00 78 00 
       19 04 C5 00 
       88 00 19 55 
       AB 00 76 00 
       12 00 39 19 
       04 B5 00 56 
       00 19 04 AD 
       00 69 00 19 
       55 8F 00 62 
       00 12 00 39 
       19 04 E4 00 
       60 00 19 04 
       B5 00 56 00 
       19 55 BC 00 
       4A 00 12 00 
       39 19 04 F0 
       00 67 00 19 
       04 E4 00 60 
       00 19 55 BC 
       00 4A 00 12 
       00 39 19 04 
       84 00 3F 00 
       19 04 8C 00 
       3F 00 19 55 
       63 00 42 00 
       12 00 00 19 
       04 8F 00 62 
       00 19 04 89 
       00 6F 00 19 
       55 6D 00 76 
       00 12 00 39 
       19 04 B5 00 
       56 00 19 04 
       8F 00 62 00 
       19 55 91 00 
       4E 00 12 00 
       24 19 04 D2 
       00 66 00 19 
       04 AD 00 69 
       00 19 55 B5 
       00 56 00 12 
       00 24 19 04 
       D2 00 66 00 
       19 04 C5 00 
       78 00 19 55 
       AD 00 69 00 
       12 00 39 19 
       04 8C 00 3F 
       00 19 04 91 
       00 4E 00 19 
       55 74 00 52 
       00 12 00 39 
       19 04 91 00 
       4E 00 19 04 
       8F 00 62 00 
       19 55 78 00 
       67 00 12 00 
       39 19 04 E4 
       00 60 00 19 
       04 D2 00 66 
       00 19 55 B5 
       00 56 00 12 
       00 39 19 04 
       84 00 3F 00 
       19 04 63 00 
       42 00 19 55 
       50 00 43 00 
       12 00 24 19 
       04 06 01 A1 
       00 19 04 F0 
       00 67 00 19 
       55 EF 00 78 
       00 12 00 00 
       19 04 8F 00 
       62 00 19 04 
       6D 00 76 00 
       19 55 78 00 
       67 00 12 00 
       39 19 04 8C 
       00 3F 00 19 
       04 74 00 52 
       00 19 55 63 
       00 42 00 12 
       00 39 19 04 
       91 00 4E 00 
       19 04 78 00 
       67 00 19 55 
       74 00 52 00 
       12 00 39 19 
       04 06 01 8B 
       00 19 04 E4 
       00 60 00 19 
       55 F0 00 67 
       00 12 00 14 
       19 04 D9 00 
       79 00 19 04 
       C5 00 78 00 
       19 55 D2 00 
       66 00 12 00 
       39 19 04 F3 
       00 7A 00 19 
       04 D2 00 66 
       00 19 55 E4 
       00 60 00 12 
       00 14 19 04 
       D9 00 79 00 
       19 04 CA 00 
       89 00 19 55 
       C5 00 78 00 
       12 00 24 19 
       04 74 00 52 
       00 19 04 78 
       00 67 00 19 
       55 75 00 78 
       00 12 00 24 
       19 04 06 01 
       A1 00 19 04 
       06 01 8B 00 
       19 55 F0 00 
       67 00 12 00 
       14 19 04 46 
       00 53 00 19 
       04 50 00 43 
       00 19 55 3E 
       00 61 00 12 
       00 39 19 04 
       63 00 42 00 
       19 04 74 00 
       52 00 19 55 
       70 00 63 00 
       12 00 39 19 
       04 F3 00 7A 
       00 19 04 D9 
       00 79 00 19 
       55 D2 00 66 
       00 12 00 39 
       19 04 06 01 
       8B 00 19 04 
       F3 00 7A 00 
       19 55 E4 00 
       60 00 12 00 
       39 19 04 50 
       00 43 00 19 
       04 63 00 42 
       00 19 55 59 
       00 59 00 12 
       00 24 19 04 
       74 00 52 00 
       19 04 75 00 
       78 00 19 55 
       70 00 63 00 
       12 00 39 19 
       04 63 00 42 
       00 19 04 70 
       00 63 00 19 
       55 59 00 59 
       00 12 00 14 
       19 04 46 00 
       53 00 19 04 
       3E 00 61 00 
       19 55 31 00 
       78 00 12 00 
       00 19 04 CA 
       00 CE 00 19 
       04 06 01 A1 
       00 19 55 F4 
       00 AF 00 12 
       00 39 19 04 
       50 00 43 00 
       19 04 59 00 
       59 00 19 55 
       3E 00 61 00 
       12 00 39 19 
       04 D0 00 89 
       00 19 04 D9 
       00 79 00 19 
       55 F3 00 7A 
       00 12 00 39 
       19 04 D8 00 
       C2 00 19 04 
       06 01 8B 00 
       19 55 06 01 
       A1 00 12 00 
       39 19 04 DC 
       00 A4 00 19 
       04 F3 00 7A 
       00 19 55 06 
       01 8B 00 12 
       00 39 19 04 
       59 00 59 00 
       19 04 70 00 
       63 00 19 55 
       8F 00 7A 00 
       12 00 39 19 
       04 D0 00 89 
       00 19 04 C0 
       00 84 00 19 
       55 D9 00 79 
       00 12 00 00 
       19 04 CA 00 
       CE 00 19 04 
       D8 00 C2 00 
       19 55 06 01 
       A1 00 12 00 
       00 19 04 39 
       00 8C 00 19 
       04 31 00 78 
       00 19 55 6C 
       00 AF 00 12 
       00 39 19 04 
       DC 00 A4 00 
       19 04 D0 00 
       89 00 19 55 
       F3 00 7A 00 
       12 00 39 19 
       04 3E 00 61 
       00 19 04 59 
       00 59 00 19 
       55 87 00 7B 
       00 12 00 39 
       19 04 59 00 
       59 00 19 04 
       8F 00 7A 00 
       19 55 87 00 
       7B 00 12 00 
       39 19 04 87 
       00 7B 00 19 
       04 8F 00 7A 
       00 19 55 C0 
       00 84 00 12 
       00 39 19 04 
       D8 00 C2 00 
       19 04 DC 00 
       A4 00 19 55 
       06 01 8B 00 
       12 00 24 19 
       04 31 00 78 
       00 19 04 3E 
       00 61 00 19 
       55 77 00 91 
       00 12 00 39 
       19 04 87 00 
       7B 00 19 04 
       C0 00 84 00 
       19 55 D0 00 
       89 00 12 00 
       00 19 04 39 
       00 8C 00 19 
       04 6C 00 AF 
       00 19 55 6D 
       00 BF 00 12 
       00 10 19 04 
       6D 00 BF 00 
       19 04 D8 00 
       C2 00 19 55 
       CA 00 CE 00 
       12 00 39 19 
       04 3E 00 61 
       00 19 04 87 
       00 7B 00 19 
       55 77 00 91 
       00 12 00 24 
       19 04 31 00 
       78 00 19 04 
       77 00 91 00 
       19 55 6C 00 
       AF 00 12 00 
       39 19 04 77 
       00 91 00 19 
       04 87 00 7B 
       00 19 55 D0 
       00 89 00 12 
       00 10 19 04 
       6D 00 BF 00 
       19 04 6C 00 
       AF 00 19 55 
       D8 00 C2 00 
       12 00 39 19 
       04 77 00 91 
       00 19 04 D0 
       00 89 00 19 
       55 DC 00 A4 
       00 12 00 39 
       19 04 6C 00 
       AF 00 19 04 
       DC 00 A4 00 
       19 55 D8 00 
       C2 00 12 00 
       39 19 04 6C 
       00 AF 00 19 
       04 77 00 91 
       00 19 55 DC 
       00 A4 00 41 
       05 10 12 00 
       39 19 04 C3 
       00 4B 00 19 
       04 8F 00 3E 
       00 19 55 88 
       00 3D 00 12 
       00 39 19 04 
       C3 00 4B 00 
       19 04 BF 00 
       49 00 19 55 
       8F 00 3E 00 
       12 00 39 19 
       04 F4 00 67 
       00 19 04 BF 
       00 49 00 19 
       55 C3 00 4B 
       00 12 00 00 
       19 04 B0 00 
       68 00 19 04 
       AE 00 75 00 
       19 55 8C 00 
       6E 00 12 00 
       00 19 04 B0 
       00 68 00 19 
       04 8C 00 6E 
       00 19 55 92 
       00 61 00 12 
       00 39 19 04 
       BF 00 49 00 
       19 04 93 00 
       4D 00 19 55 
       8F 00 3E 00 
       12 00 39 19 
       04 BF 00 49 
       00 19 04 B7 
       00 55 00 19 
       55 93 00 4D 
       00 12 00 00 
       19 04 C6 00 
       78 00 19 04 
       AE 00 75 00 
       19 55 B0 00 
       68 00 12 00 
       00 19 04 92 
       00 61 00 19 
       04 8C 00 6E 
       00 19 55 6F 
       00 75 00 12 
       00 39 19 04 
       88 00 3D 00 
       19 04 8F 00 
       3E 00 19 55 
       64 00 42 00 
       12 00 00 19 
       04 C6 00 78 
       00 19 04 C8 
       00 88 00 19 
       55 AE 00 75 
       00 12 00 39 
       19 04 B7 00 
       55 00 19 04 
       B0 00 68 00 
       19 55 92 00 
       61 00 12 00 
       39 19 04 B7 
       00 55 00 19 
       04 92 00 61 
       00 19 55 93 
       00 4D 00 12 
       00 39 19 04 
       E7 00 60 00 
       19 04 B7 00 
       55 00 19 55 
       BF 00 49 00 
       12 00 39 19 
       04 F4 00 67 
       00 19 04 E7 
       00 60 00 19 
       55 BF 00 49 
       00 12 00 24 
       19 04 D3 00 
       66 00 19 04 
       B0 00 68 00 
       19 55 B7 00 
       55 00 12 00 
       39 19 04 88 
       00 3D 00 19 
       04 64 00 42 
       00 19 55 52 
       00 43 00 12 
       00 39 19 04 
       93 00 4D 00 
       19 04 92 00 
       61 00 19 55 
       79 00 67 00 
       12 00 39 19 
       04 8F 00 3E 
       00 19 04 93 
       00 4D 00 19 
       55 75 00 51 
       00 12 00 00 
       19 04 92 00 
       61 00 19 04 
       6F 00 75 00 
       19 55 79 00 
       67 00 12 00 
       24 19 04 D3 
       00 66 00 19 
       04 C6 00 78 
       00 19 55 B0 
       00 68 00 12 
       00 39 19 04 
       E7 00 60 00 
       19 04 D3 00 
       66 00 19 55 
       B7 00 55 00 
       12 00 39 19 
       04 8F 00 3E 
       00 19 04 75 
       00 51 00 19 
       55 64 00 42 
       00 12 00 39 
       19 04 93 00 
       4D 00 19 04 
       79 00 67 00 
       19 55 75 00 
       51 00 12 00 
       24 19 04 06 
       01 A4 00 19 
       04 F4 00 67 
       00 19 55 F3 
       00 78 00 12 
       00 39 19 04 
       05 01 8D 00 
       19 04 E7 00 
       60 00 19 55 
       F4 00 67 00 
       12 00 10 19 
       04 D9 00 7B 
       00 19 04 C6 
       00 78 00 19 
       55 D3 00 66 
       00 12 00 24 
       19 04 75 00 
       51 00 19 04 
       79 00 67 00 
       19 55 74 00 
       78 00 12 00 
       39 19 04 F2 
       00 7C 00 19 
       04 D3 00 66 
       00 19 55 E7 
       00 60 00 12 
       00 10 19 04 
       4A 00 52 00 
       19 04 52 00 
       43 00 19 55 
       3C 00 62 00 
       12 00 10 19 
       04 D9 00 7B 
       00 19 04 C9 
       00 8A 00 19 
       55 C6 00 78 
       00 12 00 39 
       19 04 64 00 
       42 00 19 04 
       75 00 51 00 
       19 55 6E 00 
       64 00 12 00 
       39 19 04 52 
       00 43 00 19 
       04 64 00 42 
       00 19 55 57 
       00 5A 00 12 
       00 24 19 04 
       06 01 A4 00 
       19 04 05 01 
       8D 00 19 55 
       F4 00 67 00 
       12 00 39 19 
       04 F2 00 7C 
       00 19 04 D9 
       00 7B 00 19 
       55 D3 00 66 
       00 12 00 24 
       19 04 75 00 
       51 00 19 04 
       74 00 78 00 
       19 55 6E 00 
       64 00 12 00 
       39 19 04 05 
       01 8D 00 19 
       04 F2 00 7C 
       00 19 55 E7 
       00 60 00 12 
       00 10 19 04 
       4A 00 52 00 
       19 04 3C 00 
       62 00 19 55 
       30 00 78 00 
       12 00 39 19 
       04 64 00 42 
       00 19 04 6E 
       00 64 00 19 
       55 57 00 5A 
       00 12 00 39 
       19 04 52 00 
       43 00 19 04 
       57 00 5A 00 
       19 55 3C 00 
       62 00 12 00 
       00 19 04 C3 
       00 D0 00 19 
       04 06 01 A4 
       00 19 55 F4 
       00 B1 00 12 
       00 39 19 04 
       CA 00 8C 00 
       19 04 D9 00 
       7B 00 19 55 
       F2 00 7C 00 
       12 00 39 19 
       04 57 00 5A 
       00 19 04 6E 
       00 64 00 19 
       55 8B 00 7B 
       00 12 00 39 
       19 04 D0 00 
       C6 00 19 04 
       05 01 8D 00 
       19 55 06 01 
       A4 00 12 00 
       39 19 04 CA 
       00 8C 00 19 
       04 BB 00 85 
       00 19 55 D9 
       00 7B 00 12 
       00 39 19 04 
       D4 00 A8 00 
       19 04 F2 00 
       7C 00 19 55 
       05 01 8D 00 
       12 00 00 19 
       04 39 00 8B 
       00 19 04 30 
       00 78 00 19 
       55 64 00 B1 
       00 12 00 00 
       19 04 C3 00 
       D0 00 19 04 
       D0 00 C6 00 
       19 55 06 01 
       A4 00 12 00 
       39 19 04 3C 
       00 62 00 19 
       04 57 00 5A 
       00 19 55 80 
       00 7D 00 12 
       00 39 19 04 
       57 00 5A 00 
       19 04 8B 00 
       7B 00 19 55 
       80 00 7D 00 
       12 00 24 19 
       04 30 00 78 
       00 19 04 3C 
       00 62 00 19 
       55 6E 00 93 
       00 12 00 39 
       19 04 80 00 
       7D 00 19 04 
       8B 00 7B 00 
       19 55 BB 00 
       85 00 12 00 
       00 19 04 39 
       00 8B 00 19 
       04 64 00 B1 
       00 19 55 67 
       00 BF 00 12 
       00 39 19 04 
       D4 00 A8 00 
       19 04 CA 00 
       8C 00 19 55 
       F2 00 7C 00 
       12 00 39 19 
       04 D0 00 C6 
       00 19 04 D4 
       00 A8 00 19 
       55 05 01 8D 
       00 12 00 39 
       19 04 80 00 
       7D 00 19 04 
       BB 00 85 00 
       19 55 CA 00 
       8C 00 12 00 
       00 19 04 67 
       00 BF 00 19 
       04 D0 00 C6 
       00 19 55 C3 
       00 D0 00 12 
       00 39 19 04 
       3C 00 62 00 
       19 04 80 00 
       7D 00 19 55 
       6E 00 93 00 
       12 00 24 19 
       04 30 00 78 
       00 19 04 6E 
       00 93 00 19 
       55 64 00 B1 
       00 12 00 00 
       19 04 67 00 
       BF 00 19 04 
       64 00 B1 00 
       19 55 D0 00 
       C6 00 12 00 
       39 19 04 6E 
       00 93 00 19 
       04 80 00 7D 
       00 19 55 CA 
       00 8C 00 12 
       00 39 19 04 
       6E 00 93 00 
       19 04 CA 00 
       8C 00 19 55 
       D4 00 A8 00 
       12 00 39 19 
       04 64 00 B1 
       00 19 04 D4 
       00 A8 00 19 
       55 D0 00 C6 
       00 12 00 39 
       19 04 64 00 
       B1 00 19 04 
       6E 00 93 00 
       19 55 D4 00 
       A8 00 41 05 
       10 12 00 39 
       19 04 C8 00 
       49 00 19 04 
       92 00 3C 00 
       19 55 8D 00 
       3C 00 12 00 
       39 19 04 C8 
       00 49 00 19 
       04 C3 00 47 
       00 19 55 92 
       00 3C 00 12 
       00 00 19 04 
       B2 00 67 00 
       19 04 B1 00 
       74 00 19 55 
       8F 00 6C 00 
       12 00 39 19 
       04 F8 00 67 
       00 19 04 C3 
       00 47 00 19 
       55 C8 00 49 
       00 12 00 00 
       19 04 B2 00 
       67 00 19 04 
       8F 00 6C 00 
       19 55 94 00 
       60 00 12 00 
       00 19 04 94 
       00 60 00 19 
       04 8F 00 6C 
       00 19 55 71 
       00 74 00 12 
       00 39 19 04 
       C3 00 47 00 
       19 04 96 00 
       4C 00 19 55 
       92 00 3C 00 
       12 00 39 19 
       04 8D 00 3C 
       00 19 04 92 
       00 3C 00 19 
       55 66 00 42 
       00 12 00 00 
       19 04 C8 00 
       78 00 19 04 
       B1 00 74 00 
       19 55 B2 00 
       67 00 12 00 
       39 19 04 C3 
       00 47 00 19 
       04 BA 00 54 
       00 19 55 96 
       00 4C 00 12 
       00 39 19 04 
       BA 00 54 00 
       19 04 B2 00 
       67 00 19 55 
       94 00 60 00 
       12 00 00 19 
       04 C8 00 78 
       00 19 04 CA 
       00 87 00 19 
       55 B1 00 74 
       00 12 00 39 
       19 04 BA 00 
       54 00 19 04 
       94 00 60 00 
       19 55 96 00 
       4C 00 12 00 
       39 19 04 8D 
       00 3C 00 19 
       04 66 00 42 
       00 19 55 55 
       00 42 00 12 
       00 39 19 04 
       E9 00 60 00 
       19 04 BA 00 
       54 00 19 55 
       C3 00 47 00 
       12 00 39 19 
       04 96 00 4C 
       00 19 04 94 
       00 60 00 19 
       55 7A 00 66 
       00 12 00 39 
       19 04 92 00 
       3C 00 19 04 
       96 00 4C 00 
       19 55 76 00 
       51 00 12 00 
       00 19 04 94 
       00 60 00 19 
       04 71 00 74 
       00 19 55 7A 
       00 66 00 12 
       00 39 19 04 
       F8 00 67 00 
       19 04 E9 00 
       60 00 19 55 
       C3 00 47 00 
       12 00 24 19 
       04 D5 00 66 
       00 19 04 B2 
       00 67 00 19 
       55 BA 00 54 
       00 12 00 24 
       19 04 D5 00 
       66 00 19 04 
       C8 00 78 00 
       19 55 B2 00 
       67 00 12 00 
       39 19 04 92 
       00 3C 00 19 
       04 76 00 51 
       00 19 55 66 
       00 42 00 12 
       00 39 19 04 
       96 00 4C 00 
       19 04 7A 00 
       66 00 19 55 
       76 00 51 00 
       12 00 39 19 
       04 E9 00 60 
       00 19 04 D5 
       00 66 00 19 
       55 BA 00 54 
       00 12 00 24 
       19 04 05 01 
       A7 00 19 04 
       F8 00 67 00 
       19 55 F8 00 
       78 00 12 00 
       10 19 04 4E 
       00 51 00 19 
       04 55 00 42 
       00 19 55 3A 
       00 63 00 12 
       00 24 19 04 
       76 00 51 00 
       19 04 7A 00 
       66 00 19 55 
       73 00 78 00 
       12 00 10 19 
       04 D7 00 7C 
       00 19 04 C8 
       00 78 00 19 
       55 D5 00 66 
       00 12 00 39 
       19 04 04 01 
       90 00 19 04 
       E9 00 60 00 
       19 55 F8 00 
       67 00 12 00 
       39 19 04 55 
       00 42 00 19 
       04 66 00 42 
       00 19 55 54 
       00 5B 00 12 
       00 39 19 04 
       66 00 42 00 
       19 04 76 00 
       51 00 19 55 
       6C 00 64 00 
       12 00 39 19 
       04 F1 00 7E 
       00 19 04 D5 
       00 66 00 19 
       55 E9 00 60 
       00 12 00 10 
       19 04 D7 00 
       7C 00 19 04 
       C8 00 8B 00 
       19 55 C8 00 
       78 00 12 00 
       24 19 04 76 
       00 51 00 19 
       04 73 00 78 
       00 19 55 6C 
       00 64 00 12 
       00 10 19 04 
       4E 00 51 00 
       19 04 3A 00 
       63 00 19 55 
       2F 00 78 00 
       12 00 24 19 
       04 05 01 A7 
       00 19 04 04 
       01 90 00 19 
       55 F8 00 67 
       00 12 00 39 
       19 04 F1 00 
       7E 00 19 04 
       D7 00 7C 00 
       19 55 D5 00 
       66 00 12 00 
       39 19 04 66 
       00 42 00 19 
       04 6C 00 64 
       00 19 55 54 
       00 5B 00 12 
       00 39 19 04 
       55 00 42 00 
       19 04 54 00 
       5B 00 19 55 
       3A 00 63 00 
       12 00 39 19 
       04 04 01 90 
       00 19 04 F1 
       00 7E 00 19 
       55 E9 00 60 
       00 12 00 00 
       19 04 BC 00 
       D3 00 19 04 
       05 01 A7 00 
       19 55 F3 00 
       B3 00 12 00 
       39 19 04 54 
       00 5B 00 19 
       04 6C 00 64 
       00 19 55 86 
       00 7D 00 12 
       00 00 19 04 
       3A 00 8A 00 
       19 04 2F 00 
       78 00 19 55 
       5C 00 B2 00 
       12 00 39 19 
       04 C3 00 90 
       00 19 04 D7 
       00 7C 00 19 
       55 F1 00 7E 
       00 12 00 39 
       19 04 C8 00 
       CA 00 19 04 
       04 01 90 00 
       19 55 05 01 
       A7 00 12 00 
       39 19 04 C3 
       00 90 00 19 
       04 B7 00 88 
       00 19 55 D7 
       00 7C 00 12 
       00 39 19 04 
       3A 00 63 00 
       19 04 54 00 
       5B 00 19 55 
       79 00 7F 00 
       12 00 39 19 
       04 CB 00 AC 
       00 19 04 F1 
       00 7E 00 19 
       55 04 01 90 
       00 12 00 24 
       19 04 2F 00 
       78 00 19 04 
       3A 00 63 00 
       19 55 66 00 
       96 00 12 00 
       00 19 04 3A 
       00 8A 00 19 
       04 5C 00 B2 
       00 19 55 61 
       00 BF 00 12 
       00 39 19 04 
       54 00 5B 00 
       19 04 86 00 
       7D 00 19 55 
       79 00 7F 00 
       12 00 00 19 
       04 BC 00 D3 
       00 19 04 C8 
       00 CA 00 19 
       55 05 01 A7 
       00 12 00 39 
       19 04 79 00 
       7F 00 19 04 
       86 00 7D 00 
       19 55 B7 00 
       88 00 12 00 
       39 19 04 CB 
       00 AC 00 19 
       04 C3 00 90 
       00 19 55 F1 
       00 7E 00 12 
       00 39 19 04 
       79 00 7F 00 
       19 04 B7 00 
       88 00 19 55 
       C3 00 90 00 
       12 00 24 19 
       04 2F 00 78 
       00 19 04 66 
       00 96 00 19 
       55 5C 00 B2 
       00 12 00 39 
       19 04 3A 00 
       63 00 19 04 
       79 00 7F 00 
       19 55 66 00 
       96 00 12 00 
       39 19 04 C8 
       00 CA 00 19 
       04 CB 00 AC 
       00 19 55 04 
       01 90 00 12 
       00 00 19 04 
       61 00 BF 00 
       19 04 C8 00 
       CA 00 19 55 
       BC 00 D3 00 
       12 00 00 19 
       04 61 00 BF 
       00 19 04 5C 
       00 B2 00 19 
       55 C8 00 CA 
       00 12 00 39 
       19 04 66 00 
       96 00 19 04 
       79 00 7F 00 
       19 55 C3 00 
       90 00 12 00 
       39 19 04 66 
       00 96 00 19 
       04 C3 00 90 
       00 19 55 CB 
       00 AC 00 12 
       00 39 19 04 
       5C 00 B2 00 
       19 04 CB 00 
       AC 00 19 55 
       C8 00 CA 00 
       12 00 39 19 
       04 5C 00 B2 
       00 19 04 66 
       00 96 00 19 
       55 CB 00 AC 
       00 41 05 10 
       12 00 39 19 
       04 CD 00 47 
       00 19 04 95 
       00 3B 00 19 
       55 91 00 3A 
       00 12 00 00 
       19 04 B5 00 
       66 00 19 04 
       B5 00 73 00 
       19 55 92 00 
       6B 00 12 00 
       39 19 04 CD 
       00 47 00 19 
       04 C7 00 46 
       00 19 55 95 
       00 3B 00 12 
       00 00 19 04 
       B5 00 66 00 
       19 04 92 00 
       6B 00 19 55 
       97 00 5F 00 
       12 00 00 19 
       04 97 00 5F 
       00 19 04 92 
       00 6B 00 19 
       55 74 00 72 
       00 12 00 39 
       19 04 FB 00 
       67 00 19 04 
       C7 00 46 00 
       19 55 CD 00 
       47 00 12 00 
       39 19 04 91 
       00 3A 00 19 
       04 95 00 3B 
       00 19 55 67 
       00 41 00 12 
       00 39 19 04 
       C7 00 46 00 
       19 04 98 00 
       4B 00 19 55 
       95 00 3B 00 
       12 00 00 19 
       04 C9 00 78 
       00 19 04 B5 
       00 73 00 19 
       55 B5 00 66 
       00 12 00 39 
       19 04 BC 00 
       53 00 19 04 
       B5 00 66 00 
       19 55 97 00 
       5F 00 12 00 
       39 19 04 C7 
       00 46 00 19 
       04 BC 00 53 
       00 19 55 98 
       00 4B 00 12 
       00 39 19 04 
       91 00 3A 00 
       19 04 67 00 
       41 00 19 55 
       58 00 42 00 
       12 00 39 19 
       04 BC 00 53 
       00 19 04 97 
       00 5F 00 19 
       55 98 00 4B 
       00 12 00 00 
       19 04 C9 00 
       78 00 19 04 
       CC 00 87 00 
       19 55 B5 00 
       73 00 12 00 
       00 19 04 97 
       00 5F 00 19 
       04 74 00 72 
       00 19 55 7C 
       00 65 00 12 
       00 39 19 04 
       98 00 4B 00 
       19 04 97 00 
       5F 00 19 55 
       7C 00 65 00 
       12 00 39 19 
       04 95 00 3B 
       00 19 04 98 
       00 4B 00 19 
       55 77 00 51 
       00 12 00 39 
       19 04 EC 00 
       60 00 19 04 
       BC 00 53 00 
       19 55 C7 00 
       46 00 12 00 
       24 19 04 D6 
       00 67 00 19 
       04 B5 00 66 
       00 19 55 BC 
       00 53 00 12 
       00 39 19 04 
       95 00 3B 00 
       19 04 77 00 
       51 00 19 55 
       67 00 41 00 
       12 00 39 19 
       04 FB 00 67 
       00 19 04 EC 
       00 60 00 19 
       55 C7 00 46 
       00 12 00 39 
       19 04 98 00 
       4B 00 19 04 
       7C 00 65 00 
       19 55 77 00 
       51 00 12 00 
       24 19 04 D6 
       00 67 00 19 
       04 C9 00 78 
       00 19 55 B5 
       00 66 00 12 
       00 39 19 04 
       EC 00 60 00 
       19 04 D6 00 
       67 00 19 55 
       BC 00 53 00 
       12 00 10 19 
       04 51 00 50 
       00 19 04 58 
       00 42 00 19 
       55 39 00 64 
       00 12 00 24 
       19 04 77 00 
       51 00 19 04 
       7C 00 65 00 
       19 55 72 00 
       78 00 12 00 
       24 19 04 04 
       01 AA 00 19 
       04 FB 00 67 
       00 19 55 FC 
       00 78 00 12 
       00 39 19 04 
       58 00 42 00 
       19 04 67 00 
       41 00 19 55 
       53 00 5C 00 
       12 00 39 19 
       04 67 00 41 
       00 19 04 77 
       00 51 00 19 
       55 6B 00 65 
       00 12 00 10 
       19 04 D6 00 
       7E 00 19 04 
       C9 00 78 00 
       19 55 D6 00 
       67 00 12 00 
       39 19 04 03 
       01 93 00 19 
       04 EC 00 60 
       00 19 55 FB 
       00 67 00 12 
       00 10 19 04 
       51 00 50 00 
       19 04 39 00 
       64 00 19 55 
       30 00 78 00 
       12 00 24 19 
       04 77 00 51 
       00 19 04 72 
       00 78 00 19 
       55 6B 00 65 
       00 12 00 10 
       19 04 D6 00 
       7E 00 19 04 
       C7 00 8C 00 
       19 55 C9 00 
       78 00 12 00 
       39 19 04 EF 
       00 80 00 19 
       04 D6 00 67 
       00 19 55 EC 
       00 60 00 12 
       00 39 19 04 
       58 00 42 00 
       19 04 53 00 
       5C 00 19 55 
       39 00 64 00 
       12 00 39 19 
       04 67 00 41 
       00 19 04 6B 
       00 65 00 19 
       55 53 00 5C 
       00 12 00 24 
       19 04 04 01 
       AA 00 19 04 
       03 01 93 00 
       19 55 FB 00 
       67 00 12 00 
       39 19 04 EF 
       00 80 00 19 
       04 D6 00 7E 
       00 19 55 D6 
       00 67 00 12 
       00 39 19 04 
       03 01 93 00 
       19 04 EF 00 
       80 00 19 55 
       EC 00 60 00 
       12 00 39 19 
       04 53 00 5C 
       00 19 04 6B 
       00 65 00 19 
       55 82 00 7E 
       00 12 00 00 
       19 04 B6 00 
       D5 00 19 04 
       04 01 AA 00 
       19 55 F2 00 
       B6 00 12 00 
       00 19 04 3B 
       00 89 00 19 
       04 30 00 78 
       00 19 55 55 
       00 B3 00 12 
       00 39 19 04 
       39 00 64 00 
       19 04 53 00 
       5C 00 19 55 
       72 00 82 00 
       12 00 39 19 
       04 BC 00 93 
       00 19 04 D6 
       00 7E 00 19 
       55 EF 00 80 
       00 12 00 00 
       19 04 3B 00 
       89 00 19 04 
       55 00 B3 00 
       19 55 5C 00 
       BF 00 12 00 
       24 19 04 30 
       00 78 00 19 
       04 39 00 64 
       00 19 55 5F 
       00 98 00 12 
       00 39 19 04 
       BC 00 93 00 
       19 04 B2 00 
       8A 00 19 55 
       D6 00 7E 00 
       12 00 39 19 
       04 53 00 5C 
       00 19 04 82 
       00 7E 00 19 
       55 72 00 82 
       00 12 00 39 
       19 04 BF 00 
       CD 00 19 04 
       03 01 93 00 
       19 55 04 01 
       AA 00 12 00 
       39 19 04 C2 
       00 B0 00 19 
       04 EF 00 80 
       00 19 55 03 
       01 93 00 12 
       00 39 19 04 
       72 00 82 00 
       19 04 82 00 
       7E 00 19 55 
       B2 00 8A 00 
       12 00 00 19 
       04 B6 00 D5 
       00 19 04 BF 
       00 CD 00 19 
       55 04 01 AA 
       00 12 00 24 
       19 04 30 00 
       78 00 19 04 
       5F 00 98 00 
       19 55 55 00 
       B3 00 12 00 
       39 19 04 39 
       00 64 00 19 
       04 72 00 82 
       00 19 55 5F 
       00 98 00 12 
       00 39 19 04 
       72 00 82 00 
       19 04 B2 00 
       8A 00 19 55 
       BC 00 93 00 
       12 00 00 19 
       04 5C 00 BF 
       00 19 04 BF 
       00 CD 00 19 
       55 B6 00 D5 
       00 12 00 39 
       19 04 C2 00 
       B0 00 19 04 
       BC 00 93 00 
       19 55 EF 00 
       80 00 12 00 
       39 19 04 BF 
       00 CD 00 19 
       04 C2 00 B0 
       00 19 55 03 
       01 93 00 12 
       00 00 19 04 
       5C 00 BF 00 
       19 04 55 00 
       B3 00 19 55 
       BF 00 CD 00 
       12 00 39 19 
       04 5F 00 98 
       00 19 04 72 
       00 82 00 19 
       55 BC 00 93 
       00 12 00 39 
       19 04 5F 00 
       98 00 19 04 
       BC 00 93 00 
       19 55 C2 00 
       B0 00 12 00 
       39 19 04 55 
       00 B3 00 19 
       04 C2 00 B0 
       00 19 55 BF 
       00 CD 00 12 
       00 39 19 04 
       55 00 B3 00 
       19 04 5F 00 
       98 00 19 55 
       C2 00 B0 00 
       41 05 10 12 
       00 39 19 04 
       D1 00 45 00 
       19 04 98 00 
       39 00 19 55 
       95 00 37 00 
       12 00 00 19 
       04 B7 00 65 
       00 19 04 B8 
       00 71 00 19 
       55 96 00 69 
       00 12 00 39 
       19 04 D1 00 
       45 00 19 04 
       CA 00 44 00 
       19 55 98 00 
       39 00 12 00 
       00 19 04 99 
       00 5E 00 19 
       04 96 00 69 
       00 19 55 76 
       00 71 00 12 
       00 00 19 04 
       B7 00 65 00 
       19 04 96 00 
       69 00 19 55 
       99 00 5E 00 
       12 00 39 19 
       04 95 00 37 
       00 19 04 98 
       00 39 00 19 
       55 69 00 41 
       00 12 00 39 
       19 04 CA 00 
       44 00 19 04 
       9A 00 4A 00 
       19 55 98 00 
       39 00 12 00 
       39 19 04 95 
       00 37 00 19 
       04 69 00 41 
       00 19 55 5A 
       00 41 00 12 
       00 39 19 04 
       FE 00 67 00 
       19 04 CA 00 
       44 00 19 55 
       D1 00 45 00 
       12 00 00 19 
       04 CA 00 78 
       00 19 04 B8 
       00 71 00 19 
       55 B7 00 65 
       00 12 00 24 
       19 04 BF 00 
       52 00 19 04 
       B7 00 65 00 
       19 55 99 00 
       5E 00 12 00 
       24 19 04 BF 
       00 52 00 19 
       04 99 00 5E 
       00 19 55 9A 
       00 4A 00 12 
       00 00 19 04 
       99 00 5E 00 
       19 04 76 00 
       71 00 19 55 
       7D 00 65 00 
       12 00 39 19 
       04 CA 00 44 
       00 19 04 BF 
       00 52 00 19 
       55 9A 00 4A 
       00 12 00 00 
       19 04 CA 00 
       78 00 19 04 
       CE 00 87 00 
       19 55 B8 00 
       71 00 12 00 
       39 19 04 9A 
       00 4A 00 19 
       04 99 00 5E 
       00 19 55 7D 
       00 65 00 12 
       00 39 19 04 
       98 00 39 00 
       19 04 9A 00 
       4A 00 19 55 
       78 00 50 00 
       12 00 39 19 
       04 98 00 39 
       00 19 04 78 
       00 50 00 19 
       55 69 00 41 
       00 12 00 39 
       19 04 EE 00 
       60 00 19 04 
       BF 00 52 00 
       19 55 CA 00 
       44 00 12 00 
       39 19 04 9A 
       00 4A 00 19 
       04 7D 00 65 
       00 19 55 78 
       00 50 00 12 
       00 14 19 04 
       D7 00 67 00 
       19 04 B7 00 
       65 00 19 55 
       BF 00 52 00 
       12 00 14 19 
       04 D7 00 67 
       00 19 04 CA 
       00 78 00 19 
       55 B7 00 65 
       00 12 00 39 
       19 04 FE 00 
       67 00 19 04 
       EE 00 60 00 
       19 55 CA 00 
       44 00 12 00 
       10 19 04 55 
       00 4F 00 19 
       04 5A 00 41 
       00 19 55 39 
       00 65 00 12 
       00 39 19 04 
       EE 00 60 00 
       19 04 D7 00 
       67 00 19 55 
       BF 00 52 00 
       12 00 24 19 
       04 78 00 50 
       00 19 04 7D 
       00 65 00 19 
       55 72 00 78 
       00 12 00 39 
       19 04 5A 00 
       41 00 19 04 
       69 00 41 00 
       19 55 51 00 
       5D 00 12 00 
       39 19 04 69 
       00 41 00 19 
       04 78 00 50 
       00 19 55 69 
       00 66 00 12 
       00 24 19 04 
       02 01 AD 00 
       19 04 FE 00 
       67 00 19 55 
       FF 00 78 00 
       12 00 10 19 
       04 55 00 4F 
       00 19 04 39 
       00 65 00 19 
       55 31 00 78 
       00 12 00 24 
       19 04 78 00 
       50 00 19 04 
       72 00 78 00 
       19 55 69 00 
       66 00 12 00 
       10 19 04 D4 
       00 80 00 19 
       04 CA 00 78 
       00 19 55 D7 
       00 67 00 12 
       00 39 19 04 
       5A 00 41 00 
       19 04 51 00 
       5D 00 19 55 
       39 00 65 00 
       12 00 10 19 
       04 D4 00 80 
       00 19 04 C6 
       00 8D 00 19 
       55 CA 00 78 
       00 12 00 39 
       19 04 00 01 
       97 00 19 04 
       EE 00 60 00 
       19 55 FE 00 
       67 00 12 00 
       39 19 04 69 
       00 41 00 19 
       04 69 00 66 
       00 19 55 51 
       00 5D 00 12 
       00 39 19 04 
       EC 00 83 00 
       19 04 D7 00 
       67 00 19 55 
       EE 00 60 00 
       12 00 39 19 
       04 EC 00 83 
       00 19 04 D4 
       00 80 00 19 
       55 D7 00 67 
       00 12 00 24 
       19 04 02 01 
       AD 00 19 04 
       00 01 97 00 
       19 55 FE 00 
       67 00 12 00 
       00 19 04 3C 
       00 88 00 19 
       04 31 00 78 
       00 19 55 50 
       00 B5 00 12 
       00 39 19 04 
       00 01 97 00 
       19 04 EC 00 
       83 00 19 55 
       EE 00 60 00 
       12 00 39 19 
       04 51 00 5D 
       00 19 04 69 
       00 66 00 19 
       55 7E 00 80 
       00 12 00 00 
       19 04 B0 00 
       D8 00 19 04 
       02 01 AD 00 
       19 55 F1 00 
       B8 00 12 00 
       00 19 04 3C 
       00 88 00 19 
       04 50 00 B5 
       00 19 55 59 
       00 BF 00 12 
       00 14 19 04 
       31 00 78 00 
       19 04 39 00 
       65 00 19 55 
       58 00 9B 00 
       12 00 39 19 
       04 39 00 65 
       00 19 04 51 
       00 5D 00 19 
       55 6C 00 84 
       00 12 00 39 
       19 04 51 00 
       5D 00 19 04 
       7E 00 80 00 
       19 55 6C 00 
       84 00 12 00 
       39 19 04 B5 
       00 97 00 19 
       04 D4 00 80 
       00 19 55 EC 
       00 83 00 12 
       00 39 19 04 
       B5 00 97 00 
       19 04 AD 00 
       8C 00 19 55 
       D4 00 80 00 
       12 00 39 19 
       04 B7 00 D1 
       00 19 04 00 
       01 97 00 19 
       55 02 01 AD 
       00 12 00 14 
       19 04 31 00 
       78 00 19 04 
       58 00 9B 00 
       19 55 50 00 
       B5 00 12 00 
       39 19 04 6C 
       00 84 00 19 
       04 7E 00 80 
       00 19 55 AD 
       00 8C 00 12 
       00 00 19 04 
       B0 00 D8 00 
       19 04 B7 00 
       D1 00 19 55 
       02 01 AD 00 
       12 00 39 19 
       04 39 00 65 
       00 19 04 6C 
       00 84 00 19 
       55 58 00 9B 
       00 12 00 39 
       19 04 B9 00 
       B5 00 19 04 
       EC 00 83 00 
       19 55 00 01 
       97 00 12 00 
       00 19 04 59 
       00 BF 00 19 
       04 B7 00 D1 
       00 19 55 B0 
       00 D8 00 12 
       00 39 19 04 
       6C 00 84 00 
       19 04 AD 00 
       8C 00 19 55 
       B5 00 97 00 
       12 00 00 19 
       04 59 00 BF 
       00 19 04 50 
       00 B5 00 19 
       55 B7 00 D1 
       00 12 00 39 
       19 04 B9 00 
       B5 00 19 04 
       B5 00 97 00 
       19 55 EC 00 
       83 00 12 00 
       39 19 04 B7 
       00 D1 00 19 
       04 B9 00 B5 
       00 19 55 00 
       01 97 00 12 
       00 39 19 04 
       58 00 9B 00 
       19 04 6C 00 
       84 00 19 55 
       B5 00 97 00 
       12 00 24 19 
       04 50 00 B5 
       00 19 04 58 
       00 9B 00 19 
       55 B9 00 B5 
       00 12 00 24 
       19 04 50 00 
       B5 00 19 04 
       B9 00 B5 00 
       19 55 B7 00 
       D1 00 12 00 
       39 19 04 58 
       00 9B 00 19 
       04 B5 00 97 
       00 19 55 B9 
       00 B5 00 41 
       05 10 12 00 
       39 19 04 D5 
       00 43 00 19 
       04 9B 00 37 
       00 19 55 99 
       00 35 00 12 
       00 00 19 04 
       B9 00 64 00 
       19 04 BB 00 
       70 00 19 55 
       99 00 67 00 
       12 00 00 19 
       04 9B 00 5D 
       00 19 04 99 
       00 67 00 19 
       55 79 00 6F 
       00 12 00 00 
       19 04 B9 00 
       64 00 19 04 
       99 00 67 00 
       19 55 9B 00 
       5D 00 12 00 
       39 19 04 D5 
       00 43 00 19 
       04 CD 00 43 
       00 19 55 9B 
       00 37 00 12 
       00 39 19 04 
       99 00 35 00 
       19 04 9B 00 
       37 00 19 55 
       6A 00 40 00 
       12 00 39 19 
       04 99 00 35 
       00 19 04 6A 
       00 40 00 19 
       55 5D 00 40 
       00 12 00 39 
       19 04 CD 00 
       43 00 19 04 
       9C 00 48 00 
       19 55 9B 00 
       37 00 12 00 
       00 19 04 9B 
       00 5D 00 19 
       04 79 00 6F 
       00 19 55 7F 
       00 64 00 12 
       00 00 19 04 
       CB 00 78 00 
       19 04 BB 00 
       70 00 19 55 
       B9 00 64 00 
       12 00 24 19 
       04 C1 00 51 
       00 19 04 B9 
       00 64 00 19 
       55 9B 00 5D 
       00 12 00 24 
       19 04 C1 00 
       51 00 19 04 
       9B 00 5D 00 
       19 55 9C 00 
       48 00 12 00 
       39 19 04 9C 
       00 48 00 19 
       04 9B 00 5D 
       00 19 55 7F 
       00 64 00 12 
       00 00 19 04 
       CB 00 78 00 
       19 04 CF 00 
       86 00 19 55 
       BB 00 70 00 
       12 00 39 19 
       04 CD 00 43 
       00 19 04 C1 
       00 51 00 19 
       55 9C 00 48 
       00 12 00 39 
       19 04 01 01 
       67 00 19 04 
       CD 00 43 00 
       19 55 D5 00 
       43 00 12 00 
       39 19 04 9B 
       00 37 00 19 
       04 9C 00 48 
       00 19 55 79 
       00 50 00 12 
       00 39 19 04 
       9B 00 37 00 
       19 04 79 00 
       50 00 19 55 
       6A 00 40 00 
       12 00 39 19 
       04 9C 00 48 
       00 19 04 7F 
       00 64 00 19 
       55 79 00 50 
       00 12 00 00 
       19 04 59 00 
       4D 00 19 04 
       5D 00 40 00 
       19 55 39 00 
       66 00 12 00 
       14 19 04 D8 
       00 67 00 19 
       04 B9 00 64 
       00 19 55 C1 
       00 51 00 12 
       00 39 19 04 
       EF 00 60 00 
       19 04 C1 00 
       51 00 19 55 
       CD 00 43 00 
       12 00 14 19 
       04 D8 00 67 
       00 19 04 CB 
       00 78 00 19 
       55 B9 00 64 
       00 12 00 24 
       19 04 79 00 
       50 00 19 04 
       7F 00 64 00 
       19 55 72 00 
       78 00 12 00 
       39 19 04 01 
       01 67 00 19 
       04 EF 00 60 
       00 19 55 CD 
       00 43 00 12 
       00 39 19 04 
       5D 00 40 00 
       19 04 6A 00 
       40 00 19 55 
       50 00 5E 00 
       12 00 39 19 
       04 EF 00 60 
       00 19 04 D8 
       00 67 00 19 
       55 C1 00 51 
       00 12 00 00 
       19 04 59 00 
       4D 00 19 04 
       39 00 66 00 
       19 55 32 00 
       78 00 12 00 
       39 19 04 6A 
       00 40 00 19 
       04 79 00 50 
       00 19 55 68 
       00 66 00 12 
       00 24 19 04 
       79 00 50 00 
       19 04 72 00 
       78 00 19 55 
       68 00 66 00 
       12 00 39 19 
       04 5D 00 40 
       00 19 04 50 
       00 5E 00 19 
       55 39 00 66 
       00 12 00 24 
       19 04 FF 00 
       B1 00 19 04 
       01 01 67 00 
       19 55 03 01 
       78 00 12 00 
       00 19 04 D1 
       00 82 00 19 
       04 CB 00 78 
       00 19 55 D8 
       00 67 00 12 
       00 39 19 04 
       6A 00 40 00 
       19 04 68 00 
       66 00 19 55 
       50 00 5E 00 
       12 00 00 19 
       04 D1 00 82 
       00 19 04 C5 
       00 8E 00 19 
       55 CB 00 78 
       00 12 00 39 
       19 04 FD 00 
       9B 00 19 04 
       EF 00 60 00 
       19 55 01 01 
       67 00 12 00 
       39 19 04 E9 
       00 86 00 19 
       04 D8 00 67 
       00 19 55 EF 
       00 60 00 12 
       00 00 19 04 
       3E 00 87 00 
       19 04 32 00 
       78 00 19 55 
       4B 00 B6 00 
       12 00 39 19 
       04 E9 00 86 
       00 19 04 D1 
       00 82 00 19 
       55 D8 00 67 
       00 12 00 39 
       19 04 50 00 
       5E 00 19 04 
       68 00 66 00 
       19 55 7A 00 
       82 00 12 00 
       24 19 04 FF 
       00 B1 00 19 
       04 FD 00 9B 
       00 19 55 01 
       01 67 00 12 
       00 00 19 04 
       3E 00 87 00 
       19 04 4B 00 
       B6 00 19 55 
       56 00 BF 00 
       12 00 14 19 
       04 32 00 78 
       00 19 04 39 
       00 66 00 19 
       55 52 00 9E 
       00 12 00 39 
       19 04 FD 00 
       9B 00 19 04 
       E9 00 86 00 
       19 55 EF 00 
       60 00 12 00 
       39 19 04 39 
       00 66 00 19 
       04 50 00 5E 
       00 19 55 67 
       00 87 00 12 
       00 00 19 04 
       AA 00 DA 00 
       19 04 FF 00 
       B1 00 19 55 
       EF 00 BA 00 
       12 00 39 19 
       04 50 00 5E 
       00 19 04 7A 
       00 82 00 19 
       55 67 00 87 
       00 12 00 14 
       19 04 32 00 
       78 00 19 04 
       52 00 9E 00 
       19 55 4B 00 
       B6 00 12 00 
       39 19 04 AE 
       00 9B 00 19 
       04 D1 00 82 
       00 19 55 E9 
       00 86 00 12 
       00 39 19 04 
       AE 00 9B 00 
       19 04 A9 00 
       8F 00 19 55 
       D1 00 82 00 
       12 00 39 19 
       04 39 00 66 
       00 19 04 67 
       00 87 00 19 
       55 52 00 9E 
       00 12 00 39 
       19 04 67 00 
       87 00 19 04 
       7A 00 82 00 
       19 55 A9 00 
       8F 00 12 00 
       39 19 04 AE 
       00 D5 00 19 
       04 FD 00 9B 
       00 19 55 FF 
       00 B1 00 12 
       00 00 19 04 
       AA 00 DA 00 
       19 04 AE 00 
       D5 00 19 55 
       FF 00 B1 00 
       12 00 00 19 
       04 56 00 BF 
       00 19 04 AE 
       00 D5 00 19 
       55 AA 00 DA 
       00 12 00 00 
       19 04 56 00 
       BF 00 19 04 
       4B 00 B6 00 
       19 55 AE 00 
       D5 00 12 00 
       39 19 04 B0 
       00 BA 00 19 
       04 E9 00 86 
       00 19 55 FD 
       00 9B 00 12 
       00 39 19 04 
       67 00 87 00 
       19 04 A9 00 
       8F 00 19 55 
       AE 00 9B 00 
       12 00 39 19 
       04 B0 00 BA 
       00 19 04 AE 
       00 9B 00 19 
       55 E9 00 86 
       00 12 00 39 
       19 04 52 00 
       9E 00 19 04 
       67 00 87 00 
       19 55 AE 00 
       9B 00 12 00 
       39 19 04 AE 
       00 D5 00 19 
       04 B0 00 BA 
       00 19 55 FD 
       00 9B 00 12 
       00 24 19 04 
       4B 00 B6 00 
       19 04 52 00 
       9E 00 19 55 
       B0 00 BA 00 
       12 00 24 19 
       04 4B 00 B6 
       00 19 04 B0 
       00 BA 00 19 
       55 AE 00 D5 
       00 12 00 39 
       19 04 52 00 
       9E 00 19 04 
       AE 00 9B 00 
       19 55 B0 00 
       BA 00 41 05 
       10 12 00 39 
       19 04 D9 00 
       41 00 19 04 
       9D 00 36 00 
       19 55 9C 00 
       33 00 12 00 
       00 19 04 9D 
       00 5C 00 19 
       04 9C 00 65 
       00 19 55 7B 
       00 6E 00 12 
       00 00 19 04 
       BB 00 63 00 
       19 04 BE 00 
       6E 00 19 55 
       9C 00 65 00 
       12 00 00 19 
       04 BB 00 63 
       00 19 04 9C 
       00 65 00 19 
       55 9D 00 5C 
       00 12 00 39 
       19 04 9C 00 
       33 00 19 04 
       9D 00 36 00 
       19 55 6C 00 
       40 00 12 00 
       39 19 04 9C 
       00 33 00 19 
       04 6C 00 40 
       00 19 55 60 
       00 3F 00 12 
       00 39 19 04 
       D9 00 41 00 
       19 04 D0 00 
       41 00 19 55 
       9D 00 36 00 
       12 00 00 19 
       04 9D 00 5C 
       00 19 04 7B 
       00 6E 00 19 
       55 80 00 63 
       00 12 00 39 
       19 04 D0 00 
       41 00 19 04 
       9E 00 47 00 
       19 55 9D 00 
       36 00 12 00 
       39 19 04 9E 
       00 47 00 19 
       04 9D 00 5C 
       00 19 55 80 
       00 63 00 12 
       00 24 19 04 
       C3 00 50 00 
       19 04 BB 00 
       63 00 19 55 
       9D 00 5C 00 
       12 00 00 19 
       04 CC 00 78 
       00 19 04 BE 
       00 6E 00 19 
       55 BB 00 63 
       00 12 00 24 
       19 04 C3 00 
       50 00 19 04 
       9D 00 5C 00 
       19 55 9E 00 
       47 00 12 00 
       39 19 04 9D 
       00 36 00 19 
       04 9E 00 47 
       00 19 55 7A 
       00 4F 00 12 
       00 00 19 04 
       CC 00 78 00 
       19 04 D1 00 
       86 00 19 55 
       BE 00 6E 00 
       12 00 39 19 
       04 D0 00 41 
       00 19 04 C3 
       00 50 00 19 
       55 9E 00 47 
       00 12 00 39 
       19 04 9D 00 
       36 00 19 04 
       7A 00 4F 00 
       19 55 6C 00 
       40 00 12 00 
       00 19 04 5D 
       00 4C 00 19 
       04 60 00 3F 
       00 19 55 39 
       00 67 00 12 
       00 39 19 04 
       9E 00 47 00 
       19 04 80 00 
       63 00 19 55 
       7A 00 4F 00 
       12 00 39 19 
       04 03 01 68 
       00 19 04 D0 
       00 41 00 19 
       55 D9 00 41 
       00 12 00 10 
       19 04 D8 00 
       68 00 19 04 
       BB 00 63 00 
       19 55 C3 00 
       50 00 12 00 
       39 19 04 7A 
       00 4F 00 19 
       04 80 00 63 
       00 19 55 72 
       00 78 00 12 
       00 39 19 04 
       F0 00 61 00 
       19 04 C3 00 
       50 00 19 55 
       D0 00 41 00 
       12 00 00 19 
       04 5D 00 4C 
       00 19 04 39 
       00 67 00 19 
       55 34 00 78 
       00 12 00 39 
       19 04 60 00 
       3F 00 19 04 
       6C 00 40 00 
       19 55 4F 00 
       60 00 12 00 
       10 19 04 D8 
       00 68 00 19 
       04 CC 00 78 
       00 19 55 BB 
       00 63 00 12 
       00 39 19 04 
       6C 00 40 00 
       19 04 7A 00 
       4F 00 19 55 
       67 00 67 00 
       12 00 39 19 
       04 03 01 68 
       00 19 04 F0 
       00 61 00 19 
       55 D0 00 41 
       00 12 00 39 
       19 04 F0 00 
       61 00 19 04 
       D8 00 68 00 
       19 55 C3 00 
       50 00 12 00 
       39 19 04 7A 
       00 4F 00 19 
       04 72 00 78 
       00 19 55 67 
       00 67 00 12 
       00 39 19 04 
       60 00 3F 00 
       19 04 4F 00 
       60 00 19 55 
       39 00 67 00 
       12 00 39 19 
       04 6C 00 40 
       00 19 04 67 
       00 67 00 19 
       55 4F 00 60 
       00 12 00 00 
       19 04 CF 00 
       84 00 19 04 
       CC 00 78 00 
       19 55 D8 00 
       68 00 12 00 
       39 19 04 FC 
       00 B4 00 19 
       04 03 01 68 
       00 19 55 06 
       01 78 00 12 
       00 00 19 04 
       CF 00 84 00 
       19 04 C3 00 
       8F 00 19 55 
       CC 00 78 00 
       12 00 00 19 
       04 41 00 87 
       00 19 04 34 
       00 78 00 19 
       55 48 00 B7 
       00 12 00 39 
       19 04 E5 00 
       8A 00 19 04 
       D8 00 68 00 
       19 55 F0 00 
       61 00 12 00 
       39 19 04 FA 
       00 9F 00 19 
       04 F0 00 61 
       00 19 55 03 
       01 68 00 12 
       00 39 19 04 
       4F 00 60 00 
       19 04 67 00 
       67 00 19 55 
       76 00 84 00 
       12 00 00 19 
       04 41 00 87 
       00 19 04 48 
       00 B7 00 19 
       55 54 00 BF 
       00 12 00 10 
       19 04 34 00 
       78 00 19 04 
       39 00 67 00 
       19 55 4D 00 
       A0 00 12 00 
       39 19 04 E5 
       00 8A 00 19 
       04 CF 00 84 
       00 19 55 D8 
       00 68 00 12 
       00 39 19 04 
       39 00 67 00 
       19 04 4F 00 
       60 00 19 55 
       62 00 8A 00 
       12 00 39 19 
       04 FC 00 B4 
       00 19 04 FA 
       00 9F 00 19 
       55 03 01 68 
       00 12 00 39 
       19 04 FA 00 
       9F 00 19 04 
       E5 00 8A 00 
       19 55 F0 00 
       61 00 12 00 
       39 19 04 4F 
       00 60 00 19 
       04 76 00 84 
       00 19 55 62 
       00 8A 00 12 
       00 00 19 04 
       A4 00 DB 00 
       19 04 FC 00 
       B4 00 19 55 
       EE 00 BD 00 
       12 00 10 19 
       04 34 00 78 
       00 19 04 4D 
       00 A0 00 19 
       55 48 00 B7 
       00 12 00 39 
       19 04 39 00 
       67 00 19 04 
       62 00 8A 00 
       19 55 4D 00 
       A0 00 12 00 
       39 19 04 62 
       00 8A 00 19 
       04 76 00 84 
       00 19 55 A4 
       00 92 00 12 
       00 39 19 04 
       A6 00 9F 00 
       19 04 A4 00 
       92 00 19 55 
       CF 00 84 00 
       12 00 39 19 
       04 A6 00 9F 
       00 19 04 CF 
       00 84 00 19 
       55 E5 00 8A 
       00 12 00 00 
       19 04 54 00 
       BF 00 19 04 
       A7 00 D8 00 
       19 55 A4 00 
       DB 00 12 00 
       00 19 04 54 
       00 BF 00 19 
       04 48 00 B7 
       00 19 55 A7 
       00 D8 00 12 
       00 00 19 04 
       A4 00 DB 00 
       19 04 A7 00 
       D8 00 19 55 
       FC 00 B4 00 
       12 00 39 19 
       04 A7 00 D8 
       00 19 04 FA 
       00 9F 00 19 
       55 FC 00 B4 
       00 12 00 39 
       19 04 62 00 
       8A 00 19 04 
       A4 00 92 00 
       19 55 A6 00 
       9F 00 12 00 
       39 19 04 A8 
       00 BE 00 19 
       04 E5 00 8A 
       00 19 55 FA 
       00 9F 00 12 
       00 39 19 04 
       4D 00 A0 00 
       19 04 62 00 
       8A 00 19 55 
       A6 00 9F 00 
       12 00 24 19 
       04 48 00 B7 
       00 19 04 4D 
       00 A0 00 19 
       55 A8 00 BE 
       00 12 00 39 
       19 04 A8 00 
       BE 00 19 04 
       A6 00 9F 00 
       19 55 E5 00 
       8A 00 12 00 
       24 19 04 48 
       00 B7 00 19 
       04 A8 00 BE 
       00 19 55 A7 
       00 D8 00 12 
       00 39 19 04 
       A7 00 D8 00 
       19 04 A8 00 
       BE 00 19 55 
       FA 00 9F 00 
       12 00 39 19 
       04 4D 00 A0 
       00 19 04 A6 
       00 9F 00 19 
       55 A8 00 BE 
       00 41 05 10 
       12 00 00 19 
       04 A0 00 5A 
       00 19 04 A0 
       00 63 00 19 
       55 7E 00 6D 
       00 12 00 00 
       19 04 BD 00 
       62 00 19 04 
       C1 00 6D 00 
       19 55 A0 00 
       63 00 12 00 
       39 19 04 DD 
       00 3E 00 19 
       04 A0 00 34 
       00 19 55 A0 
       00 30 00 12 
       00 00 19 04 
       BD 00 62 00 
       19 04 A0 00 
       63 00 19 55 
       A0 00 5A 00 
       12 00 39 19 
       04 A0 00 30 
       00 19 04 6D 
       00 3F 00 19 
       55 62 00 3E 
       00 12 00 39 
       19 04 A0 00 
       30 00 19 04 
       A0 00 34 00 
       19 55 6D 00 
       3F 00 12 00 
       00 19 04 A0 
       00 5A 00 19 
       04 7E 00 6D 
       00 19 55 82 
       00 62 00 12 
       00 24 19 04 
       09 01 78 00 
       19 04 DD 00 
       3E 00 19 55 
       DF 00 4A 00 
       12 00 39 19 
       04 DD 00 3E 
       00 19 04 D2 
       00 3F 00 19 
       55 A0 00 34 
       00 12 00 39 
       19 04 A0 00 
       46 00 19 04 
       A0 00 5A 00 
       19 55 82 00 
       62 00 12 00 
       00 19 04 60 
       00 4A 00 19 
       04 62 00 3E 
       00 19 55 3A 
       00 68 00 12 
       00 39 19 04 
       D2 00 3F 00 
       19 04 A0 00 
       46 00 19 55 
       A0 00 34 00 
       12 00 24 19 
       04 C4 00 4F 
       00 19 04 A0 
       00 5A 00 19 
       55 A0 00 46 
       00 12 00 24 
       19 04 C4 00 
       4F 00 19 04 
       BD 00 62 00 
       19 55 A0 00 
       5A 00 12 00 
       39 19 04 A0 
       00 34 00 19 
       04 A0 00 46 
       00 19 55 7B 
       00 4F 00 12 
       00 39 19 04 
       A0 00 34 00 
       19 04 7B 00 
       4F 00 19 55 
       6D 00 3F 00 
       12 00 39 19 
       04 A0 00 46 
       00 19 04 82 
       00 62 00 19 
       55 7B 00 4F 
       00 12 00 39 
       19 04 D2 00 
       3F 00 19 04 
       C4 00 4F 00 
       19 55 A0 00 
       46 00 12 00 
       00 19 04 60 
       00 4A 00 19 
       04 3A 00 68 
       00 19 55 37 
       00 78 00 12 
       00 39 19 04 
       7B 00 4F 00 
       19 04 82 00 
       62 00 19 55 
       73 00 78 00 
       12 00 39 19 
       04 05 01 68 
       00 19 04 D2 
       00 3F 00 19 
       55 DD 00 3E 
       00 12 00 39 
       19 04 62 00 
       3E 00 19 04 
       6D 00 3F 00 
       19 55 4F 00 
       61 00 12 00 
       10 19 04 D8 
       00 68 00 19 
       04 BD 00 62 
       00 19 55 C4 
       00 4F 00 12 
       00 24 19 04 
       09 01 78 00 
       19 04 05 01 
       68 00 19 55 
       DD 00 3E 00 
       12 00 39 19 
       04 6D 00 3F 
       00 19 04 7B 
       00 4F 00 19 
       55 67 00 68 
       00 12 00 10 
       19 04 D8 00 
       68 00 19 04 
       CD 00 78 00 
       19 55 BD 00 
       62 00 12 00 
       39 19 04 F0 
       00 61 00 19 
       04 C4 00 4F 
       00 19 55 D2 
       00 3F 00 12 
       00 39 19 04 
       7B 00 4F 00 
       19 04 73 00 
       78 00 19 55 
       67 00 68 00 
       12 00 39 19 
       04 62 00 3E 
       00 19 04 4F 
       00 61 00 19 
       55 3A 00 68 
       00 12 00 39 
       19 04 05 01 
       68 00 19 04 
       F0 00 61 00 
       19 55 D2 00 
       3F 00 12 00 
       39 19 04 6D 
       00 3F 00 19 
       04 67 00 68 
       00 19 55 4F 
       00 61 00 12 
       00 39 19 04 
       F0 00 61 00 
       19 04 D8 00 
       68 00 19 55 
       C4 00 4F 00 
       12 00 24 19 
       04 67 00 68 
       00 19 04 73 
       00 78 00 19 
       55 7D 00 90 
       00 12 00 00 
       19 04 CC 00 
       86 00 19 04 
       CD 00 78 00 
       19 55 D8 00 
       68 00 12 00 
       00 19 04 CC 
       00 86 00 19 
       04 C2 00 90 
       00 19 55 CD 
       00 78 00 12 
       00 39 19 04 
       F9 00 B8 00 
       19 04 05 01 
       68 00 19 55 
       09 01 78 00 
       12 00 10 19 
       04 37 00 78 
       00 19 04 3A 
       00 68 00 19 
       55 4A 00 A2 
       00 12 00 39 
       19 04 4F 00 
       61 00 19 04 
       67 00 68 00 
       19 55 73 00 
       86 00 12 00 
       24 19 04 67 
       00 68 00 19 
       04 7D 00 90 
       00 19 55 73 
       00 86 00 12 
       00 39 19 04 
       E1 00 8D 00 
       19 04 D8 00 
       68 00 19 55 
       F0 00 61 00 
       12 00 39 19 
       04 3A 00 68 
       00 19 04 4F 
       00 61 00 19 
       55 5E 00 8D 
       00 12 00 39 
       19 04 F5 00 
       A2 00 19 04 
       F0 00 61 00 
       19 55 05 01 
       68 00 12 00 
       10 19 04 37 
       00 78 00 19 
       04 4A 00 A2 
       00 19 55 46 
       00 B8 00 12 
       00 39 19 04 
       E1 00 8D 00 
       19 04 CC 00 
       86 00 19 55 
       D8 00 68 00 
       12 00 39 19 
       04 4F 00 61 
       00 19 04 73 
       00 86 00 19 
       55 5E 00 8D 
       00 12 00 39 
       19 04 F9 00 
       B8 00 19 04 
       F5 00 A2 00 
       19 55 05 01 
       68 00 12 00 
       00 19 04 A0 
       00 DD 00 19 
       04 F9 00 B8 
       00 19 55 EC 
       00 BF 00 12 
       00 39 19 04 
       3A 00 68 00 
       19 04 5E 00 
       8D 00 19 55 
       4A 00 A2 00 
       12 00 39 19 
       04 F5 00 A2 
       00 19 04 E1 
       00 8D 00 19 
       55 F0 00 61 
       00 12 00 39 
       19 04 5E 00 
       8D 00 19 04 
       73 00 86 00 
       19 55 A0 00 
       94 00 12 00 
       00 19 04 53 
       00 BF 00 19 
       04 46 00 B8 
       00 19 55 A0 
       00 DB 00 12 
       00 00 19 04 
       53 00 BF 00 
       19 04 A0 00 
       DB 00 19 55 
       A0 00 DD 00 
       12 00 39 19 
       04 A0 00 A3 
       00 19 04 A0 
       00 94 00 19 
       55 CC 00 86 
       00 12 00 39 
       19 04 A0 00 
       A3 00 19 04 
       CC 00 86 00 
       19 55 E1 00 
       8D 00 12 00 
       00 19 04 A0 
       00 DD 00 19 
       04 A0 00 DB 
       00 19 55 F9 
       00 B8 00 12 
       00 39 19 04 
       5E 00 8D 00 
       19 04 A0 00 
       94 00 19 55 
       A0 00 A3 00 
       12 00 39 19 
       04 A0 00 DB 
       00 19 04 F5 
       00 A2 00 19 
       55 F9 00 B8 
       00 12 00 39 
       19 04 4A 00 
       A2 00 19 04 
       5E 00 8D 00 
       19 55 A0 00 
       A3 00 12 00 
       24 19 04 46 
       00 B8 00 19 
       04 4A 00 A2 
       00 19 55 A0 
       00 C2 00 12 
       00 39 19 04 
       A0 00 C2 00 
       19 04 E1 00 
       8D 00 19 55 
       F5 00 A2 00 
       12 00 24 19 
       04 46 00 B8 
       00 19 04 A0 
       00 C2 00 19 
       55 A0 00 DB 
       00 12 00 39 
       19 04 A0 00 
       C2 00 19 04 
       A0 00 A3 00 
       19 55 E1 00 
       8D 00 12 00 
       39 19 04 A0 
       00 DB 00 19 
       04 A0 00 C2 
       00 19 55 F5 
       00 A2 00 12 
       00 39 19 04 
       4A 00 A2 00 
       19 04 A0 00 
       A3 00 19 55 
       A0 00 C2 00 
       41 05 10 12 
       00 00 19 04 
       A1 00 59 00 
       19 04 A3 00 
       61 00 19 55 
       81 00 6B 00 
       12 00 00 19 
       04 BF 00 61 
       00 19 04 C4 
       00 6B 00 19 
       55 A3 00 61 
       00 12 00 39 
       19 04 E0 00 
       3C 00 19 04 
       A1 00 32 00 
       19 55 A2 00 
       2D 00 12 00 
       00 19 04 BF 
       00 61 00 19 
       04 A3 00 61 
       00 19 55 A1 
       00 59 00 12 
       00 39 19 04 
       A2 00 2D 00 
       19 04 6E 00 
       3F 00 19 55 
       64 00 3D 00 
       12 00 00 19 
       04 A1 00 59 
       00 19 04 81 
       00 6B 00 19 
       55 83 00 61 
       00 12 00 39 
       19 04 A2 00 
       2D 00 19 04 
       A1 00 32 00 
       19 55 6E 00 
       3F 00 12 00 
       00 19 04 83 
       00 61 00 19 
       04 81 00 6B 
       00 19 55 6E 
       00 85 00 12 
       00 24 19 04 
       A1 00 45 00 
       19 04 A1 00 
       59 00 19 55 
       83 00 61 00 
       12 00 24 19 
       04 0B 01 78 
       00 19 04 E0 
       00 3C 00 19 
       55 E3 00 47 
       00 12 00 39 
       19 04 E0 00 
       3C 00 19 04 
       D4 00 3E 00 
       19 55 A1 00 
       32 00 12 00 
       39 19 04 A1 
       00 32 00 19 
       04 A1 00 45 
       00 19 55 7C 
       00 4F 00 12 
       00 39 19 04 
       D4 00 3E 00 
       19 04 A1 00 
       45 00 19 55 
       A1 00 32 00 
       12 00 14 19 
       04 C5 00 4E 
       00 19 04 A1 
       00 59 00 19 
       55 A1 00 45 
       00 12 00 39 
       19 04 A1 00 
       32 00 19 04 
       7C 00 4F 00 
       19 55 6E 00 
       3F 00 12 00 
       14 19 04 C5 
       00 4E 00 19 
       04 BF 00 61 
       00 19 55 A1 
       00 59 00 12 
       00 24 19 04 
       A1 00 45 00 
       19 04 83 00 
       61 00 19 55 
       7C 00 4F 00 
       12 00 00 19 
       04 83 00 61 
       00 19 04 6E 
       00 85 00 19 
       55 73 00 78 
       00 12 00 39 
       19 04 7C 00 
       4F 00 19 04 
       83 00 61 00 
       19 55 73 00 
       78 00 12 00 
       39 19 04 D4 
       00 3E 00 19 
       04 C5 00 4E 
       00 19 55 A1 
       00 45 00 12 
       00 39 19 04 
       64 00 3D 00 
       19 04 6E 00 
       3F 00 19 55 
       4F 00 62 00 
       12 00 39 19 
       04 6E 00 3F 
       00 19 04 7C 
       00 4F 00 19 
       55 66 00 69 
       00 12 00 39 
       19 04 06 01 
       68 00 19 04 
       D4 00 3E 00 
       19 55 E0 00 
       3C 00 12 00 
       39 19 04 64 
       00 3D 00 19 
       04 4F 00 62 
       00 19 55 3B 
       00 69 00 12 
       00 00 19 04 
       D8 00 68 00 
       19 04 BF 00 
       61 00 19 55 
       C5 00 4E 00 
       12 00 39 19 
       04 7C 00 4F 
       00 19 04 73 
       00 78 00 19 
       55 66 00 69 
       00 12 00 00 
       19 04 D8 00 
       68 00 19 04 
       CD 00 78 00 
       19 55 BF 00 
       61 00 12 00 
       24 19 04 0B 
       01 78 00 19 
       04 06 01 68 
       00 19 55 E0 
       00 3C 00 12 
       00 39 19 04 
       F0 00 61 00 
       19 04 C5 00 
       4E 00 19 55 
       D4 00 3E 00 
       12 00 39 19 
       04 6E 00 3F 
       00 19 04 66 
       00 69 00 19 
       55 4F 00 62 
       00 12 00 24 
       19 04 66 00 
       69 00 19 04 
       73 00 78 00 
       19 55 7C 00 
       91 00 12 00 
       00 19 04 EA 
       00 C1 00 19 
       04 0B 01 78 
       00 19 55 FE 
       00 85 00 12 
       00 39 19 04 
       F0 00 61 00 
       19 04 D8 00 
       68 00 19 55 
       C5 00 4E 00 
       12 00 39 19 
       04 06 01 68 
       00 19 04 F0 
       00 61 00 19 
       55 D4 00 3E 
       00 12 00 00 
       19 04 39 00 
       78 00 19 04 
       3B 00 69 00 
       19 55 47 00 
       A5 00 12 00 
       39 19 04 4F 
       00 62 00 19 
       04 66 00 69 
       00 19 55 71 
       00 88 00 12 
       00 24 19 04 
       66 00 69 00 
       19 04 7C 00 
       91 00 19 55 
       71 00 88 00 
       12 00 39 19 
       04 3B 00 69 
       00 19 04 4F 
       00 62 00 19 
       55 5A 00 8F 
       00 12 00 39 
       19 04 F6 00 
       BB 00 19 04 
       06 01 68 00 
       19 55 0B 01 
       78 00 12 00 
       00 19 04 39 
       00 78 00 19 
       04 47 00 A5 
       00 19 55 45 
       00 B8 00 12 
       00 00 19 04 
       EA 00 C1 00 
       19 04 F6 00 
       BB 00 19 55 
       0B 01 78 00 
       12 00 39 19 
       04 DD 00 90 
       00 19 04 D8 
       00 68 00 19 
       55 F0 00 61 
       00 12 00 39 
       19 04 4F 00 
       62 00 19 04 
       71 00 88 00 
       19 55 5A 00 
       8F 00 12 00 
       39 19 04 F1 
       00 A6 00 19 
       04 F0 00 61 
       00 19 55 06 
       01 68 00 12 
       00 39 19 04 
       3B 00 69 00 
       19 04 5A 00 
       8F 00 19 55 
       47 00 A5 00 
       12 00 39 19 
       04 DD 00 90 
       00 19 04 C9 
       00 88 00 19 
       55 D8 00 68 
       00 12 00 00 
       19 04 9B 00 
       DE 00 19 04 
       F6 00 BB 00 
       19 55 EA 00 
       C1 00 12 00 
       00 19 04 53 
       00 BE 00 19 
       04 45 00 B8 
       00 19 55 99 
       00 DE 00 12 
       00 00 19 04 
       53 00 BE 00 
       19 04 99 00 
       DE 00 19 55 
       9B 00 DE 00 
       12 00 39 19 
       04 F6 00 BB 
       00 19 04 F1 
       00 A6 00 19 
       55 06 01 68 
       00 12 00 39 
       19 04 5A 00 
       8F 00 19 04 
       71 00 88 00 
       19 55 9B 00 
       97 00 12 00 
       39 19 04 F1 
       00 A6 00 19 
       04 DD 00 90 
       00 19 55 F0 
       00 61 00 12 
       00 39 19 04 
       99 00 A7 00 
       19 04 9B 00 
       97 00 19 55 
       C9 00 88 00 
       12 00 00 19 
       04 9B 00 DE 
       00 19 04 99 
       00 DE 00 19 
       55 F6 00 BB 
       00 12 00 39 
       19 04 99 00 
       A7 00 19 04 
       C9 00 88 00 
       19 55 DD 00 
       90 00 12 00 
       39 19 04 5A 
       00 8F 00 19 
       04 9B 00 97 
       00 19 55 99 
       00 A7 00 12 
       00 14 19 04 
       45 00 B8 00 
       19 04 47 00 
       A5 00 19 55 
       98 00 C6 00 
       12 00 39 19 
       04 47 00 A5 
       00 19 04 5A 
       00 8F 00 19 
       55 99 00 A7 
       00 12 00 24 
       19 04 99 00 
       DE 00 19 04 
       F1 00 A6 00 
       19 55 F6 00 
       BB 00 12 00 
       14 19 04 45 
       00 B8 00 19 
       04 98 00 C6 
       00 19 55 99 
       00 DE 00 12 
       00 39 19 04 
       98 00 C6 00 
       19 04 DD 00 
       90 00 19 55 
       F1 00 A6 00 
       12 00 39 19 
       04 47 00 A5 
       00 19 04 99 
       00 A7 00 19 
       55 98 00 C6 
       00 12 00 39 
       19 04 98 00 
       C6 00 19 04 
       99 00 A7 00 
       19 55 DD 00 
       90 00 12 00 
       24 19 04 99 
       00 DE 00 19 
       04 98 00 C6 
       00 19 55 F1 
       00 A6 00 41 
       05 10 12 00 
       00 19 04 A3 
       00 58 00 19 
       04 A6 00 5F 
       00 19 55 84 
       00 6A 00 12 
       00 00 19 04 
       C0 00 60 00 
       19 04 C6 00 
       69 00 19 55 
       A6 00 5F 00 
       12 00 00 19 
       04 A3 00 58 
       00 19 04 84 
       00 6A 00 19 
       55 85 00 61 
       00 12 00 39 
       19 04 A5 00 
       2B 00 19 04 
       6F 00 3F 00 
       19 55 67 00 
       3D 00 12 00 
       00 19 04 C0 
       00 60 00 19 
       04 A6 00 5F 
       00 19 55 A3 
       00 58 00 12 
       00 00 19 04 
       85 00 61 00 
       19 04 84 00 
       6A 00 19 55 
       70 00 84 00 
       12 00 39 19 
       04 A5 00 2B 
       00 19 04 A3 
       00 30 00 19 
       55 6F 00 3F 
       00 12 00 39 
       19 04 E3 00 
       39 00 19 04 
       A3 00 30 00 
       19 55 A5 00 
       2B 00 12 00 
       24 19 04 A2 
       00 44 00 19 
       04 A3 00 58 
       00 19 55 85 
       00 61 00 12 
       00 24 19 04 
       A2 00 44 00 
       19 04 85 00 
       61 00 19 55 
       7C 00 4E 00 
       12 00 39 19 
       04 A3 00 30 
       00 19 04 7C 
       00 4E 00 19 
       55 6F 00 3F 
       00 12 00 39 
       19 04 A3 00 
       30 00 19 04 
       A2 00 44 00 
       19 55 7C 00 
       4E 00 12 00 
       00 19 04 85 
       00 61 00 19 
       04 70 00 84 
       00 19 55 74 
       00 78 00 12 
       00 14 19 04 
       C6 00 4D 00 
       19 04 A3 00 
       58 00 19 55 
       A2 00 44 00 
       12 00 14 19 
       04 C6 00 4D 
       00 19 04 C0 
       00 60 00 19 
       55 A3 00 58 
       00 12 00 39 
       19 04 D5 00 
       3C 00 19 04 
       A2 00 44 00 
       19 55 A3 00 
       30 00 12 00 
       39 19 04 E3 
       00 39 00 19 
       04 D5 00 3C 
       00 19 55 A3 
       00 30 00 12 
       00 39 19 04 
       7C 00 4E 00 
       19 04 85 00 
       61 00 19 55 
       74 00 78 00 
       12 00 39 19 
       04 67 00 3D 
       00 19 04 6F 
       00 3F 00 19 
       55 4F 00 64 
       00 12 00 39 
       19 04 0D 01 
       78 00 19 04 
       E3 00 39 00 
       19 55 E7 00 
       44 00 12 00 
       39 19 04 D5 
       00 3C 00 19 
       04 C6 00 4D 
       00 19 55 A2 
       00 44 00 12 
       00 39 19 04 
       6F 00 3F 00 
       19 04 7C 00 
       4E 00 19 55 
       66 00 6A 00 
       12 00 39 19 
       04 67 00 3D 
       00 19 04 4F 
       00 64 00 19 
       55 3D 00 6A 
       00 12 00 39 
       19 04 7C 00 
       4E 00 19 04 
       74 00 78 00 
       19 55 66 00 
       6A 00 12 00 
       39 19 04 6F 
       00 3F 00 19 
       04 66 00 6A 
       00 19 55 4F 
       00 64 00 12 
       00 00 19 04 
       D7 00 69 00 
       19 04 C0 00 
       60 00 19 55 
       C6 00 4D 00 
       12 00 39 19 
       04 07 01 69 
       00 19 04 D5 
       00 3C 00 19 
       55 E3 00 39 
       00 12 00 00 
       19 04 D7 00 
       69 00 19 04 
       CD 00 78 00 
       19 55 C0 00 
       60 00 12 00 
       39 19 04 66 
       00 6A 00 19 
       04 74 00 78 
       00 19 55 7B 
       00 91 00 12 
       00 39 19 04 
       0D 01 78 00 
       19 04 07 01 
       69 00 19 55 
       E3 00 39 00 
       12 00 39 19 
       04 EF 00 62 
       00 19 04 C6 
       00 4D 00 19 
       55 D5 00 3C 
       00 12 00 00 
       19 04 3C 00 
       78 00 19 04 
       3D 00 6A 00 
       19 55 45 00 
       A6 00 12 00 
       00 19 04 E8 
       00 C3 00 19 
       04 0D 01 78 
       00 19 55 00 
       01 85 00 12 
       00 39 19 04 
       EF 00 62 00 
       19 04 D7 00 
       69 00 19 55 
       C6 00 4D 00 
       12 00 39 19 
       04 4F 00 64 
       00 19 04 66 
       00 6A 00 19 
       55 6F 00 89 
       00 12 00 39 
       19 04 66 00 
       6A 00 19 04 
       7B 00 91 00 
       19 55 6F 00 
       89 00 12 00 
       39 19 04 07 
       01 69 00 19 
       04 EF 00 62 
       00 19 55 D5 
       00 3C 00 12 
       00 39 19 04 
       3D 00 6A 00 
       19 04 4F 00 
       64 00 19 55 
       57 00 92 00 
       12 00 00 19 
       04 3C 00 78 
       00 19 04 45 
       00 A6 00 19 
       55 44 00 B9 
       00 12 00 39 
       19 04 4F 00 
       64 00 19 04 
       6F 00 89 00 
       19 55 57 00 
       92 00 12 00 
       39 19 04 F2 
       00 BE 00 19 
       04 07 01 69 
       00 19 55 0D 
       01 78 00 12 
       00 39 19 04 
       3D 00 6A 00 
       19 04 57 00 
       92 00 19 55 
       45 00 A6 00 
       12 00 00 19 
       04 E8 00 C3 
       00 19 04 F2 
       00 BE 00 19 
       55 0D 01 78 
       00 12 00 00 
       19 04 54 00 
       BE 00 19 04 
       44 00 B9 00 
       19 55 94 00 
       DF 00 12 00 
       39 19 04 D8 
       00 93 00 19 
       04 D7 00 69 
       00 19 55 EF 
       00 62 00 12 
       00 00 19 04 
       54 00 BE 00 
       19 04 94 00 
       DF 00 19 55 
       98 00 DE 00 
       12 00 39 19 
       04 EC 00 AA 
       00 19 04 EF 
       00 62 00 19 
       55 07 01 69 
       00 12 00 39 
       19 04 D8 00 
       93 00 19 04 
       C5 00 8A 00 
       19 55 D7 00 
       69 00 12 00 
       39 19 04 57 
       00 92 00 19 
       04 6F 00 89 
       00 19 55 97 
       00 99 00 12 
       00 00 19 04 
       98 00 DE 00 
       19 04 F2 00 
       BE 00 19 55 
       E8 00 C3 00 
       12 00 39 19 
       04 F2 00 BE 
       00 19 04 EC 
       00 AA 00 19 
       55 07 01 69 
       00 12 00 14 
       19 04 44 00 
       B9 00 19 04 
       45 00 A6 00 
       19 55 91 00 
       C9 00 12 00 
       39 19 04 EC 
       00 AA 00 19 
       04 D8 00 93 
       00 19 55 EF 
       00 62 00 12 
       00 39 19 04 
       93 00 AA 00 
       19 04 97 00 
       99 00 19 55 
       C5 00 8A 00 
       12 00 00 19 
       04 98 00 DE 
       00 19 04 94 
       00 DF 00 19 
       55 F2 00 BE 
       00 12 00 39 
       19 04 45 00 
       A6 00 19 04 
       57 00 92 00 
       19 55 93 00 
       AA 00 12 00 
       39 19 04 57 
       00 92 00 19 
       04 97 00 99 
       00 19 55 93 
       00 AA 00 12 
       00 14 19 04 
       44 00 B9 00 
       19 04 91 00 
       C9 00 19 55 
       94 00 DF 00 
       12 00 39 19 
       04 93 00 AA 
       00 19 04 C5 
       00 8A 00 19 
       55 D8 00 93 
       00 12 00 24 
       19 04 94 00 
       DF 00 19 04 
       EC 00 AA 00 
       19 55 F2 00 
       BE 00 12 00 
       39 19 04 45 
       00 A6 00 19 
       04 93 00 AA 
       00 19 55 91 
       00 C9 00 12 
       00 39 19 04 
       91 00 C9 00 
       19 04 D8 00 
       93 00 19 55 
       EC 00 AA 00 
       12 00 39 19 
       04 91 00 C9 
       00 19 04 93 
       00 AA 00 19 
       55 D8 00 93 
       00 12 00 24 
       19 04 94 00 
       DF 00 19 04 
       91 00 C9 00 
       19 55 EC 00 
       AA 00 41 05 
       10 12 00 00 
       19 04 A5 00 
       57 00 19 04 
       A8 00 5E 00 
       19 55 87 00 
       68 00 12 00 
       10 19 04 86 
       00 60 00 19 
       04 87 00 68 
       00 19 55 73 
       00 83 00 12 
       00 00 19 04 
       A5 00 57 00 
       19 04 87 00 
       68 00 19 55 
       86 00 60 00 
       12 00 39 19 
       04 A7 00 29 
       00 19 04 70 
       00 3F 00 19 
       55 69 00 3C 
       00 12 00 00 
       19 04 C1 00 
       5F 00 19 04 
       C9 00 68 00 
       19 55 A8 00 
       5E 00 12 00 
       00 19 04 C1 
       00 5F 00 19 
       04 A8 00 5E 
       00 19 55 A5 
       00 57 00 12 
       00 39 19 04 
       A7 00 29 00 
       19 04 A4 00 
       2F 00 19 55 
       70 00 3F 00 
       12 00 39 19 
       04 E5 00 37 
       00 19 04 A4 
       00 2F 00 19 
       55 A7 00 29 
       00 12 00 24 
       19 04 A3 00 
       43 00 19 04 
       A5 00 57 00 
       19 55 86 00 
       60 00 12 00 
       10 19 04 86 
       00 60 00 19 
       04 73 00 83 
       00 19 55 75 
       00 78 00 12 
       00 24 19 04 
       A3 00 43 00 
       19 04 86 00 
       60 00 19 55 
       7D 00 4E 00 
       12 00 39 19 
       04 A4 00 2F 
       00 19 04 7D 
       00 4E 00 19 
       55 70 00 3F 
       00 12 00 39 
       19 04 A4 00 
       2F 00 19 04 
       A3 00 43 00 
       19 55 7D 00 
       4E 00 12 00 
       39 19 04 69 
       00 3C 00 19 
       04 70 00 3F 
       00 19 55 4F 
       00 65 00 12 
       00 39 19 04 
       7D 00 4E 00 
       19 04 86 00 
       60 00 19 55 
       75 00 78 00 
       12 00 10 19 
       04 C6 00 4C 
       00 19 04 A5 
       00 57 00 19 
       55 A3 00 43 
       00 12 00 10 
       19 04 C6 00 
       4C 00 19 04 
       C1 00 5F 00 
       19 55 A5 00 
       57 00 12 00 
       39 19 04 69 
       00 3C 00 19 
       04 4F 00 65 
       00 19 55 3F 
       00 6B 00 12 
       00 39 19 04 
       D6 00 3A 00 
       19 04 A3 00 
       43 00 19 55 
       A4 00 2F 00 
       12 00 39 19 
       04 70 00 3F 
       00 19 04 7D 
       00 4E 00 19 
       55 66 00 6A 
       00 12 00 39 
       19 04 E5 00 
       37 00 19 04 
       D6 00 3A 00 
       19 55 A4 00 
       2F 00 12 00 
       39 19 04 7D 
       00 4E 00 19 
       04 75 00 78 
       00 19 55 66 
       00 6A 00 12 
       00 39 19 04 
       0E 01 78 00 
       19 04 E5 00 
       37 00 19 55 
       EA 00 41 00 
       12 00 39 19 
       04 D6 00 3A 
       00 19 04 C6 
       00 4C 00 19 
       55 A3 00 43 
       00 12 00 39 
       19 04 70 00 
       3F 00 19 04 
       66 00 6A 00 
       19 55 4F 00 
       65 00 12 00 
       39 19 04 66 
       00 6A 00 19 
       04 75 00 78 
       00 19 55 7B 
       00 92 00 12 
       00 00 19 04 
       40 00 78 00 
       19 04 3F 00 
       6B 00 19 55 
       44 00 A8 00 
       12 00 00 19 
       04 D6 00 69 
       00 19 04 C1 
       00 5F 00 19 
       55 C6 00 4C 
       00 12 00 00 
       19 04 D6 00 
       69 00 19 04 
       CD 00 78 00 
       19 55 C1 00 
       5F 00 12 00 
       39 19 04 07 
       01 69 00 19 
       04 D6 00 3A 
       00 19 55 E5 
       00 37 00 12 
       00 39 19 04 
       EE 00 63 00 
       19 04 C6 00 
       4C 00 19 55 
       D6 00 3A 00 
       12 00 39 19 
       04 4F 00 65 
       00 19 04 66 
       00 6A 00 19 
       55 6D 00 8B 
       00 12 00 39 
       19 04 3F 00 
       6B 00 19 04 
       4F 00 65 00 
       19 55 55 00 
       94 00 12 00 
       39 19 04 66 
       00 6A 00 19 
       04 7B 00 92 
       00 19 55 6D 
       00 8B 00 12 
       00 39 19 04 
       0E 01 78 00 
       19 04 07 01 
       69 00 19 55 
       E5 00 37 00 
       12 00 00 19 
       04 40 00 78 
       00 19 04 44 
       00 A8 00 19 
       55 45 00 B9 
       00 12 00 10 
       19 04 E6 00 
       C4 00 19 04 
       0E 01 78 00 
       19 55 02 01 
       84 00 12 00 
       39 19 04 EE 
       00 63 00 19 
       04 D6 00 69 
       00 19 55 C6 
       00 4C 00 12 
       00 39 19 04 
       07 01 69 00 
       19 04 EE 00 
       63 00 19 55 
       D6 00 3A 00 
       12 00 39 19 
       04 4F 00 65 
       00 19 04 6D 
       00 8B 00 19 
       55 55 00 94 
       00 12 00 39 
       19 04 3F 00 
       6B 00 19 04 
       55 00 94 00 
       19 55 44 00 
       A8 00 12 00 
       00 19 04 56 
       00 BD 00 19 
       04 45 00 B9 
       00 19 55 8F 
       00 E1 00 12 
       00 00 19 04 
       56 00 BD 00 
       19 04 8F 00 
       E1 00 19 55 
       96 00 DF 00 
       12 00 39 19 
       04 EE 00 C1 
       00 19 04 07 
       01 69 00 19 
       55 0E 01 78 
       00 12 00 10 
       19 04 E6 00 
       C4 00 19 04 
       EE 00 C1 00 
       19 55 0E 01 
       78 00 12 00 
       39 19 04 55 
       00 94 00 19 
       04 6D 00 8B 
       00 19 55 93 
       00 9B 00 12 
       00 39 19 04 
       D3 00 96 00 
       19 04 D6 00 
       69 00 19 55 
       EE 00 63 00 
       12 00 00 19 
       04 96 00 DF 
       00 19 04 EE 
       00 C1 00 19 
       55 E6 00 C4 
       00 12 00 39 
       19 04 D3 00 
       96 00 19 04 
       C2 00 8C 00 
       19 55 D6 00 
       69 00 12 00 
       10 19 04 45 
       00 B9 00 19 
       04 44 00 A8 
       00 19 55 8B 
       00 CC 00 12 
       00 39 19 04 
       E7 00 AE 00 
       19 04 EE 00 
       63 00 19 55 
       07 01 69 00 
       12 00 39 19 
       04 44 00 A8 
       00 19 04 55 
       00 94 00 19 
       55 8D 00 AD 
       00 12 00 39 
       19 04 55 00 
       94 00 19 04 
       93 00 9B 00 
       19 55 8D 00 
       AD 00 12 00 
       00 19 04 96 
       00 DF 00 19 
       04 8F 00 E1 
       00 19 55 EE 
       00 C1 00 12 
       00 39 19 04 
       8D 00 AD 00 
       19 04 93 00 
       9B 00 19 55 
       C2 00 8C 00 
       12 00 10 19 
       04 45 00 B9 
       00 19 04 8B 
       00 CC 00 19 
       55 8F 00 E1 
       00 12 00 39 
       19 04 EE 00 
       C1 00 19 04 
       E7 00 AE 00 
       19 55 07 01 
       69 00 12 00 
       39 19 04 E7 
       00 AE 00 19 
       04 D3 00 96 
       00 19 55 EE 
       00 63 00 12 
       00 39 19 04 
       8D 00 AD 00 
       19 04 C2 00 
       8C 00 19 55 
       D3 00 96 00 
       12 00 39 19 
       04 44 00 A8 
       00 19 04 8D 
       00 AD 00 19 
       55 8B 00 CC 
       00 12 00 24 
       19 04 8F 00 
       E1 00 19 04 
       E7 00 AE 00 
       19 55 EE 00 
       C1 00 12 00 
       24 19 04 8F 
       00 E1 00 19 
       04 8B 00 CC 
       00 19 55 E7 
       00 AE 00 12 
       00 39 19 04 
       8B 00 CC 00 
       19 04 8D 00 
       AD 00 19 55 
       D3 00 96 00 
       12 00 39 19 
       04 8B 00 CC 
       00 19 04 D3 
       00 96 00 19 
       55 E7 00 AE 
       00 41 05 10 
       12 00 00 19 
       04 A6 00 55 
       00 19 04 AB 
       00 5C 00 19 
       55 89 00 67 
       00 12 00 10 
       19 04 88 00 
       60 00 19 04 
       89 00 67 00 
       19 55 75 00 
       83 00 12 00 
       00 19 04 A6 
       00 55 00 19 
       04 89 00 67 
       00 19 55 88 
       00 60 00 12 
       00 39 19 04 
       A9 00 26 00 
       19 04 71 00 
       3F 00 19 55 
       6B 00 3C 00 
       12 00 00 19 
       04 C2 00 5E 
       00 19 04 CB 
       00 66 00 19 
       55 AB 00 5C 
       00 12 00 00 
       19 04 C2 00 
       5E 00 19 04 
       AB 00 5C 00 
       19 55 A6 00 
       55 00 12 00 
       39 19 04 A9 
       00 26 00 19 
       04 A4 00 2D 
       00 19 55 71 
       00 3F 00 12 
       00 10 19 04 
       88 00 60 00 
       19 04 75 00 
       83 00 19 55 
       76 00 78 00 
       12 00 24 19 
       04 A3 00 42 
       00 19 04 A6 
       00 55 00 19 
       55 88 00 60 
       00 12 00 24 
       19 04 6B 00 
       3C 00 19 04 
       71 00 3F 00 
       19 55 50 00 
       66 00 12 00 
       39 19 04 E6 
       00 34 00 19 
       04 A4 00 2D 
       00 19 55 A9 
       00 26 00 12 
       00 24 19 04 
       A3 00 42 00 
       19 04 88 00 
       60 00 19 55 
       7E 00 4E 00 
       12 00 39 19 
       04 7E 00 4E 
       00 19 04 88 
       00 60 00 19 
       55 76 00 78 
       00 12 00 39 
       19 04 A4 00 
       2D 00 19 04 
       7E 00 4E 00 
       19 55 71 00 
       3F 00 12 00 
       24 19 04 6B 
       00 3C 00 19 
       04 50 00 66 
       00 19 55 41 
       00 6C 00 12 
       00 39 19 04 
       A4 00 2D 00 
       19 04 A3 00 
       42 00 19 55 
       7E 00 4E 00 
       12 00 39 19 
       04 71 00 3F 
       00 19 04 7E 
       00 4E 00 19 
       55 67 00 6B 
       00 12 00 10 
       19 04 C6 00 
       4B 00 19 04 
       A6 00 55 00 
       19 55 A3 00 
       42 00 12 00 
       10 19 04 C6 
       00 4B 00 19 
       04 C2 00 5E 
       00 19 55 A6 
       00 55 00 12 
       00 39 19 04 
       7E 00 4E 00 
       19 04 76 00 
       78 00 19 55 
       67 00 6B 00 
       12 00 39 19 
       04 D6 00 39 
       00 19 04 A3 
       00 42 00 19 
       55 A4 00 2D 
       00 12 00 39 
       19 04 71 00 
       3F 00 19 04 
       67 00 6B 00 
       19 55 50 00 
       66 00 12 00 
       39 19 04 E6 
       00 34 00 19 
       04 D6 00 39 
       00 19 55 A4 
       00 2D 00 12 
       00 00 19 04 
       43 00 78 00 
       19 04 41 00 
       6C 00 19 55 
       44 00 A9 00 
       12 00 39 19 
       04 67 00 6B 
       00 19 04 76 
       00 78 00 19 
       55 7B 00 92 
       00 12 00 39 
       19 04 D6 00 
       39 00 19 04 
       C6 00 4B 00 
       19 55 A3 00 
       42 00 12 00 
       39 19 04 0F 
       01 78 00 19 
       04 E6 00 34 
       00 19 55 ED 
       00 3F 00 12 
       00 00 19 04 
       43 00 78 00 
       19 04 44 00 
       A9 00 19 55 
       46 00 B9 00 
       12 00 00 19 
       04 D4 00 6A 
       00 19 04 C2 
       00 5E 00 19 
       55 C6 00 4B 
       00 12 00 24 
       19 04 41 00 
       6C 00 19 04 
       50 00 66 00 
       19 55 54 00 
       96 00 12 00 
       39 19 04 50 
       00 66 00 19 
       04 67 00 6B 
       00 19 55 6B 
       00 8C 00 12 
       00 00 19 04 
       D4 00 6A 00 
       19 04 CD 00 
       78 00 19 55 
       C2 00 5E 00 
       12 00 39 19 
       04 67 00 6B 
       00 19 04 7B 
       00 92 00 19 
       55 6B 00 8C 
       00 12 00 39 
       19 04 06 01 
       69 00 19 04 
       D6 00 39 00 
       19 55 E6 00 
       34 00 12 00 
       24 19 04 EC 
       00 63 00 19 
       04 C6 00 4B 
       00 19 55 D6 
       00 39 00 12 
       00 24 19 04 
       41 00 6C 00 
       19 04 54 00 
       96 00 19 55 
       44 00 A9 00 
       12 00 39 19 
       04 50 00 66 
       00 19 04 6B 
       00 8C 00 19 
       55 54 00 96 
       00 12 00 39 
       19 04 0F 01 
       78 00 19 04 
       06 01 69 00 
       19 55 E6 00 
       34 00 12 00 
       10 19 04 E4 
       00 C6 00 19 
       04 0F 01 78 
       00 19 55 04 
       01 84 00 12 
       00 00 19 04 
       58 00 BC 00 
       19 04 46 00 
       B9 00 19 55 
       8B 00 E2 00 
       12 00 24 19 
       04 EC 00 63 
       00 19 04 D4 
       00 6A 00 19 
       55 C6 00 4B 
       00 12 00 39 
       19 04 06 01 
       69 00 19 04 
       EC 00 63 00 
       19 55 D6 00 
       39 00 12 00 
       00 19 04 58 
       00 BC 00 19 
       04 8B 00 E2 
       00 19 55 94 
       00 DF 00 12 
       00 39 19 04 
       54 00 96 00 
       19 04 6B 00 
       8C 00 19 55 
       90 00 9D 00 
       12 00 10 19 
       04 46 00 B9 
       00 19 04 44 
       00 A9 00 19 
       55 85 00 CE 
       00 12 00 10 
       19 04 E4 00 
       C6 00 19 04 
       EA 00 C4 00 
       19 55 0F 01 
       78 00 12 00 
       39 19 04 EA 
       00 C4 00 19 
       04 06 01 69 
       00 19 55 0F 
       01 78 00 12 
       00 00 19 04 
       94 00 DF 00 
       19 04 EA 00 
       C4 00 19 55 
       E4 00 C6 00 
       12 00 39 19 
       04 44 00 A9 
       00 19 04 54 
       00 96 00 19 
       55 88 00 B0 
       00 12 00 24 
       19 04 CE 00 
       99 00 19 04 
       D4 00 6A 00 
       19 55 EC 00 
       63 00 12 00 
       24 19 04 CE 
       00 99 00 19 
       04 BE 00 8E 
       00 19 55 D4 
       00 6A 00 12 
       00 10 19 04 
       46 00 B9 00 
       19 04 85 00 
       CE 00 19 55 
       8B 00 E2 00 
       12 00 39 19 
       04 54 00 96 
       00 19 04 90 
       00 9D 00 19 
       55 88 00 B0 
       00 12 00 00 
       19 04 94 00 
       DF 00 19 04 
       8B 00 E2 00 
       19 55 EA 00 
       C4 00 12 00 
       39 19 04 88 
       00 B0 00 19 
       04 90 00 9D 
       00 19 55 BE 
       00 8E 00 12 
       00 39 19 04 
       E1 00 B1 00 
       19 04 EC 00 
       63 00 19 55 
       06 01 69 00 
       12 00 39 19 
       04 44 00 A9 
       00 19 04 88 
       00 B0 00 19 
       55 85 00 CE 
       00 12 00 39 
       19 04 EA 00 
       C4 00 19 04 
       E1 00 B1 00 
       19 55 06 01 
       69 00 12 00 
       39 19 04 88 
       00 B0 00 19 
       04 BE 00 8E 
       00 19 55 CE 
       00 99 00 12 
       00 39 19 04 
       E1 00 B1 00 
       19 04 CE 00 
       99 00 19 55 
       EC 00 63 00 
       12 00 24 19 
       04 8B 00 E2 
       00 19 04 E1 
       00 B1 00 19 
       55 EA 00 C4 
       00 12 00 24 
       19 04 8B 00 
       E2 00 19 04 
       85 00 CE 00 
       19 55 E1 00 
       B1 00 12 00 
       39 19 04 85 
       00 CE 00 19 
       04 88 00 B0 
       00 19 55 CE 
       00 99 00 12 
       00 39 19 04 
       85 00 CE 00 
       19 04 CE 00 
       99 00 19 55 
       E1 00 B1 00 
       41 05 10 12 
       00 00 19 04 
       A7 00 55 00 
       19 04 AE 00 
       5A 00 19 55 
       8C 00 66 00 
       12 00 10 19 
       04 8A 00 5F 
       00 19 04 8C 
       00 66 00 19 
       55 78 00 82 
       00 12 00 00 
       19 04 A7 00 
       55 00 19 04 
       8C 00 66 00 
       19 55 8A 00 
       5F 00 12 00 
       39 19 04 AA 
       00 24 00 19 
       04 72 00 3F 
       00 19 55 6D 
       00 3B 00 12 
       00 10 19 04 
       8A 00 5F 00 
       19 04 78 00 
       82 00 19 55 
       77 00 78 00 
       12 00 00 19 
       04 C3 00 5D 
       00 19 04 CD 
       00 65 00 19 
       55 AE 00 5A 
       00 12 00 00 
       19 04 C3 00 
       5D 00 19 04 
       AE 00 5A 00 
       19 55 A7 00 
       55 00 12 00 
       39 19 04 AA 
       00 24 00 19 
       04 A5 00 2C 
       00 19 55 72 
       00 3F 00 12 
       00 24 19 04 
       6D 00 3B 00 
       19 04 72 00 
       3F 00 19 55 
       51 00 67 00 
       12 00 24 19 
       04 A3 00 41 
       00 19 04 A7 
       00 55 00 19 
       55 8A 00 5F 
       00 12 00 24 
       19 04 6D 00 
       3B 00 19 04 
       51 00 67 00 
       19 55 44 00 
       6D 00 12 00 
       39 19 04 7F 
       00 4E 00 19 
       04 8A 00 5F 
       00 19 55 77 
       00 78 00 12 
       00 24 19 04 
       A3 00 41 00 
       19 04 8A 00 
       5F 00 19 55 
       7F 00 4E 00 
       12 00 39 19 
       04 A5 00 2C 
       00 19 04 7F 
       00 4E 00 19 
       55 72 00 3F 
       00 12 00 39 
       19 04 E7 00 
       32 00 19 04 
       A5 00 2C 00 
       19 55 AA 00 
       24 00 12 00 
       39 19 04 A5 
       00 2C 00 19 
       04 A3 00 41 
       00 19 55 7F 
       00 4E 00 12 
       00 39 19 04 
       72 00 3F 00 
       19 04 7F 00 
       4E 00 19 55 
       67 00 6C 00 
       12 00 39 19 
       04 7F 00 4E 
       00 19 04 77 
       00 78 00 19 
       55 67 00 6C 
       00 12 00 39 
       19 04 72 00 
       3F 00 19 04 
       67 00 6C 00 
       19 55 51 00 
       67 00 12 00 
       00 19 04 C6 
       00 4B 00 19 
       04 A7 00 55 
       00 19 55 A3 
       00 41 00 12 
       00 00 19 04 
       47 00 78 00 
       19 04 44 00 
       6D 00 19 55 
       44 00 AA 00 
       12 00 00 19 
       04 C6 00 4B 
       00 19 04 C3 
       00 5D 00 19 
       55 A7 00 55 
       00 12 00 39 
       19 04 67 00 
       6C 00 19 04 
       77 00 78 00 
       19 55 7B 00 
       93 00 12 00 
       39 19 04 D5 
       00 38 00 19 
       04 A3 00 41 
       00 19 55 A5 
       00 2C 00 12 
       00 39 19 04 
       E7 00 32 00 
       19 04 D5 00 
       38 00 19 55 
       A5 00 2C 00 
       12 00 00 19 
       04 47 00 78 
       00 19 04 44 
       00 AA 00 19 
       55 48 00 B8 
       00 12 00 39 
       19 04 D5 00 
       38 00 19 04 
       C6 00 4B 00 
       19 55 A3 00 
       41 00 12 00 
       24 19 04 44 
       00 6D 00 19 
       04 51 00 67 
       00 19 55 53 
       00 97 00 12 
       00 39 19 04 
       51 00 67 00 
       19 04 67 00 
       6C 00 19 55 
       6A 00 8D 00 
       12 00 39 19 
       04 67 00 6C 
       00 19 04 7B 
       00 93 00 19 
       55 6A 00 8D 
       00 12 00 39 
       19 04 10 01 
       78 00 19 04 
       E7 00 32 00 
       19 55 F0 00 
       3C 00 12 00 
       00 19 04 D2 
       00 6A 00 19 
       04 C3 00 5D 
       00 19 55 C6 
       00 4B 00 12 
       00 24 19 04 
       44 00 6D 00 
       19 04 53 00 
       97 00 19 55 
       44 00 AA 00 
       12 00 00 19 
       04 D2 00 6A 
       00 19 04 CC 
       00 78 00 19 
       55 C3 00 5D 
       00 12 00 39 
       19 04 51 00 
       67 00 19 04 
       6A 00 8D 00 
       19 55 53 00 
       97 00 12 00 
       00 19 04 5A 
       00 BB 00 19 
       04 48 00 B8 
       00 19 55 88 
       00 E3 00 12 
       00 39 19 04 
       05 01 6A 00 
       19 04 D5 00 
       38 00 19 55 
       E7 00 32 00 
       12 00 24 19 
       04 EA 00 64 
       00 19 04 C6 
       00 4B 00 19 
       55 D5 00 38 
       00 12 00 00 
       19 04 5A 00 
       BB 00 19 04 
       88 00 E3 00 
       19 55 92 00 
       DF 00 12 00 
       39 19 04 10 
       01 78 00 19 
       04 05 01 6A 
       00 19 55 E7 
       00 32 00 12 
       00 10 19 04 
       E2 00 C7 00 
       19 04 10 01 
       78 00 19 55 
       05 01 84 00 
       12 00 24 19 
       04 EA 00 64 
       00 19 04 D2 
       00 6A 00 19 
       55 C6 00 4B 
       00 12 00 39 
       19 04 53 00 
       97 00 19 04 
       6A 00 8D 00 
       19 55 8D 00 
       9F 00 12 00 
       00 19 04 48 
       00 B8 00 19 
       04 44 00 AA 
       00 19 55 81 
       00 D0 00 12 
       00 39 19 04 
       05 01 6A 00 
       19 04 EA 00 
       64 00 19 55 
       D5 00 38 00 
       12 00 39 19 
       04 44 00 AA 
       00 19 04 53 
       00 97 00 19 
       55 83 00 B2 
       00 12 00 00 
       19 04 48 00 
       B8 00 19 04 
       81 00 D0 00 
       19 55 88 00 
       E3 00 12 00 
       00 19 04 92 
       00 DF 00 19 
       04 E6 00 C6 
       00 19 55 E2 
       00 C7 00 12 
       00 39 19 04 
       53 00 97 00 
       19 04 8D 00 
       9F 00 19 55 
       83 00 B2 00 
       12 00 10 19 
       04 E2 00 C7 
       00 19 04 E6 
       00 C6 00 19 
       55 10 01 78 
       00 12 00 39 
       19 04 E6 00 
       C6 00 19 04 
       05 01 6A 00 
       19 55 10 01 
       78 00 12 00 
       00 19 04 92 
       00 DF 00 19 
       04 88 00 E3 
       00 19 55 E6 
       00 C6 00 12 
       00 24 19 04 
       C8 00 9C 00 
       19 04 BA 00 
       90 00 19 55 
       D2 00 6A 00 
       12 00 24 19 
       04 C8 00 9C 
       00 19 04 D2 
       00 6A 00 19 
       55 EA 00 64 
       00 12 00 39 
       19 04 83 00 
       B2 00 19 04 
       8D 00 9F 00 
       19 55 BA 00 
       90 00 12 00 
       39 19 04 44 
       00 AA 00 19 
       04 83 00 B2 
       00 19 55 81 
       00 D0 00 12 
       00 39 19 04 
       DC 00 B4 00 
       19 04 EA 00 
       64 00 19 55 
       05 01 6A 00 
       12 00 39 19 
       04 83 00 B2 
       00 19 04 BA 
       00 90 00 19 
       55 C8 00 9C 
       00 12 00 39 
       19 04 E6 00 
       C6 00 19 04 
       DC 00 B4 00 
       19 55 05 01 
       6A 00 12 00 
       24 19 04 88 
       00 E3 00 19 
       04 DC 00 B4 
       00 19 55 E6 
       00 C6 00 12 
       00 39 19 04 
       DC 00 B4 00 
       19 04 C8 00 
       9C 00 19 55 
       EA 00 64 00 
       12 00 24 19 
       04 88 00 E3 
       00 19 04 81 
       00 D0 00 19 
       55 DC 00 B4 
       00 12 00 39 
       19 04 81 00 
       D0 00 19 04 
       83 00 B2 00 
       19 55 C8 00 
       9C 00 12 00 
       39 19 04 81 
       00 D0 00 19 
       04 C8 00 9C 
       00 19 55 DC 
       00 B4 00 41 
       05 10 12 00 
       10 19 04 8B 
       00 5F 00 19 
       04 8F 00 65 
       00 19 55 7A 
       00 81 00 12 
       00 00 19 04 
       A8 00 54 00 
       19 04 B0 00 
       59 00 19 55 
       8F 00 65 00 
       12 00 00 19 
       04 A8 00 54 
       00 19 04 8F 
       00 65 00 19 
       55 8B 00 5F 
       00 12 00 39 
       19 04 AB 00 
       23 00 19 04 
       73 00 3F 00 
       19 55 6F 00 
       3B 00 12 00 
       10 19 04 8B 
       00 5F 00 19 
       04 7A 00 81 
       00 19 55 79 
       00 78 00 12 
       00 24 19 04 
       F2 00 39 00 
       19 04 AB 00 
       23 00 19 55 
       B3 00 2B 00 
       12 00 24 19 
       04 6F 00 3B 
       00 19 04 73 
       00 3F 00 19 
       55 52 00 68 
       00 12 00 24 
       19 04 6F 00 
       3B 00 19 04 
       52 00 68 00 
       19 55 47 00 
       6D 00 12 00 
       39 19 04 AB 
       00 23 00 19 
       04 A5 00 2B 
       00 19 55 73 
       00 3F 00 12 
       00 39 19 04 
       7F 00 4E 00 
       19 04 8B 00 
       5F 00 19 55 
       79 00 78 00 
       12 00 24 19 
       04 A3 00 40 
       00 19 04 A8 
       00 54 00 19 
       55 8B 00 5F 
       00 12 00 24 
       19 04 A3 00 
       40 00 19 04 
       8B 00 5F 00 
       19 55 7F 00 
       4E 00 12 00 
       39 19 04 A5 
       00 2B 00 19 
       04 7F 00 4E 
       00 19 55 73 
       00 3F 00 12 
       00 39 19 04 
       73 00 3F 00 
       19 04 7F 00 
       4E 00 19 55 
       68 00 6D 00 
       12 00 00 19 
       04 4C 00 78 
       00 19 04 47 
       00 6D 00 19 
       55 45 00 AA 
       00 12 00 39 
       19 04 7F 00 
       4E 00 19 04 
       79 00 78 00 
       19 55 68 00 
       6D 00 12 00 
       39 19 04 A5 
       00 2B 00 19 
       04 A3 00 40 
       00 19 55 7F 
       00 4E 00 12 
       00 39 19 04 
       73 00 3F 00 
       19 04 68 00 
       6D 00 19 55 
       52 00 68 00 
       12 00 39 19 
       04 E8 00 30 
       00 19 04 A5 
       00 2B 00 19 
       55 AB 00 23 
       00 12 00 24 
       19 04 F2 00 
       39 00 19 04 
       E8 00 30 00 
       19 55 AB 00 
       23 00 12 00 
       39 19 04 68 
       00 6D 00 19 
       04 79 00 78 
       00 19 55 7B 
       00 93 00 12 
       00 00 19 04 
       C5 00 4A 00 
       19 04 A8 00 
       54 00 19 55 
       A3 00 40 00 
       12 00 00 19 
       04 4C 00 78 
       00 19 04 45 
       00 AA 00 19 
       55 4A 00 B8 
       00 12 00 00 
       19 04 C5 00 
       4A 00 19 04 
       C3 00 5D 00 
       19 55 A8 00 
       54 00 12 00 
       24 19 04 47 
       00 6D 00 19 
       04 52 00 68 
       00 19 55 52 
       00 98 00 12 
       00 24 19 04 
       D4 00 36 00 
       19 04 A3 00 
       40 00 19 55 
       A5 00 2B 00 
       12 00 39 19 
       04 52 00 68 
       00 19 04 68 
       00 6D 00 19 
       55 6A 00 8E 
       00 12 00 39 
       19 04 68 00 
       6D 00 19 04 
       7B 00 93 00 
       19 55 6A 00 
       8E 00 12 00 
       39 19 04 E8 
       00 30 00 19 
       04 D4 00 36 
       00 19 55 A5 
       00 2B 00 12 
       00 24 19 04 
       D4 00 36 00 
       19 04 C5 00 
       4A 00 19 55 
       A3 00 40 00 
       12 00 24 19 
       04 47 00 6D 
       00 19 04 52 
       00 98 00 19 
       55 45 00 AA 
       00 12 00 39 
       19 04 52 00 
       68 00 19 04 
       6A 00 8E 00 
       19 55 52 00 
       98 00 12 00 
       24 19 04 6A 
       00 8E 00 19 
       04 7B 00 93 
       00 19 55 95 
       00 A1 00 12 
       00 39 19 04 
       0F 01 78 00 
       19 04 E8 00 
       30 00 19 55 
       F2 00 39 00 
       12 00 00 19 
       04 CF 00 6B 
       00 19 04 C3 
       00 5D 00 19 
       55 C5 00 4A 
       00 12 00 00 
       19 04 CF 00 
       6B 00 19 04 
       CB 00 78 00 
       19 55 C3 00 
       5D 00 12 00 
       24 19 04 6A 
       00 8E 00 19 
       04 95 00 A1 
       00 19 55 8A 
       00 A0 00 12 
       00 39 19 04 
       02 01 6A 00 
       19 04 D4 00 
       36 00 19 55 
       E8 00 30 00 
       12 00 24 19 
       04 E6 00 64 
       00 19 04 C5 
       00 4A 00 19 
       55 D4 00 36 
       00 12 00 39 
       19 04 52 00 
       98 00 19 04 
       6A 00 8E 00 
       19 55 8A 00 
       A0 00 12 00 
       00 19 04 4A 
       00 B8 00 19 
       04 45 00 AA 
       00 19 55 7C 
       00 D1 00 12 
       00 24 19 04 
       E6 00 64 00 
       19 04 CF 00 
       6B 00 19 55 
       C5 00 4A 00 
       12 00 24 19 
       04 45 00 AA 
       00 19 04 52 
       00 98 00 19 
       55 7F 00 B4 
       00 12 00 10 
       19 04 E0 00 
       C8 00 19 04 
       0F 01 78 00 
       19 55 07 01 
       83 00 12 00 
       39 19 04 0F 
       01 78 00 19 
       04 02 01 6A 
       00 19 55 E8 
       00 30 00 12 
       00 00 19 04 
       4A 00 B8 00 
       19 04 7C 00 
       D1 00 19 55 
       85 00 E3 00 
       12 00 39 19 
       04 52 00 98 
       00 19 04 8A 
       00 A0 00 19 
       55 7F 00 B4 
       00 12 00 39 
       19 04 02 01 
       6A 00 19 04 
       E6 00 64 00 
       19 55 D4 00 
       36 00 12 00 
       00 19 04 91 
       00 DF 00 19 
       04 E2 00 C9 
       00 19 55 E0 
       00 C8 00 12 
       00 24 19 04 
       45 00 AA 00 
       19 04 7F 00 
       B4 00 19 55 
       7C 00 D1 00 
       12 00 00 19 
       04 91 00 DF 
       00 19 04 85 
       00 E3 00 19 
       55 E2 00 C9 
       00 12 00 39 
       19 04 7F 00 
       B4 00 19 04 
       8A 00 A0 00 
       19 55 B7 00 
       91 00 12 00 
       10 19 04 E0 
       00 C8 00 19 
       04 E2 00 C9 
       00 19 55 0F 
       01 78 00 12 
       00 24 19 04 
       C2 00 9E 00 
       19 04 B7 00 
       91 00 19 55 
       CF 00 6B 00 
       12 00 24 19 
       04 C2 00 9E 
       00 19 04 CF 
       00 6B 00 19 
       55 E6 00 64 
       00 12 00 39 
       19 04 E2 00 
       C9 00 19 04 
       02 01 6A 00 
       19 55 0F 01 
       78 00 12 00 
       39 19 04 7F 
       00 B4 00 19 
       04 B7 00 91 
       00 19 55 C2 
       00 9E 00 12 
       00 39 19 04 
       D6 00 B7 00 
       19 04 E6 00 
       64 00 19 55 
       02 01 6A 00 
       12 00 24 19 
       04 85 00 E3 
       00 19 04 7C 
       00 D1 00 19 
       55 D6 00 B7 
       00 12 00 39 
       19 04 7C 00 
       D1 00 19 04 
       7F 00 B4 00 
       19 55 C2 00 
       9E 00 12 00 
       24 19 04 85 
       00 E3 00 19 
       04 D6 00 B7 
       00 19 55 E2 
       00 C9 00 12 
       00 39 19 04 
       E2 00 C9 00 
       19 04 D6 00 
       B7 00 19 55 
       02 01 6A 00 
       12 00 39 19 
       04 D6 00 B7 
       00 19 04 C2 
       00 9E 00 19 
       55 E6 00 64 
       00 12 00 39 
       19 04 7C 00 
       D1 00 19 04 
       C2 00 9E 00 
       19 55 D6 00 
       B7 00 41 05 
       10 12 00 14 
       19 04 8D 00 
       5E 00 19 04 
       92 00 64 00 
       19 55 7D 00 
       81 00 12 00 
       00 19 04 A9 
       00 53 00 19 
       04 B2 00 58 
       00 19 55 92 
       00 64 00 12 
       00 00 19 04 
       A9 00 53 00 
       19 04 92 00 
       64 00 19 55 
       8D 00 5E 00 
       12 00 39 19 
       04 AC 00 21 
       00 19 04 75 
       00 3F 00 19 
       55 72 00 3B 
       00 12 00 14 
       19 04 8D 00 
       5E 00 19 04 
       7D 00 81 00 
       19 55 7A 00 
       78 00 12 00 
       24 19 04 72 
       00 3B 00 19 
       04 54 00 69 
       00 19 55 4A 
       00 6E 00 12 
       00 24 19 04 
       72 00 3B 00 
       19 04 75 00 
       3F 00 19 55 
       54 00 69 00 
       12 00 39 19 
       04 F3 00 37 
       00 19 04 AC 
       00 21 00 19 
       55 B5 00 29 
       00 12 00 39 
       19 04 80 00 
       4E 00 19 04 
       8D 00 5E 00 
       19 55 7A 00 
       78 00 12 00 
       00 19 04 50 
       00 78 00 19 
       04 4A 00 6E 
       00 19 55 47 
       00 AA 00 12 
       00 39 19 04 
       AC 00 21 00 
       19 04 A5 00 
       2A 00 19 55 
       75 00 3F 00 
       12 00 24 19 
       04 A3 00 40 
       00 19 04 A9 
       00 53 00 19 
       55 8D 00 5E 
       00 12 00 24 
       19 04 A3 00 
       40 00 19 04 
       8D 00 5E 00 
       19 55 80 00 
       4E 00 12 00 
       39 19 04 A5 
       00 2A 00 19 
       04 80 00 4E 
       00 19 55 75 
       00 3F 00 12 
       00 39 19 04 
       75 00 3F 00 
       19 04 80 00 
       4E 00 19 55 
       69 00 6D 00 
       12 00 39 19 
       04 80 00 4E 
       00 19 04 7A 
       00 78 00 19 
       55 69 00 6D 
       00 12 00 39 
       19 04 75 00 
       3F 00 19 04 
       69 00 6D 00 
       19 55 54 00 
       69 00 12 00 
       00 19 04 50 
       00 78 00 19 
       04 47 00 AA 
       00 19 55 4D 
       00 B7 00 12 
       00 39 19 04 
       A5 00 2A 00 
       19 04 A3 00 
       40 00 19 55 
       80 00 4E 00 
       12 00 39 19 
       04 69 00 6D 
       00 19 04 7A 
       00 78 00 19 
       55 7C 00 93 
       00 12 00 24 
       19 04 4A 00 
       6E 00 19 04 
       54 00 69 00 
       19 55 53 00 
       99 00 12 00 
       39 19 04 E7 
       00 2D 00 19 
       04 A5 00 2A 
       00 19 55 AC 
       00 21 00 12 
       00 00 19 04 
       C3 00 49 00 
       19 04 A9 00 
       53 00 19 55 
       A3 00 40 00 
       12 00 39 19 
       04 54 00 69 
       00 19 04 69 
       00 6D 00 19 
       55 6A 00 8F 
       00 12 00 39 
       19 04 F3 00 
       37 00 19 04 
       E7 00 2D 00 
       19 55 AC 00 
       21 00 12 00 
       00 19 04 C3 
       00 49 00 19 
       04 C3 00 5C 
       00 19 55 A9 
       00 53 00 12 
       00 39 19 04 
       69 00 6D 00 
       19 04 7C 00 
       93 00 19 55 
       6A 00 8F 00 
       12 00 24 19 
       04 4A 00 6E 
       00 19 04 53 
       00 99 00 19 
       55 47 00 AA 
       00 12 00 24 
       19 04 D3 00 
       35 00 19 04 
       A3 00 40 00 
       19 55 A5 00 
       2A 00 12 00 
       39 19 04 54 
       00 69 00 19 
       04 6A 00 8F 
       00 19 55 53 
       00 99 00 12 
       00 39 19 04 
       E7 00 2D 00 
       19 04 D3 00 
       35 00 19 55 
       A5 00 2A 00 
       12 00 39 19 
       04 6A 00 8F 
       00 19 04 7C 
       00 93 00 19 
       55 94 00 A1 
       00 12 00 24 
       19 04 D3 00 
       35 00 19 04 
       C3 00 49 00 
       19 55 A3 00 
       40 00 12 00 
       00 19 04 CD 
       00 6B 00 19 
       04 C3 00 5C 
       00 19 55 C3 
       00 49 00 12 
       00 00 19 04 
       CD 00 6B 00 
       19 04 CA 00 
       78 00 19 55 
       C3 00 5C 00 
       12 00 39 19 
       04 0E 01 78 
       00 19 04 E7 
       00 2D 00 19 
       55 F3 00 37 
       00 12 00 00 
       19 04 4D 00 
       B7 00 19 04 
       47 00 AA 00 
       19 55 79 00 
       D2 00 12 00 
       39 19 04 6A 
       00 8F 00 19 
       04 94 00 A1 
       00 19 55 87 
       00 A1 00 12 
       00 39 19 04 
       53 00 99 00 
       19 04 6A 00 
       8F 00 19 55 
       87 00 A1 00 
       12 00 24 19 
       04 47 00 AA 
       00 19 04 53 
       00 99 00 19 
       55 7B 00 B5 
       00 12 00 24 
       19 04 E3 00 
       65 00 19 04 
       C3 00 49 00 
       19 55 D3 00 
       35 00 12 00 
       00 19 04 4D 
       00 B7 00 19 
       04 79 00 D2 
       00 19 55 82 
       00 E3 00 12 
       00 39 19 04 
       FF 00 6A 00 
       19 04 D3 00 
       35 00 19 55 
       E7 00 2D 00 
       12 00 24 19 
       04 E3 00 65 
       00 19 04 CD 
       00 6B 00 19 
       55 C3 00 49 
       00 12 00 39 
       19 04 53 00 
       99 00 19 04 
       87 00 A1 00 
       19 55 7B 00 
       B5 00 12 00 
       14 19 04 DE 
       00 CA 00 19 
       04 0E 01 78 
       00 19 55 07 
       01 83 00 12 
       00 24 19 04 
       47 00 AA 00 
       19 04 7B 00 
       B5 00 19 55 
       79 00 D2 00 
       12 00 39 19 
       04 0E 01 78 
       00 19 04 FF 
       00 6A 00 19 
       55 E7 00 2D 
       00 12 00 00 
       19 04 90 00 
       DE 00 19 04 
       DE 00 CB 00 
       19 55 DE 00 
       CA 00 12 00 
       00 19 04 90 
       00 DE 00 19 
       04 82 00 E3 
       00 19 55 DE 
       00 CB 00 12 
       00 39 19 04 
       FF 00 6A 00 
       19 04 E3 00 
       65 00 19 55 
       D3 00 35 00 
       12 00 39 19 
       04 7B 00 B5 
       00 19 04 87 
       00 A1 00 19 
       55 B3 00 92 
       00 12 00 14 
       19 04 DE 00 
       CA 00 19 04 
       DE 00 CB 00 
       19 55 0E 01 
       78 00 12 00 
       24 19 04 BD 
       00 A0 00 19 
       04 B3 00 92 
       00 19 55 CD 
       00 6B 00 12 
       00 24 19 04 
       BD 00 A0 00 
       19 04 CD 00 
       6B 00 19 55 
       E3 00 65 00 
       12 00 39 19 
       04 7B 00 B5 
       00 19 04 B3 
       00 92 00 19 
       55 BD 00 A0 
       00 12 00 39 
       19 04 DE 00 
       CB 00 19 04 
       FF 00 6A 00 
       19 55 0E 01 
       78 00 12 00 
       24 19 04 82 
       00 E3 00 19 
       04 79 00 D2 
       00 19 55 D0 
       00 B9 00 12 
       00 39 19 04 
       79 00 D2 00 
       19 04 7B 00 
       B5 00 19 55 
       BD 00 A0 00 
       12 00 24 19 
       04 82 00 E3 
       00 19 04 D0 
       00 B9 00 19 
       55 DE 00 CB 
       00 12 00 39 
       19 04 D0 00 
       B9 00 19 04 
       E3 00 65 00 
       19 55 FF 00 
       6A 00 12 00 
       39 19 04 DE 
       00 CB 00 19 
       04 D0 00 B9 
       00 19 55 FF 
       00 6A 00 12 
       00 39 19 04 
       D0 00 B9 00 
       19 04 BD 00 
       A0 00 19 55 
       E3 00 65 00 
       12 00 39 19 
       04 79 00 D2 
       00 19 04 BD 
       00 A0 00 19 
       55 D0 00 B9 
       00 41 05 10 
       12 00 14 19 
       04 8E 00 5E 
       00 19 04 95 
       00 64 00 19 
       55 80 00 80 
       00 12 00 00 
       19 04 AA 00 
       52 00 19 04 
       B4 00 57 00 
       19 55 95 00 
       64 00 12 00 
       24 19 04 74 
       00 3B 00 19 
       04 56 00 6A 
       00 19 55 4E 
       00 6E 00 12 
       00 00 19 04 
       AA 00 52 00 
       19 04 95 00 
       64 00 19 55 
       8E 00 5E 00 
       12 00 24 19 
       04 AD 00 20 
       00 19 04 76 
       00 40 00 19 
       55 74 00 3B 
       00 12 00 14 
       19 04 8E 00 
       5E 00 19 04 
       80 00 80 00 
       19 55 7C 00 
       78 00 12 00 
       24 19 04 74 
       00 3B 00 19 
       04 76 00 40 
       00 19 55 56 
       00 6A 00 12 
       00 24 19 04 
       7C 00 78 00 
       19 04 80 00 
       80 00 19 55 
       81 00 A0 00 
       12 00 39 19 
       04 81 00 4F 
       00 19 04 8E 
       00 5E 00 19 
       55 7C 00 78 
       00 12 00 39 
       19 04 76 00 
       40 00 19 04 
       81 00 4F 00 
       19 55 6A 00 
       6E 00 12 00 
       24 19 04 AD 
       00 20 00 19 
       04 A5 00 29 
       00 19 55 76 
       00 40 00 12 
       00 39 19 04 
       76 00 40 00 
       19 04 6A 00 
       6E 00 19 55 
       56 00 6A 00 
       12 00 39 19 
       04 F4 00 34 
       00 19 04 AD 
       00 20 00 19 
       55 B7 00 27 
       00 12 00 39 
       19 04 81 00 
       4F 00 19 04 
       7C 00 78 00 
       19 55 6A 00 
       6E 00 12 00 
       14 19 04 A3 
       00 3F 00 19 
       04 8E 00 5E 
       00 19 55 81 
       00 4F 00 12 
       00 39 19 04 
       A5 00 29 00 
       19 04 81 00 
       4F 00 19 55 
       76 00 40 00 
       12 00 14 19 
       04 A3 00 3F 
       00 19 04 AA 
       00 52 00 19 
       55 8E 00 5E 
       00 12 00 24 
       19 04 7C 00 
       78 00 19 04 
       81 00 A0 00 
       19 55 7D 00 
       93 00 12 00 
       39 19 04 6A 
       00 6E 00 19 
       04 7C 00 78 
       00 19 55 7D 
       00 93 00 12 
       00 24 19 04 
       4E 00 6E 00 
       19 04 56 00 
       6A 00 19 55 
       53 00 99 00 
       12 00 39 19 
       04 A5 00 29 
       00 19 04 A3 
       00 3F 00 19 
       55 81 00 4F 
       00 12 00 39 
       19 04 56 00 
       6A 00 19 04 
       6A 00 6E 00 
       19 55 6A 00 
       90 00 12 00 
       24 19 04 4E 
       00 6E 00 19 
       04 53 00 99 
       00 19 55 48 
       00 AA 00 12 
       00 39 19 04 
       E6 00 2C 00 
       19 04 A5 00 
       29 00 19 55 
       AD 00 20 00 
       12 00 39 19 
       04 6A 00 6E 
       00 19 04 7D 
       00 93 00 19 
       55 6A 00 90 
       00 12 00 00 
       19 04 C2 00 
       49 00 19 04 
       AA 00 52 00 
       19 55 A3 00 
       3F 00 12 00 
       00 19 04 C2 
       00 49 00 19 
       04 C3 00 5B 
       00 19 55 AA 
       00 52 00 12 
       00 39 19 04 
       56 00 6A 00 
       19 04 6A 00 
       90 00 19 55 
       53 00 99 00 
       12 00 39 19 
       04 F4 00 34 
       00 19 04 E6 
       00 2C 00 19 
       55 AD 00 20 
       00 12 00 24 
       19 04 D1 00 
       34 00 19 04 
       A3 00 3F 00 
       19 55 A5 00 
       29 00 12 00 
       39 19 04 6A 
       00 90 00 19 
       04 7D 00 93 
       00 19 55 93 
       00 A2 00 12 
       00 24 19 04 
       07 01 83 00 
       19 04 F4 00 
       34 00 19 55 
       F2 00 47 00 
       12 00 24 19 
       04 D1 00 34 
       00 19 04 C2 
       00 49 00 19 
       55 A3 00 3F 
       00 12 00 39 
       19 04 E6 00 
       2C 00 19 04 
       D1 00 34 00 
       19 55 A5 00 
       29 00 12 00 
       00 19 04 50 
       00 B7 00 19 
       04 48 00 AA 
       00 19 55 75 
       00 D2 00 12 
       00 39 19 04 
       53 00 99 00 
       19 04 6A 00 
       90 00 19 55 
       85 00 A2 00 
       12 00 39 19 
       04 6A 00 90 
       00 19 04 93 
       00 A2 00 19 
       55 85 00 A2 
       00 12 00 24 
       19 04 48 00 
       AA 00 19 04 
       53 00 99 00 
       19 55 77 00 
       B6 00 12 00 
       00 19 04 50 
       00 B7 00 19 
       04 75 00 D2 
       00 19 55 80 
       00 E3 00 12 
       00 39 19 04 
       0D 01 78 00 
       19 04 E6 00 
       2C 00 19 55 
       F4 00 34 00 
       12 00 24 19 
       04 07 01 83 
       00 19 04 0D 
       01 78 00 19 
       55 F4 00 34 
       00 12 00 39 
       19 04 53 00 
       99 00 19 04 
       85 00 A2 00 
       19 55 77 00 
       B6 00 12 00 
       24 19 04 DE 
       00 65 00 19 
       04 C2 00 49 
       00 19 55 D1 
       00 34 00 12 
       00 24 19 04 
       48 00 AA 00 
       19 04 77 00 
       B6 00 19 55 
       75 00 D2 00 
       12 00 39 19 
       04 FC 00 6A 
       00 19 04 D1 
       00 34 00 19 
       55 E6 00 2C 
       00 12 00 24 
       19 04 DE 00 
       65 00 19 04 
       C9 00 6C 00 
       19 55 C2 00 
       49 00 12 00 
       00 19 04 90 
       00 DE 00 19 
       04 80 00 E3 
       00 19 55 D9 
       00 CC 00 12 
       00 14 19 04 
       DB 00 CB 00 
       19 04 0D 01 
       78 00 19 55 
       07 01 83 00 
       12 00 00 19 
       04 90 00 DE 
       00 19 04 D9 
       00 CC 00 19 
       55 DB 00 CB 
       00 12 00 24 
       19 04 77 00 
       B6 00 19 04 
       85 00 A2 00 
       19 55 AF 00 
       93 00 12 00 
       39 19 04 0D 
       01 78 00 19 
       04 FC 00 6A 
       00 19 55 E6 
       00 2C 00 12 
       00 39 19 04 
       FC 00 6A 00 
       19 04 DE 00 
       65 00 19 55 
       D1 00 34 00 
       12 00 24 19 
       04 B7 00 A2 
       00 19 04 AF 
       00 93 00 19 
       55 C9 00 6C 
       00 12 00 14 
       19 04 DB 00 
       CB 00 19 04 
       D9 00 CC 00 
       19 55 0D 01 
       78 00 12 00 
       24 19 04 77 
       00 B6 00 19 
       04 AF 00 93 
       00 19 55 B7 
       00 A2 00 12 
       00 14 19 04 
       80 00 E3 00 
       19 04 75 00 
       D2 00 19 55 
       C9 00 BB 00 
       12 00 24 19 
       04 B7 00 A2 
       00 19 04 C9 
       00 6C 00 19 
       55 DE 00 65 
       00 12 00 39 
       19 04 75 00 
       D2 00 19 04 
       77 00 B6 00 
       19 55 B7 00 
       A2 00 12 00 
       14 19 04 80 
       00 E3 00 19 
       04 C9 00 BB 
       00 19 55 D9 
       00 CC 00 12 
       00 39 19 04 
       D9 00 CC 00 
       19 04 FC 00 
       6A 00 19 55 
       0D 01 78 00 
       12 00 39 19 
       04 75 00 D2 
       00 19 04 B7 
       00 A2 00 19 
       55 C9 00 BB 
       00 12 00 39 
       19 04 C9 00 
       BB 00 19 04 
       DE 00 65 00 
       19 55 FC 00 
       6A 00 12 00 
       39 19 04 C9 
       00 BB 00 19 
       04 B7 00 A2 
       00 19 55 DE 
       00 65 00 12 
       00 39 19 04 
       D9 00 CC 00 
       19 04 C9 00 
       BB 00 19 55 
       FC 00 6A 00 
       41 05 10 12 
       00 14 19 04 
       90 00 5E 00 
       19 04 98 00 
       63 00 19 55 
       83 00 80 00 
       12 00 24 19 
       04 77 00 3C 
       00 19 04 59 
       00 6A 00 19 
       55 51 00 6F 
       00 12 00 00 
       19 04 AB 00 
       52 00 19 04 
       B7 00 56 00 
       19 55 98 00 
       63 00 12 00 
       14 19 04 90 
       00 5E 00 19 
       04 83 00 80 
       00 19 55 7E 
       00 78 00 12 
       00 24 19 04 
       77 00 3C 00 
       19 04 78 00 
       40 00 19 55 
       59 00 6A 00 
       12 00 24 19 
       04 AE 00 1F 
       00 19 04 78 
       00 40 00 19 
       55 77 00 3C 
       00 12 00 00 
       19 04 AB 00 
       52 00 19 04 
       98 00 63 00 
       19 55 90 00 
       5E 00 12 00 
       24 19 04 7E 
       00 78 00 19 
       04 83 00 80 
       00 19 55 83 
       00 A0 00 12 
       00 39 19 04 
       82 00 4F 00 
       19 04 90 00 
       5E 00 19 55 
       7E 00 78 00 
       12 00 39 19 
       04 78 00 40 
       00 19 04 6C 
       00 6E 00 19 
       55 59 00 6A 
       00 12 00 39 
       19 04 78 00 
       40 00 19 04 
       82 00 4F 00 
       19 55 6C 00 
       6E 00 12 00 
       39 19 04 82 
       00 4F 00 19 
       04 7E 00 78 
       00 19 55 6C 
       00 6E 00 12 
       00 39 19 04 
       A4 00 29 00 
       19 04 82 00 
       4F 00 19 55 
       78 00 40 00 
       12 00 24 19 
       04 AE 00 1F 
       00 19 04 A4 
       00 29 00 19 
       55 78 00 40 
       00 12 00 14 
       19 04 A3 00 
       3F 00 19 04 
       90 00 5E 00 
       19 55 82 00 
       4F 00 12 00 
       24 19 04 7E 
       00 78 00 19 
       04 83 00 A0 
       00 19 55 7E 
       00 93 00 12 
       00 14 19 04 
       51 00 6F 00 
       19 04 59 00 
       6A 00 19 55 
       54 00 9A 00 
       12 00 14 19 
       04 A3 00 3F 
       00 19 04 AB 
       00 52 00 19 
       55 90 00 5E 
       00 12 00 39 
       19 04 6C 00 
       6E 00 19 04 
       7E 00 78 00 
       19 55 7E 00 
       93 00 12 00 
       39 19 04 F4 
       00 32 00 19 
       04 AE 00 1F 
       00 19 55 B9 
       00 25 00 12 
       00 39 19 04 
       A4 00 29 00 
       19 04 A3 00 
       3F 00 19 55 
       82 00 4F 00 
       12 00 39 19 
       04 59 00 6A 
       00 19 04 6C 
       00 6E 00 19 
       55 6A 00 90 
       00 12 00 14 
       19 04 51 00 
       6F 00 19 04 
       54 00 9A 00 
       19 55 4B 00 
       AA 00 12 00 
       39 19 04 6C 
       00 6E 00 19 
       04 7E 00 93 
       00 19 55 6A 
       00 90 00 12 
       00 39 19 04 
       59 00 6A 00 
       19 04 6A 00 
       90 00 19 55 
       54 00 9A 00 
       12 00 00 19 
       04 C0 00 48 
       00 19 04 AB 
       00 52 00 19 
       55 A3 00 3F 
       00 12 00 39 
       19 04 E5 00 
       2A 00 19 04 
       A4 00 29 00 
       19 55 AE 00 
       1F 00 12 00 
       00 19 04 C0 
       00 48 00 19 
       04 C3 00 5B 
       00 19 55 AB 
       00 52 00 12 
       00 39 19 04 
       6A 00 90 00 
       19 04 7E 00 
       93 00 19 55 
       92 00 A2 00 
       12 00 24 19 
       04 CE 00 33 
       00 19 04 A3 
       00 3F 00 19 
       55 A4 00 29 
       00 12 00 39 
       19 04 F4 00 
       32 00 19 04 
       E5 00 2A 00 
       19 55 AE 00 
       1F 00 12 00 
       00 19 04 53 
       00 B6 00 19 
       04 4B 00 AA 
       00 19 55 72 
       00 D2 00 12 
       00 24 19 04 
       CE 00 33 00 
       19 04 C0 00 
       48 00 19 55 
       A3 00 3F 00 
       12 00 39 19 
       04 54 00 9A 
       00 19 04 6A 
       00 90 00 19 
       55 82 00 A2 
       00 12 00 39 
       19 04 E5 00 
       2A 00 19 04 
       CE 00 33 00 
       19 55 A4 00 
       29 00 12 00 
       24 19 04 07 
       01 83 00 19 
       04 F4 00 32 
       00 19 55 F4 
       00 45 00 12 
       00 39 19 04 
       6A 00 90 00 
       19 04 92 00 
       A2 00 19 55 
       82 00 A2 00 
       12 00 24 19 
       04 4B 00 AA 
       00 19 04 54 
       00 9A 00 19 
       55 74 00 B6 
       00 12 00 00 
       19 04 53 00 
       B6 00 19 04 
       72 00 D2 00 
       19 55 7E 00 
       E3 00 12 00 
       39 19 04 54 
       00 9A 00 19 
       04 82 00 A2 
       00 19 55 74 
       00 B6 00 12 
       00 24 19 04 
       4B 00 AA 00 
       19 04 74 00 
       B6 00 19 55 
       72 00 D2 00 
       12 00 39 19 
       04 0A 01 78 
       00 19 04 E5 
       00 2A 00 19 
       55 F4 00 32 
       00 12 00 24 
       19 04 07 01 
       83 00 19 04 
       0A 01 78 00 
       19 55 F4 00 
       32 00 12 00 
       14 19 04 D9 
       00 66 00 19 
       04 C0 00 48 
       00 19 55 CE 
       00 33 00 12 
       00 00 19 04 
       8F 00 DE 00 
       19 04 7E 00 
       E3 00 19 55 
       D4 00 CE 00 
       12 00 39 19 
       04 F7 00 6A 
       00 19 04 CE 
       00 33 00 19 
       55 E5 00 2A 
       00 12 00 14 
       19 04 D9 00 
       66 00 19 04 
       C6 00 6C 00 
       19 55 C0 00 
       48 00 12 00 
       24 19 04 74 
       00 B6 00 19 
       04 82 00 A2 
       00 19 55 AB 
       00 94 00 12 
       00 00 19 04 
       8F 00 DE 00 
       19 04 D4 00 
       CE 00 19 55 
       D9 00 CC 00 
       12 00 14 19 
       04 D9 00 CC 
       00 19 04 0A 
       01 78 00 19 
       55 07 01 83 
       00 12 00 39 
       19 04 0A 01 
       78 00 19 04 
       F7 00 6A 00 
       19 55 E5 00 
       2A 00 12 00 
       39 19 04 F7 
       00 6A 00 19 
       04 D9 00 66 
       00 19 55 CE 
       00 33 00 12 
       00 24 19 04 
       B0 00 A3 00 
       19 04 AB 00 
       94 00 19 55 
       C6 00 6C 00 
       12 00 14 19 
       04 7E 00 E3 
       00 19 04 72 
       00 D2 00 19 
       55 C2 00 BC 
       00 12 00 39 
       19 04 72 00 
       D2 00 19 04 
       74 00 B6 00 
       19 55 B0 00 
       A3 00 12 00 
       24 19 04 74 
       00 B6 00 19 
       04 AB 00 94 
       00 19 55 B0 
       00 A3 00 12 
       00 14 19 04 
       D9 00 CC 00 
       19 04 D4 00 
       CE 00 19 55 
       0A 01 78 00 
       12 00 24 19 
       04 B0 00 A3 
       00 19 04 C6 
       00 6C 00 19 
       55 D9 00 66 
       00 12 00 14 
       19 04 7E 00 
       E3 00 19 04 
       C2 00 BC 00 
       19 55 D4 00 
       CE 00 12 00 
       39 19 04 72 
       00 D2 00 19 
       04 B0 00 A3 
       00 19 55 C2 
       00 BC 00 12 
       00 39 19 04 
       D4 00 CE 00 
       19 04 F7 00 
       6A 00 19 55 
       0A 01 78 00 
       12 00 39 19 
       04 C2 00 BC 
       00 19 04 D9 
       00 66 00 19 
       55 F7 00 6A 
       00 12 00 39 
       19 04 C2 00 
       BC 00 19 04 
       B0 00 A3 00 
       19 55 D9 00 
       66 00 12 00 
       39 19 04 D4 
       00 CE 00 19 
       04 C2 00 BC 
       00 19 55 F7 
       00 6A 00 41 
       05 10 12 00 
       14 19 04 92 
       00 5E 00 19 
       04 9B 00 63 
       00 19 55 87 
       00 80 00 12 
       00 14 19 04 
       7A 00 3C 00 
       19 04 5B 00 
       6B 00 19 55 
       55 00 6F 00 
       12 00 14 19 
       04 7A 00 3C 
       00 19 04 79 
       00 41 00 19 
       55 5B 00 6B 
       00 12 00 14 
       19 04 92 00 
       5E 00 19 04 
       87 00 80 00 
       19 55 80 00 
       78 00 12 00 
       24 19 04 AF 
       00 1E 00 19 
       04 79 00 41 
       00 19 55 7A 
       00 3C 00 12 
       00 24 19 04 
       80 00 78 00 
       19 04 87 00 
       80 00 19 55 
       86 00 A0 00 
       12 00 00 19 
       04 AC 00 51 
       00 19 04 B9 
       00 55 00 19 
       55 9B 00 63 
       00 12 00 00 
       19 04 AC 00 
       51 00 19 04 
       9B 00 63 00 
       19 55 92 00 
       5E 00 12 00 
       39 19 04 84 
       00 4F 00 19 
       04 92 00 5E 
       00 19 55 80 
       00 78 00 12 
       00 39 19 04 
       79 00 41 00 
       19 04 6E 00 
       6E 00 19 55 
       5B 00 6B 00 
       12 00 39 19 
       04 79 00 41 
       00 19 04 84 
       00 4F 00 19 
       55 6E 00 6E 
       00 12 00 39 
       19 04 84 00 
       4F 00 19 04 
       80 00 78 00 
       19 55 6E 00 
       6E 00 12 00 
       14 19 04 55 
       00 6F 00 19 
       04 5B 00 6B 
       00 19 55 55 
       00 99 00 12 
       00 24 19 04 
       80 00 78 00 
       19 04 86 00 
       A0 00 19 55 
       7F 00 93 00 
       12 00 24 19 
       04 A4 00 29 
       00 19 04 84 
       00 4F 00 19 
       55 79 00 41 
       00 12 00 14 
       19 04 A3 00 
       3F 00 19 04 
       92 00 5E 00 
       19 55 84 00 
       4F 00 12 00 
       39 19 04 6E 
       00 6E 00 19 
       04 80 00 78 
       00 19 55 7F 
       00 93 00 12 
       00 24 19 04 
       AF 00 1E 00 
       19 04 A4 00 
       29 00 19 55 
       79 00 41 00 
       12 00 14 19 
       04 A3 00 3F 
       00 19 04 AC 
       00 51 00 19 
       55 92 00 5E 
       00 12 00 14 
       19 04 55 00 
       6F 00 19 04 
       55 00 99 00 
       19 55 4D 00 
       A9 00 12 00 
       39 19 04 5B 
       00 6B 00 19 
       04 6E 00 6E 
       00 19 55 6A 
       00 90 00 12 
       00 39 19 04 
       F4 00 30 00 
       19 04 AF 00 
       1E 00 19 55 
       BB 00 24 00 
       12 00 24 19 
       04 A4 00 29 
       00 19 04 A3 
       00 3F 00 19 
       55 84 00 4F 
       00 12 00 39 
       19 04 6E 00 
       6E 00 19 04 
       7F 00 93 00 
       19 55 6A 00 
       90 00 12 00 
       39 19 04 5B 
       00 6B 00 19 
       04 6A 00 90 
       00 19 55 55 
       00 99 00 12 
       00 00 19 04 
       BE 00 48 00 
       19 04 AC 00 
       51 00 19 55 
       A3 00 3F 00 
       12 00 39 19 
       04 E3 00 28 
       00 19 04 A4 
       00 29 00 19 
       55 AF 00 1E 
       00 12 00 39 
       19 04 6A 00 
       90 00 19 04 
       7F 00 93 00 
       19 55 92 00 
       A2 00 12 00 
       00 19 04 BE 
       00 48 00 19 
       04 C2 00 5A 
       00 19 55 AC 
       00 51 00 12 
       00 00 19 04 
       56 00 B5 00 
       19 04 4D 00 
       A9 00 19 55 
       6F 00 D2 00 
       12 00 14 19 
       04 CC 00 32 
       00 19 04 A3 
       00 3F 00 19 
       55 A4 00 29 
       00 12 00 39 
       19 04 F4 00 
       30 00 19 04 
       E3 00 28 00 
       19 55 AF 00 
       1E 00 12 00 
       39 19 04 55 
       00 99 00 19 
       04 6A 00 90 
       00 19 55 80 
       00 A2 00 12 
       00 14 19 04 
       4D 00 A9 00 
       19 04 55 00 
       99 00 19 55 
       71 00 B6 00 
       12 00 39 19 
       04 6A 00 90 
       00 19 04 92 
       00 A2 00 19 
       55 80 00 A2 
       00 12 00 14 
       19 04 CC 00 
       32 00 19 04 
       BE 00 48 00 
       19 55 A3 00 
       3F 00 12 00 
       00 19 04 56 
       00 B5 00 19 
       04 6F 00 D2 
       00 19 55 7C 
       00 E2 00 12 
       00 39 19 04 
       E3 00 28 00 
       19 04 CC 00 
       32 00 19 55 
       A4 00 29 00 
       12 00 24 19 
       04 05 01 83 
       00 19 04 F4 
       00 30 00 19 
       55 F5 00 44 
       00 12 00 39 
       19 04 55 00 
       99 00 19 04 
       80 00 A2 00 
       19 55 71 00 
       B6 00 12 00 
       14 19 04 4D 
       00 A9 00 19 
       04 71 00 B6 
       00 19 55 6F 
       00 D2 00 12 
       00 39 19 04 
       07 01 78 00 
       19 04 E3 00 
       28 00 19 55 
       F4 00 30 00 
       12 00 00 19 
       04 8E 00 DD 
       00 19 04 7C 
       00 E2 00 19 
       55 CE 00 CF 
       00 12 00 14 
       19 04 D4 00 
       66 00 19 04 
       BE 00 48 00 
       19 55 CC 00 
       32 00 12 00 
       24 19 04 71 
       00 B6 00 19 
       04 80 00 A2 
       00 19 55 A7 
       00 95 00 12 
       00 24 19 04 
       05 01 83 00 
       19 04 07 01 
       78 00 19 55 
       F4 00 30 00 
       12 00 14 19 
       04 D4 00 66 
       00 19 04 C2 
       00 6C 00 19 
       55 BE 00 48 
       00 12 00 00 
       19 04 8E 00 
       DD 00 19 04 
       CE 00 CF 00 
       19 55 D5 00 
       CD 00 12 00 
       39 19 04 F2 
       00 6A 00 19 
       04 CC 00 32 
       00 19 55 E3 
       00 28 00 12 
       00 14 19 04 
       7C 00 E2 00 
       19 04 6F 00 
       D2 00 19 55 
       BB 00 BD 00 
       12 00 24 19 
       04 6F 00 D2 
       00 19 04 71 
       00 B6 00 19 
       55 AA 00 A4 
       00 12 00 14 
       19 04 D5 00 
       CD 00 19 04 
       07 01 78 00 
       19 55 05 01 
       83 00 12 00 
       24 19 04 71 
       00 B6 00 19 
       04 A7 00 95 
       00 19 55 AA 
       00 A4 00 12 
       00 14 19 04 
       AA 00 A4 00 
       19 04 A7 00 
       95 00 19 55 
       C2 00 6C 00 
       12 00 39 19 
       04 07 01 78 
       00 19 04 F2 
       00 6A 00 19 
       55 E3 00 28 
       00 12 00 39 
       19 04 F2 00 
       6A 00 19 04 
       D4 00 66 00 
       19 55 CC 00 
       32 00 12 00 
       14 19 04 AA 
       00 A4 00 19 
       04 C2 00 6C 
       00 19 55 D4 
       00 66 00 12 
       00 14 19 04 
       7C 00 E2 00 
       19 04 BB 00 
       BD 00 19 55 
       CE 00 CF 00 
       12 00 14 19 
       04 D5 00 CD 
       00 19 04 CE 
       00 CF 00 19 
       55 07 01 78 
       00 12 00 24 
       19 04 6F 00 
       D2 00 19 04 
       AA 00 A4 00 
       19 55 BB 00 
       BD 00 12 00 
       39 19 04 CE 
       00 CF 00 19 
       04 F2 00 6A 
       00 19 55 07 
       01 78 00 12 
       00 39 19 04 
       BB 00 BD 00 
       19 04 AA 00 
       A4 00 19 55 
       D4 00 66 00 
       12 00 39 19 
       04 BB 00 BD 
       00 19 04 D4 
       00 66 00 19 
       55 F2 00 6A 
       00 12 00 39 
       19 04 CE 00 
       CF 00 19 04 
       BB 00 BD 00 
       19 55 F2 00 
       6A 00 41 05 
       10 12 00 14 
       19 04 7D 00 
       3C 00 19 04 
       5E 00 6B 00 
       19 55 5A 00 
       6F 00 12 00 
       24 19 04 94 
       00 5E 00 19 
       04 9E 00 63 
       00 19 55 8A 
       00 80 00 12 
       00 14 19 04 
       7D 00 3C 00 
       19 04 7C 00 
       41 00 19 55 
       5E 00 6B 00 
       12 00 24 19 
       04 94 00 5E 
       00 19 04 8A 
       00 80 00 19 
       55 82 00 78 
       00 12 00 24 
       19 04 82 00 
       78 00 19 04 
       8A 00 80 00 
       19 55 87 00 
       9F 00 12 00 
       24 19 04 B0 
       00 1D 00 19 
       04 7C 00 41 
       00 19 55 7D 
       00 3C 00 12 
       00 00 19 04 
       AD 00 51 00 
       19 04 9E 00 
       63 00 19 55 
       94 00 5E 00 
       12 00 00 19 
       04 AD 00 51 
       00 19 04 BB 
       00 55 00 19 
       55 9E 00 63 
       00 12 00 39 
       19 04 7C 00 
       41 00 19 04 
       6F 00 6F 00 
       19 55 5E 00 
       6B 00 12 00 
       39 19 04 85 
       00 4F 00 19 
       04 94 00 5E 
       00 19 55 82 
       00 78 00 12 
       00 10 19 04 
       5A 00 6F 00 
       19 04 5E 00 
       6B 00 19 55 
       56 00 99 00 
       12 00 39 19 
       04 7C 00 41 
       00 19 04 85 
       00 4F 00 19 
       55 6F 00 6F 
       00 12 00 39 
       19 04 85 00 
       4F 00 19 04 
       82 00 78 00 
       19 55 6F 00 
       6F 00 12 00 
       24 19 04 82 
       00 78 00 19 
       04 87 00 9F 
       00 19 55 80 
       00 93 00 12 
       00 39 19 04 
       6F 00 6F 00 
       19 04 82 00 
       78 00 19 55 
       80 00 93 00 
       12 00 24 19 
       04 A4 00 28 
       00 19 04 85 
       00 4F 00 19 
       55 7C 00 41 
       00 12 00 10 
       19 04 5A 00 
       6F 00 19 04 
       56 00 99 00 
       19 55 4F 00 
       A9 00 12 00 
       14 19 04 A3 
       00 3F 00 19 
       04 94 00 5E 
       00 19 55 85 
       00 4F 00 12 
       00 24 19 04 
       B0 00 1D 00 
       19 04 A4 00 
       28 00 19 55 
       7C 00 41 00 
       12 00 39 19 
       04 5E 00 6B 
       00 19 04 6F 
       00 6F 00 19 
       55 6B 00 90 
       00 12 00 14 
       19 04 A3 00 
       3F 00 19 04 
       AD 00 51 00 
       19 55 94 00 
       5E 00 12 00 
       39 19 04 6F 
       00 6F 00 19 
       04 80 00 93 
       00 19 55 6B 
       00 90 00 12 
       00 24 19 04 
       A4 00 28 00 
       19 04 A3 00 
       3F 00 19 55 
       85 00 4F 00 
       12 00 39 19 
       04 5E 00 6B 
       00 19 04 6B 
       00 90 00 19 
       55 56 00 99 
       00 12 00 39 
       19 04 F4 00 
       2F 00 19 04 
       B0 00 1D 00 
       19 55 BD 00 
       24 00 12 00 
       39 19 04 6B 
       00 90 00 19 
       04 80 00 93 
       00 19 55 91 
       00 A2 00 12 
       00 00 19 04 
       59 00 B4 00 
       19 04 4F 00 
       A9 00 19 55 
       6C 00 D1 00 
       12 00 00 19 
       04 BC 00 48 
       00 19 04 AD 
       00 51 00 19 
       55 A3 00 3F 
       00 12 00 39 
       19 04 E1 00 
       27 00 19 04 
       A4 00 28 00 
       19 55 B0 00 
       1D 00 12 00 
       00 19 04 BC 
       00 48 00 19 
       04 C2 00 5A 
       00 19 55 AD 
       00 51 00 12 
       00 14 19 04 
       C9 00 32 00 
       19 04 A3 00 
       3F 00 19 55 
       A4 00 28 00 
       12 00 39 19 
       04 56 00 99 
       00 19 04 6B 
       00 90 00 19 
       55 7E 00 A2 
       00 12 00 14 
       19 04 4F 00 
       A9 00 19 04 
       56 00 99 00 
       19 55 6E 00 
       B6 00 12 00 
       39 19 04 6B 
       00 90 00 19 
       04 91 00 A2 
       00 19 55 7E 
       00 A2 00 12 
       00 39 19 04 
       F4 00 2F 00 
       19 04 E1 00 
       27 00 19 55 
       B0 00 1D 00 
       12 00 00 19 
       04 59 00 B4 
       00 19 04 6C 
       00 D1 00 19 
       55 7A 00 E1 
       00 12 00 14 
       19 04 C9 00 
       32 00 19 04 
       BC 00 48 00 
       19 55 A3 00 
       3F 00 12 00 
       39 19 04 E1 
       00 27 00 19 
       04 C9 00 32 
       00 19 55 A4 
       00 28 00 12 
       00 39 19 04 
       56 00 99 00 
       19 04 7E 00 
       A2 00 19 55 
       6E 00 B6 00 
       12 00 14 19 
       04 4F 00 A9 
       00 19 04 6E 
       00 B6 00 19 
       55 6C 00 D1 
       00 12 00 24 
       19 04 04 01 
       83 00 19 04 
       F4 00 2F 00 
       19 55 F6 00 
       42 00 12 00 
       24 19 04 6E 
       00 B6 00 19 
       04 7E 00 A2 
       00 19 55 A2 
       00 95 00 12 
       00 00 19 04 
       8D 00 DD 00 
       19 04 7A 00 
       E1 00 19 55 
       C8 00 D0 00 
       12 00 10 19 
       04 CE 00 66 
       00 19 04 BC 
       00 48 00 19 
       55 C9 00 32 
       00 12 00 39 
       19 04 03 01 
       78 00 19 04 
       E1 00 27 00 
       19 55 F4 00 
       2F 00 12 00 
       00 19 04 8D 
       00 DD 00 19 
       04 C8 00 D0 
       00 19 55 D1 
       00 CE 00 12 
       00 10 19 04 
       CE 00 66 00 
       19 04 BE 00 
       6C 00 19 55 
       BC 00 48 00 
       12 00 24 19 
       04 04 01 83 
       00 19 04 03 
       01 78 00 19 
       55 F4 00 2F 
       00 12 00 39 
       19 04 EC 00 
       6A 00 19 04 
       C9 00 32 00 
       19 55 E1 00 
       27 00 12 00 
       24 19 04 6C 
       00 D1 00 19 
       04 6E 00 B6 
       00 19 55 A3 
       00 A4 00 12 
       00 14 19 04 
       7A 00 E1 00 
       19 04 6C 00 
       D1 00 19 55 
       B3 00 BE 00 
       12 00 24 19 
       04 6E 00 B6 
       00 19 04 A2 
       00 95 00 19 
       55 A3 00 A4 
       00 12 00 14 
       19 04 A3 00 
       A4 00 19 04 
       A2 00 95 00 
       19 55 BE 00 
       6C 00 12 00 
       24 19 04 D1 
       00 CE 00 19 
       04 03 01 78 
       00 19 55 04 
       01 83 00 12 
       00 39 19 04 
       EC 00 6A 00 
       19 04 CE 00 
       66 00 19 55 
       C9 00 32 00 
       12 00 39 19 
       04 03 01 78 
       00 19 04 EC 
       00 6A 00 19 
       55 E1 00 27 
       00 12 00 14 
       19 04 7A 00 
       E1 00 19 04 
       B3 00 BE 00 
       19 55 C8 00 
       D0 00 12 00 
       14 19 04 A3 
       00 A4 00 19 
       04 BE 00 6C 
       00 19 55 CE 
       00 66 00 12 
       00 24 19 04 
       6C 00 D1 00 
       19 04 A3 00 
       A4 00 19 55 
       B3 00 BE 00 
       12 00 24 19 
       04 D1 00 CE 
       00 19 04 C8 
       00 D0 00 19 
       55 03 01 78 
       00 12 00 39 
       19 04 B3 00 
       BE 00 19 04 
       A3 00 A4 00 
       19 55 CE 00 
       66 00 12 00 
       39 19 04 C8 
       00 D0 00 19 
       04 EC 00 6A 
       00 19 55 03 
       01 78 00 12 
       00 39 19 04 
       B3 00 BE 00 
       19 04 CE 00 
       66 00 19 55 
       EC 00 6A 00 
       12 00 39 19 
       04 C8 00 D0 
       00 19 04 B3 
       00 BE 00 19 
       55 EC 00 6A 
       00 41 05 10 
       12 00 10 19 
       04 81 00 3D 
       00 19 04 61 
       00 6B 00 19 
       55 5E 00 6F 
       00 12 00 24 
       19 04 96 00 
       5E 00 19 04 
       A1 00 63 00 
       19 55 8D 00 
       80 00 12 00 
       10 19 04 81 
       00 3D 00 19 
       04 7E 00 41 
       00 19 55 61 
       00 6B 00 12 
       00 24 19 04 
       96 00 5E 00 
       19 04 8D 00 
       80 00 19 55 
       84 00 78 00 
       12 00 39 19 
       04 84 00 78 
       00 19 04 8D 
       00 80 00 19 
       55 89 00 9F 
       00 12 00 24 
       19 04 B1 00 
       1D 00 19 04 
       7E 00 41 00 
       19 55 81 00 
       3D 00 12 00 
       39 19 04 7E 
       00 41 00 19 
       04 72 00 6F 
       00 19 55 61 
       00 6B 00 12 
       00 10 19 04 
       5E 00 6F 00 
       19 04 61 00 
       6B 00 19 55 
       58 00 98 00 
       12 00 00 19 
       04 AE 00 51 
       00 19 04 A1 
       00 63 00 19 
       55 96 00 5E 
       00 12 00 00 
       19 04 AE 00 
       51 00 19 04 
       BD 00 55 00 
       19 55 A1 00 
       63 00 12 00 
       39 19 04 87 
       00 50 00 19 
       04 96 00 5E 
       00 19 55 84 
       00 78 00 12 
       00 39 19 04 
       7E 00 41 00 
       19 04 87 00 
       50 00 19 55 
       72 00 6F 00 
       12 00 39 19 
       04 87 00 50 
       00 19 04 84 
       00 78 00 19 
       55 72 00 6F 
       00 12 00 10 
       19 04 5E 00 
       6F 00 19 04 
       58 00 98 00 
       19 55 51 00 
       A8 00 12 00 
       39 19 04 84 
       00 78 00 19 
       04 89 00 9F 
       00 19 55 81 
       00 93 00 12 
       00 39 19 04 
       72 00 6F 00 
       19 04 84 00 
       78 00 19 55 
       81 00 93 00 
       12 00 24 19 
       04 A5 00 28 
       00 19 04 87 
       00 50 00 19 
       55 7E 00 41 
       00 12 00 39 
       19 04 61 00 
       6B 00 19 04 
       72 00 6F 00 
       19 55 6C 00 
       8F 00 12 00 
       10 19 04 A4 
       00 3F 00 19 
       04 96 00 5E 
       00 19 55 87 
       00 50 00 12 
       00 24 19 04 
       B1 00 1D 00 
       19 04 A5 00 
       28 00 19 55 
       7E 00 41 00 
       12 00 10 19 
       04 A4 00 3F 
       00 19 04 AE 
       00 51 00 19 
       55 96 00 5E 
       00 12 00 39 
       19 04 61 00 
       6B 00 19 04 
       6C 00 8F 00 
       19 55 58 00 
       98 00 12 00 
       39 19 04 72 
       00 6F 00 19 
       04 81 00 93 
       00 19 55 6C 
       00 8F 00 12 
       00 24 19 04 
       A5 00 28 00 
       19 04 A4 00 
       3F 00 19 55 
       87 00 50 00 
       12 00 39 19 
       04 F3 00 2D 
       00 19 04 B1 
       00 1D 00 19 
       55 C0 00 23 
       00 12 00 00 
       19 04 5C 00 
       B3 00 19 04 
       51 00 A8 00 
       19 55 69 00 
       D0 00 12 00 
       39 19 04 6C 
       00 8F 00 19 
       04 81 00 93 
       00 19 55 90 
       00 A1 00 12 
       00 00 19 04 
       BA 00 47 00 
       19 04 AE 00 
       51 00 19 55 
       A4 00 3F 00 
       12 00 14 19 
       04 51 00 A8 
       00 19 04 58 
       00 98 00 19 
       55 6B 00 B5 
       00 12 00 39 
       19 04 58 00 
       98 00 19 04 
       6C 00 8F 00 
       19 55 7C 00 
       A2 00 12 00 
       39 19 04 DF 
       00 26 00 19 
       04 A5 00 28 
       00 19 55 B1 
       00 1D 00 12 
       00 00 19 04 
       BA 00 47 00 
       19 04 C1 00 
       5A 00 19 55 
       AE 00 51 00 
       12 00 14 19 
       04 C6 00 31 
       00 19 04 A4 
       00 3F 00 19 
       55 A5 00 28 
       00 12 00 39 
       19 04 6C 00 
       8F 00 19 04 
       90 00 A1 00 
       19 55 7C 00 
       A2 00 12 00 
       00 19 04 5C 
       00 B3 00 19 
       04 69 00 D0 
       00 19 55 78 
       00 E0 00 12 
       00 39 19 04 
       F3 00 2D 00 
       19 04 DF 00 
       26 00 19 55 
       B1 00 1D 00 
       12 00 39 19 
       04 58 00 98 
       00 19 04 7C 
       00 A2 00 19 
       55 6B 00 B5 
       00 12 00 14 
       19 04 51 00 
       A8 00 19 04 
       6B 00 B5 00 
       19 55 69 00 
       D0 00 12 00 
       14 19 04 C6 
       00 31 00 19 
       04 BA 00 47 
       00 19 55 A4 
       00 3F 00 12 
       00 39 19 04 
       DF 00 26 00 
       19 04 C6 00 
       31 00 19 55 
       A5 00 28 00 
       12 00 39 19 
       04 01 01 84 
       00 19 04 F3 
       00 2D 00 19 
       55 F7 00 41 
       00 12 00 24 
       19 04 6B 00 
       B5 00 19 04 
       7C 00 A2 00 
       19 55 9E 00 
       95 00 12 00 
       00 19 04 8C 
       00 DC 00 19 
       04 78 00 E0 
       00 19 55 C1 
       00 D1 00 12 
       00 10 19 04 
       C8 00 65 00 
       19 04 BA 00 
       47 00 19 55 
       C6 00 31 00 
       12 00 00 19 
       04 8C 00 DC 
       00 19 04 C1 
       00 D1 00 19 
       55 CD 00 CF 
       00 12 00 39 
       19 04 FE 00 
       78 00 19 04 
       DF 00 26 00 
       19 55 F3 00 
       2D 00 12 00 
       10 19 04 C8 
       00 65 00 19 
       04 BA 00 6C 
       00 19 55 BA 
       00 47 00 12 
       00 24 19 04 
       69 00 D0 00 
       19 04 6B 00 
       B5 00 19 55 
       9C 00 A4 00 
       12 00 10 19 
       04 78 00 E0 
       00 19 04 69 
       00 D0 00 19 
       55 AB 00 BE 
       00 12 00 24 
       19 04 6B 00 
       B5 00 19 04 
       9E 00 95 00 
       19 55 9C 00 
       A4 00 12 00 
       39 19 04 E5 
       00 6A 00 19 
       04 C6 00 31 
       00 19 55 DF 
       00 26 00 12 
       00 39 19 04 
       01 01 84 00 
       19 04 FE 00 
       78 00 19 55 
       F3 00 2D 00 
       12 00 10 19 
       04 9C 00 A4 
       00 19 04 9E 
       00 95 00 19 
       55 BA 00 6C 
       00 12 00 10 
       19 04 78 00 
       E0 00 19 04 
       AB 00 BE 00 
       19 55 C1 00 
       D1 00 12 00 
       24 19 04 CD 
       00 CF 00 19 
       04 FE 00 78 
       00 19 55 01 
       01 84 00 12 
       00 39 19 04 
       E5 00 6A 00 
       19 04 C8 00 
       65 00 19 55 
       C6 00 31 00 
       12 00 24 19 
       04 69 00 D0 
       00 19 04 9C 
       00 A4 00 19 
       55 AB 00 BE 
       00 12 00 10 
       19 04 9C 00 
       A4 00 19 04 
       BA 00 6C 00 
       19 55 C8 00 
       65 00 12 00 
       39 19 04 FE 
       00 78 00 19 
       04 E5 00 6A 
       00 19 55 DF 
       00 26 00 12 
       00 24 19 04 
       CD 00 CF 00 
       19 04 C1 00 
       D1 00 19 55 
       FE 00 78 00 
       12 00 39 19 
       04 AB 00 BE 
       00 19 04 9C 
       00 A4 00 19 
       55 C8 00 65 
       00 12 00 39 
       19 04 C1 00 
       D1 00 19 04 
       E5 00 6A 00 
       19 55 FE 00 
       78 00 12 00 
       39 19 04 AB 
       00 BE 00 19 
       04 C8 00 65 
       00 19 55 E5 
       00 6A 00 12 
       00 39 19 04 
       C1 00 D1 00 
       19 04 AB 00 
       BE 00 19 55 
       E5 00 6A 00 
       41 05 10 12 
       00 10 19 04 
       85 00 3D 00 
       19 04 65 00 
       6B 00 19 55 
       62 00 6F 00 
       12 00 10 19 
       04 85 00 3D 
       00 19 04 81 
       00 42 00 19 
       55 65 00 6B 
       00 12 00 24 
       19 04 98 00 
       5E 00 19 04 
       A4 00 63 00 
       19 55 90 00 
       80 00 12 00 
       24 19 04 98 
       00 5E 00 19 
       04 90 00 80 
       00 19 55 87 
       00 78 00 12 
       00 39 19 04 
       87 00 78 00 
       19 04 90 00 
       80 00 19 55 
       8B 00 9F 00 
       12 00 24 19 
       04 B3 00 1D 
       00 19 04 81 
       00 42 00 19 
       55 85 00 3D 
       00 12 00 00 
       19 04 62 00 
       6F 00 19 04 
       65 00 6B 00 
       19 55 59 00 
       98 00 12 00 
       39 19 04 81 
       00 42 00 19 
       04 74 00 6F 
       00 19 55 65 
       00 6B 00 12 
       00 39 19 04 
       81 00 42 00 
       19 04 89 00 
       50 00 19 55 
       74 00 6F 00 
       12 00 00 19 
       04 AF 00 51 
       00 19 04 A4 
       00 63 00 19 
       55 98 00 5E 
       00 12 00 39 
       19 04 89 00 
       50 00 19 04 
       98 00 5E 00 
       19 55 87 00 
       78 00 12 00 
       00 19 04 62 
       00 6F 00 19 
       04 59 00 98 
       00 19 55 54 
       00 A7 00 12 
       00 39 19 04 
       89 00 50 00 
       19 04 87 00 
       78 00 19 55 
       74 00 6F 00 
       12 00 00 19 
       04 AF 00 51 
       00 19 04 BF 
       00 55 00 19 
       55 A4 00 63 
       00 12 00 39 
       19 04 74 00 
       6F 00 19 04 
       87 00 78 00 
       19 55 82 00 
       92 00 12 00 
       39 19 04 87 
       00 78 00 19 
       04 8B 00 9F 
       00 19 55 82 
       00 92 00 12 
       00 39 19 04 
       65 00 6B 00 
       19 04 74 00 
       6F 00 19 55 
       6D 00 8F 00 
       12 00 24 19 
       04 A6 00 28 
       00 19 04 89 
       00 50 00 19 
       55 81 00 42 
       00 12 00 10 
       19 04 A4 00 
       3F 00 19 04 
       98 00 5E 00 
       19 55 89 00 
       50 00 12 00 
       24 19 04 B3 
       00 1D 00 19 
       04 A6 00 28 
       00 19 55 81 
       00 42 00 12 
       00 39 19 04 
       65 00 6B 00 
       19 04 6D 00 
       8F 00 19 55 
       59 00 98 00 
       12 00 39 19 
       04 74 00 6F 
       00 19 04 82 
       00 92 00 19 
       55 6D 00 8F 
       00 12 00 10 
       19 04 A4 00 
       3F 00 19 04 
       AF 00 51 00 
       19 55 98 00 
       5E 00 12 00 
       24 19 04 A6 
       00 28 00 19 
       04 A4 00 3F 
       00 19 55 89 
       00 50 00 12 
       00 00 19 04 
       5F 00 B2 00 
       19 04 54 00 
       A7 00 19 55 
       66 00 CE 00 
       12 00 39 19 
       04 6D 00 8F 
       00 19 04 82 
       00 92 00 19 
       55 8E 00 A1 
       00 12 00 39 
       19 04 F3 00 
       2C 00 19 04 
       B3 00 1D 00 
       19 55 C2 00 
       23 00 12 00 
       10 19 04 54 
       00 A7 00 19 
       04 59 00 98 
       00 19 55 68 
       00 B4 00 12 
       00 39 19 04 
       59 00 98 00 
       19 04 6D 00 
       8F 00 19 55 
       7A 00 A1 00 
       12 00 00 19 
       04 B8 00 47 
       00 19 04 AF 
       00 51 00 19 
       55 A4 00 3F 
       00 12 00 39 
       19 04 DD 00 
       25 00 19 04 
       A6 00 28 00 
       19 55 B3 00 
       1D 00 12 00 
       00 19 04 5F 
       00 B2 00 19 
       04 66 00 CE 
       00 19 55 75 
       00 DF 00 12 
       00 39 19 04 
       6D 00 8F 00 
       19 04 8E 00 
       A1 00 19 55 
       7A 00 A1 00 
       12 00 00 19 
       04 B8 00 47 
       00 19 04 C0 
       00 5A 00 19 
       55 AF 00 51 
       00 12 00 10 
       19 04 C4 00 
       30 00 19 04 
       A4 00 3F 00 
       19 55 A6 00 
       28 00 12 00 
       10 19 04 54 
       00 A7 00 19 
       04 68 00 B4 
       00 19 55 66 
       00 CE 00 12 
       00 39 19 04 
       59 00 98 00 
       19 04 7A 00 
       A1 00 19 55 
       68 00 B4 00 
       12 00 39 19 
       04 F3 00 2C 
       00 19 04 DD 
       00 25 00 19 
       55 B3 00 1D 
       00 12 00 10 
       19 04 C4 00 
       30 00 19 04 
       B8 00 47 00 
       19 55 A4 00 
       3F 00 12 00 
       39 19 04 DD 
       00 25 00 19 
       04 C4 00 30 
       00 19 55 A6 
       00 28 00 12 
       00 24 19 04 
       68 00 B4 00 
       19 04 7A 00 
       A1 00 19 55 
       99 00 95 00 
       12 00 39 19 
       04 FE 00 84 
       00 19 04 F3 
       00 2C 00 19 
       55 F8 00 41 
       00 12 00 00 
       19 04 8A 00 
       DC 00 19 04 
       75 00 DF 00 
       19 55 B9 00 
       D1 00 12 00 
       00 19 04 C1 
       00 65 00 19 
       04 B8 00 47 
       00 19 55 C4 
       00 30 00 12 
       00 24 19 04 
       66 00 CE 00 
       19 04 68 00 
       B4 00 19 55 
       95 00 A3 00 
       12 00 10 19 
       04 75 00 DF 
       00 19 04 66 
       00 CE 00 19 
       55 A3 00 BE 
       00 12 00 00 
       19 04 8A 00 
       DC 00 19 04 
       B9 00 D1 00 
       19 55 C8 00 
       D0 00 12 00 
       00 19 04 C1 
       00 65 00 19 
       04 B6 00 6C 
       00 19 55 B8 
       00 47 00 12 
       00 24 19 04 
       68 00 B4 00 
       19 04 99 00 
       95 00 19 55 
       95 00 A3 00 
       12 00 39 19 
       04 F9 00 78 
       00 19 04 DD 
       00 25 00 19 
       55 F3 00 2C 
       00 12 00 39 
       19 04 DE 00 
       6A 00 19 04 
       C4 00 30 00 
       19 55 DD 00 
       25 00 12 00 
       10 19 04 95 
       00 A3 00 19 
       04 99 00 95 
       00 19 55 B6 
       00 6C 00 12 
       00 39 19 04 
       FE 00 84 00 
       19 04 F9 00 
       78 00 19 55 
       F3 00 2C 00 
       12 00 10 19 
       04 75 00 DF 
       00 19 04 A3 
       00 BE 00 19 
       55 B9 00 D1 
       00 12 00 24 
       19 04 66 00 
       CE 00 19 04 
       95 00 A3 00 
       19 55 A3 00 
       BE 00 12 00 
       10 19 04 95 
       00 A3 00 19 
       04 B6 00 6C 
       00 19 55 C1 
       00 65 00 12 
       00 39 19 04 
       DE 00 6A 00 
       19 04 C1 00 
       65 00 19 55 
       C4 00 30 00 
       12 00 24 19 
       04 C8 00 D0 
       00 19 04 F9 
       00 78 00 19 
       55 FE 00 84 
       00 12 00 39 
       19 04 F9 00 
       78 00 19 04 
       DE 00 6A 00 
       19 55 DD 00 
       25 00 12 00 
       24 19 04 C8 
       00 D0 00 19 
       04 B9 00 D1 
       00 19 55 F9 
       00 78 00 12 
       00 39 19 04 
       A3 00 BE 00 
       19 04 95 00 
       A3 00 19 55 
       C1 00 65 00 
       12 00 39 19 
       04 A3 00 BE 
       00 19 04 C1 
       00 65 00 19 
       55 DE 00 6A 
       00 12 00 39 
       19 04 B9 00 
       D1 00 19 04 
       DE 00 6A 00 
       19 55 F9 00 
       78 00 12 00 
       39 19 04 B9 
       00 D1 00 19 
       04 A3 00 BE 
       00 19 55 DE 
       00 6A 00 41 
       05 10 12 00 
       10 19 04 89 
       00 3E 00 19 
       04 68 00 6B 
       00 19 55 67 
       00 6F 00 12 
       00 10 19 04 
       89 00 3E 00 
       19 04 85 00 
       42 00 19 55 
       68 00 6B 00 
       12 00 24 19 
       04 9B 00 5E 
       00 19 04 A7 
       00 63 00 19 
       55 93 00 80 
       00 12 00 00 
       19 04 67 00 
       6F 00 19 04 
       68 00 6B 00 
       19 55 5B 00 
       96 00 12 00 
       24 19 04 9B 
       00 5E 00 19 
       04 93 00 80 
       00 19 55 89 
       00 78 00 12 
       00 39 19 04 
       85 00 42 00 
       19 04 77 00 
       6E 00 19 55 
       68 00 6B 00 
       12 00 39 19 
       04 89 00 78 
       00 19 04 93 
       00 80 00 19 
       55 8D 00 9F 
       00 12 00 24 
       19 04 B5 00 
       1D 00 19 04 
       85 00 42 00 
       19 55 89 00 
       3E 00 12 00 
       00 19 04 67 
       00 6F 00 19 
       04 5B 00 96 
       00 19 55 56 
       00 A5 00 12 
       00 39 19 04 
       85 00 42 00 
       19 04 8C 00 
       50 00 19 55 
       77 00 6E 00 
       12 00 39 19 
       04 8C 00 50 
       00 19 04 9B 
       00 5E 00 19 
       55 89 00 78 
       00 12 00 39 
       19 04 8C 00 
       50 00 19 04 
       89 00 78 00 
       19 55 77 00 
       6E 00 12 00 
       00 19 04 B0 
       00 51 00 19 
       04 A7 00 63 
       00 19 55 9B 
       00 5E 00 12 
       00 39 19 04 
       68 00 6B 00 
       19 04 77 00 
       6E 00 19 55 
       6E 00 8E 00 
       12 00 39 19 
       04 77 00 6E 
       00 19 04 89 
       00 78 00 19 
       55 83 00 92 
       00 12 00 00 
       19 04 B0 00 
       51 00 19 04 
       C1 00 55 00 
       19 55 A7 00 
       63 00 12 00 
       39 19 04 89 
       00 78 00 19 
       04 8D 00 9F 
       00 19 55 83 
       00 92 00 12 
       00 24 19 04 
       A7 00 29 00 
       19 04 8C 00 
       50 00 19 55 
       85 00 42 00 
       12 00 39 19 
       04 68 00 6B 
       00 19 04 6E 
       00 8E 00 19 
       55 5B 00 96 
       00 12 00 10 
       19 04 A5 00 
       3F 00 19 04 
       9B 00 5E 00 
       19 55 8C 00 
       50 00 12 00 
       24 19 04 B5 
       00 1D 00 19 
       04 A7 00 29 
       00 19 55 85 
       00 42 00 12 
       00 39 19 04 
       77 00 6E 00 
       19 04 83 00 
       92 00 19 55 
       6E 00 8E 00 
       12 00 10 19 
       04 A5 00 3F 
       00 19 04 B0 
       00 51 00 19 
       55 9B 00 5E 
       00 12 00 24 
       19 04 A7 00 
       29 00 19 04 
       A5 00 3F 00 
       19 55 8C 00 
       50 00 12 00 
       00 19 04 62 
       00 B1 00 19 
       04 56 00 A5 
       00 19 55 63 
       00 CC 00 12 
       00 39 19 04 
       6E 00 8E 00 
       19 04 83 00 
       92 00 19 55 
       8D 00 A1 00 
       12 00 10 19 
       04 56 00 A5 
       00 19 04 5B 
       00 96 00 19 
       55 65 00 B2 
       00 12 00 39 
       19 04 5B 00 
       96 00 19 04 
       6E 00 8E 00 
       19 55 78 00 
       A0 00 12 00 
       39 19 04 F2 
       00 2B 00 19 
       04 B5 00 1D 
       00 19 55 C5 
       00 23 00 12 
       00 00 19 04 
       B7 00 47 00 
       19 04 B0 00 
       51 00 19 55 
       A5 00 3F 00 
       12 00 00 19 
       04 62 00 B1 
       00 19 04 63 
       00 CC 00 19 
       55 72 00 DD 
       00 12 00 39 
       19 04 6E 00 
       8E 00 19 04 
       8D 00 A1 00 
       19 55 78 00 
       A0 00 12 00 
       39 19 04 DA 
       00 24 00 19 
       04 A7 00 29 
       00 19 55 B5 
       00 1D 00 12 
       00 10 19 04 
       C1 00 30 00 
       19 04 A5 00 
       3F 00 19 55 
       A7 00 29 00 
       12 00 00 19 
       04 B7 00 47 
       00 19 04 C0 
       00 5A 00 19 
       55 B0 00 51 
       00 12 00 10 
       19 04 56 00 
       A5 00 19 04 
       65 00 B2 00 
       19 55 63 00 
       CC 00 12 00 
       39 19 04 5B 
       00 96 00 19 
       04 78 00 A0 
       00 19 55 65 
       00 B2 00 12 
       00 10 19 04 
       C1 00 30 00 
       19 04 B7 00 
       47 00 19 55 
       A5 00 3F 00 
       12 00 39 19 
       04 F2 00 2B 
       00 19 04 DA 
       00 24 00 19 
       55 B5 00 1D 
       00 12 00 39 
       19 04 DA 00 
       24 00 19 04 
       C1 00 30 00 
       19 55 A7 00 
       29 00 12 00 
       24 19 04 65 
       00 B2 00 19 
       04 78 00 A0 
       00 19 55 94 
       00 94 00 12 
       00 00 19 04 
       88 00 DB 00 
       19 04 72 00 
       DD 00 19 55 
       B1 00 D1 00 
       12 00 39 19 
       04 FA 00 85 
       00 19 04 F2 
       00 2B 00 19 
       55 F8 00 40 
       00 12 00 24 
       19 04 63 00 
       CC 00 19 04 
       65 00 B2 00 
       19 55 8E 00 
       A2 00 12 00 
       10 19 04 72 
       00 DD 00 19 
       04 63 00 CC 
       00 19 55 9A 
       00 BD 00 12 
       00 00 19 04 
       BA 00 64 00 
       19 04 B7 00 
       47 00 19 55 
       C1 00 30 00 
       12 00 24 19 
       04 65 00 B2 
       00 19 04 94 
       00 94 00 19 
       55 8E 00 A2 
       00 12 00 00 
       19 04 88 00 
       DB 00 19 04 
       B1 00 D1 00 
       19 55 C2 00 
       D0 00 12 00 
       00 19 04 BA 
       00 64 00 19 
       04 B1 00 6B 
       00 19 55 B7 
       00 47 00 12 
       00 39 19 04 
       F2 00 78 00 
       19 04 DA 00 
       24 00 19 55 
       F2 00 2B 00 
       12 00 10 19 
       04 8E 00 A2 
       00 19 04 94 
       00 94 00 19 
       55 B1 00 6B 
       00 12 00 39 
       19 04 D6 00 
       69 00 19 04 
       C1 00 30 00 
       19 55 DA 00 
       24 00 12 00 
       24 19 04 63 
       00 CC 00 19 
       04 8E 00 A2 
       00 19 55 9A 
       00 BD 00 12 
       00 10 19 04 
       72 00 DD 00 
       19 04 9A 00 
       BD 00 19 55 
       B1 00 D1 00 
       12 00 39 19 
       04 FA 00 85 
       00 19 04 F2 
       00 78 00 19 
       55 F2 00 2B 
       00 12 00 10 
       19 04 8E 00 
       A2 00 19 04 
       B1 00 6B 00 
       19 55 BA 00 
       64 00 12 00 
       39 19 04 D6 
       00 69 00 19 
       04 BA 00 64 
       00 19 55 C1 
       00 30 00 12 
       00 24 19 04 
       C2 00 D0 00 
       19 04 F2 00 
       78 00 19 55 
       FA 00 85 00 
       12 00 39 19 
       04 F2 00 78 
       00 19 04 D6 
       00 69 00 19 
       55 DA 00 24 
       00 12 00 24 
       19 04 C2 00 
       D0 00 19 04 
       B1 00 D1 00 
       19 55 F2 00 
       78 00 12 00 
       39 19 04 9A 
       00 BD 00 19 
       04 8E 00 A2 
       00 19 55 BA 
       00 64 00 12 
       00 39 19 04 
       9A 00 BD 00 
       19 04 BA 00 
       64 00 19 55 
       D6 00 69 00 
       12 00 39 19 
       04 B1 00 D1 
       00 19 04 9A 
       00 BD 00 19 
       55 D6 00 69 
       00 12 00 39 
       19 04 B1 00 
       D1 00 19 04 
       D6 00 69 00 
       19 55 F2 00 
       78 00 41 05 
       10 12 00 00 
       19 04 8E 00 
       3E 00 19 04 
       6C 00 6B 00 
       19 55 6C 00 
       6F 00 12 00 
       00 19 04 8E 
       00 3E 00 19 
       04 88 00 43 
       00 19 55 6C 
       00 6B 00 12 
       00 00 19 04 
       6C 00 6F 00 
       19 04 6C 00 
       6B 00 19 55 
       5C 00 95 00 
       12 00 24 19 
       04 9D 00 5F 
       00 19 04 AB 
       00 64 00 19 
       55 96 00 80 
       00 12 00 24 
       19 04 88 00 
       43 00 19 04 
       79 00 6E 00 
       19 55 6C 00 
       6B 00 12 00 
       24 19 04 9D 
       00 5F 00 19 
       04 96 00 80 
       00 19 55 8C 
       00 78 00 12 
       00 39 19 04 
       8C 00 78 00 
       19 04 96 00 
       80 00 19 55 
       8E 00 9F 00 
       12 00 00 19 
       04 6C 00 6F 
       00 19 04 5C 
       00 95 00 19 
       55 58 00 A4 
       00 12 00 14 
       19 04 B7 00 
       1D 00 19 04 
       88 00 43 00 
       19 55 8E 00 
       3E 00 12 00 
       24 19 04 88 
       00 43 00 19 
       04 8E 00 50 
       00 19 55 79 
       00 6E 00 12 
       00 39 19 04 
       8E 00 50 00 
       19 04 8C 00 
       78 00 19 55 
       79 00 6E 00 
       12 00 39 19 
       04 8E 00 50 
       00 19 04 9D 
       00 5F 00 19 
       55 8C 00 78 
       00 12 00 39 
       19 04 6C 00 
       6B 00 19 04 
       79 00 6E 00 
       19 55 6F 00 
       8D 00 12 00 
       00 19 04 B2 
       00 52 00 19 
       04 AB 00 64 
       00 19 55 9D 
       00 5F 00 12 
       00 39 19 04 
       79 00 6E 00 
       19 04 8C 00 
       78 00 19 55 
       84 00 92 00 
       12 00 39 19 
       04 8C 00 78 
       00 19 04 8E 
       00 9F 00 19 
       55 84 00 92 
       00 12 00 39 
       19 04 6C 00 
       6B 00 19 04 
       6F 00 8D 00 
       19 55 5C 00 
       95 00 12 00 
       00 19 04 B2 
       00 52 00 19 
       04 C4 00 55 
       00 19 55 AB 
       00 64 00 12 
       00 14 19 04 
       A8 00 29 00 
       19 04 8E 00 
       50 00 19 55 
       88 00 43 00 
       12 00 10 19 
       04 A6 00 3F 
       00 19 04 9D 
       00 5F 00 19 
       55 8E 00 50 
       00 12 00 39 
       19 04 79 00 
       6E 00 19 04 
       84 00 92 00 
       19 55 6F 00 
       8D 00 12 00 
       14 19 04 B7 
       00 1D 00 19 
       04 A8 00 29 
       00 19 55 88 
       00 43 00 12 
       00 10 19 04 
       A6 00 3F 00 
       19 04 B2 00 
       52 00 19 55 
       9D 00 5F 00 
       12 00 00 19 
       04 64 00 B0 
       00 19 04 58 
       00 A4 00 19 
       55 60 00 CA 
       00 12 00 14 
       19 04 A8 00 
       29 00 19 04 
       A6 00 3F 00 
       19 55 8E 00 
       50 00 12 00 
       39 19 04 6F 
       00 8D 00 19 
       04 84 00 92 
       00 19 55 8C 
       00 A0 00 12 
       00 00 19 04 
       58 00 A4 00 
       19 04 5C 00 
       95 00 19 55 
       63 00 B0 00 
       12 00 39 19 
       04 5C 00 95 
       00 19 04 6F 
       00 8D 00 19 
       55 76 00 9F 
       00 12 00 39 
       19 04 F1 00 
       2B 00 19 04 
       B7 00 1D 00 
       19 55 C8 00 
       23 00 12 00 
       00 19 04 64 
       00 B0 00 19 
       04 60 00 CA 
       00 19 55 6F 
       00 DC 00 12 
       00 00 19 04 
       B5 00 47 00 
       19 04 B2 00 
       52 00 19 55 
       A6 00 3F 00 
       12 00 39 19 
       04 6F 00 8D 
       00 19 04 8C 
       00 A0 00 19 
       55 76 00 9F 
       00 12 00 00 
       19 04 58 00 
       A4 00 19 04 
       63 00 B0 00 
       19 55 60 00 
       CA 00 12 00 
       39 19 04 D8 
       00 23 00 19 
       04 A8 00 29 
       00 19 55 B7 
       00 1D 00 12 
       00 39 19 04 
       5C 00 95 00 
       19 04 76 00 
       9F 00 19 55 
       63 00 B0 00 
       12 00 00 19 
       04 BF 00 30 
       00 19 04 A6 
       00 3F 00 19 
       55 A8 00 29 
       00 12 00 00 
       19 04 B5 00 
       47 00 19 04 
       BF 00 5A 00 
       19 55 B2 00 
       52 00 12 00 
       00 19 04 BF 
       00 30 00 19 
       04 B5 00 47 
       00 19 55 A6 
       00 3F 00 12 
       00 39 19 04 
       F1 00 2B 00 
       19 04 D8 00 
       23 00 19 55 
       B7 00 1D 00 
       12 00 39 19 
       04 D8 00 23 
       00 19 04 BF 
       00 30 00 19 
       55 A8 00 29 
       00 12 00 14 
       19 04 63 00 
       B0 00 19 04 
       76 00 9F 00 
       19 55 90 00 
       93 00 12 00 
       00 19 04 86 
       00 DB 00 19 
       04 6F 00 DC 
       00 19 55 A7 
       00 D1 00 12 
       00 14 19 04 
       60 00 CA 00 
       19 04 63 00 
       B0 00 19 55 
       87 00 A1 00 
       12 00 10 19 
       04 6F 00 DC 
       00 19 04 60 
       00 CA 00 19 
       55 90 00 BC 
       00 12 00 39 
       19 04 F5 00 
       85 00 19 04 
       F1 00 2B 00 
       19 55 F8 00 
       40 00 12 00 
       14 19 04 63 
       00 B0 00 19 
       04 90 00 93 
       00 19 55 87 
       00 A1 00 12 
       00 00 19 04 
       B4 00 64 00 
       19 04 B5 00 
       47 00 19 55 
       BF 00 30 00 
       12 00 00 19 
       04 86 00 DB 
       00 19 04 A7 
       00 D1 00 19 
       55 BB 00 D1 
       00 12 00 00 
       19 04 B4 00 
       64 00 19 04 
       AD 00 6B 00 
       19 55 B5 00 
       47 00 12 00 
       00 19 04 87 
       00 A1 00 19 
       04 90 00 93 
       00 19 55 AD 
       00 6B 00 12 
       00 39 19 04 
       EB 00 78 00 
       19 04 D8 00 
       23 00 19 55 
       F1 00 2B 00 
       12 00 14 19 
       04 60 00 CA 
       00 19 04 87 
       00 A1 00 19 
       55 90 00 BC 
       00 12 00 39 
       19 04 CE 00 
       68 00 19 04 
       BF 00 30 00 
       19 55 D8 00 
       23 00 12 00 
       10 19 04 6F 
       00 DC 00 19 
       04 90 00 BC 
       00 19 55 A7 
       00 D1 00 12 
       00 00 19 04 
       87 00 A1 00 
       19 04 AD 00 
       6B 00 19 55 
       B4 00 64 00 
       12 00 39 19 
       04 F5 00 85 
       00 19 04 EB 
       00 78 00 19 
       55 F1 00 2B 
       00 12 00 39 
       19 04 CE 00 
       68 00 19 04 
       B4 00 64 00 
       19 55 BF 00 
       30 00 12 00 
       24 19 04 BB 
       00 D1 00 19 
       04 EB 00 78 
       00 19 55 F5 
       00 85 00 12 
       00 24 19 04 
       90 00 BC 00 
       19 04 87 00 
       A1 00 19 55 
       B4 00 64 00 
       12 00 39 19 
       04 EB 00 78 
       00 19 04 CE 
       00 68 00 19 
       55 D8 00 23 
       00 12 00 24 
       19 04 BB 00 
       D1 00 19 04 
       A7 00 D1 00 
       19 55 EB 00 
       78 00 12 00 
       24 19 04 90 
       00 BC 00 19 
       04 B4 00 64 
       00 19 55 CE 
       00 68 00 12 
       00 39 19 04 
       A7 00 D1 00 
       19 04 90 00 
       BC 00 19 55 
       CE 00 68 00 
       12 00 39 19 
       04 A7 00 D1 
       00 19 04 CE 
       00 68 00 19 
       55 EB 00 78 
       00 41 05 10 
       12 00 00 19 
       04 AE 00 65 
       00 19 04 B3 
       00 5F 00 19 
       55 98 00 84 
       00 12 00 00 
       19 04 AE 00 
       65 00 19 04 
       98 00 84 00 
       19 55 99 00 
       81 00 12 00 
       00 19 04 71 
       00 6F 00 19 
       04 70 00 6B 
       00 19 55 5E 
       00 94 00 12 
       00 24 19 04 
       8C 00 43 00 
       19 04 7C 00 
       6E 00 19 55 
       70 00 6B 00 
       12 00 24 19 
       04 A0 00 5F 
       00 19 04 AE 
       00 65 00 19 
       55 99 00 81 
       00 12 00 00 
       19 04 71 00 
       6F 00 19 04 
       5E 00 94 00 
       19 55 5B 00 
       A2 00 12 00 
       24 19 04 A0 
       00 5F 00 19 
       04 99 00 81 
       00 19 55 8E 
       00 78 00 12 
       00 39 19 04 
       8E 00 78 00 
       19 04 99 00 
       81 00 19 55 
       90 00 9F 00 
       12 00 14 19 
       04 BA 00 1E 
       00 19 04 8C 
       00 43 00 19 
       55 93 00 3F 
       00 12 00 24 
       19 04 8C 00 
       43 00 19 04 
       91 00 50 00 
       19 55 7C 00 
       6E 00 12 00 
       39 19 04 91 
       00 50 00 19 
       04 8E 00 78 
       00 19 55 7C 
       00 6E 00 12 
       00 39 19 04 
       70 00 6B 00 
       19 04 7C 00 
       6E 00 19 55 
       70 00 8C 00 
       12 00 39 19 
       04 91 00 50 
       00 19 04 A0 
       00 5F 00 19 
       55 8E 00 78 
       00 12 00 39 
       19 04 7C 00 
       6E 00 19 04 
       8E 00 78 00 
       19 55 85 00 
       91 00 12 00 
       39 19 04 70 
       00 6B 00 19 
       04 70 00 8C 
       00 19 55 5E 
       00 94 00 12 
       00 00 19 04 
       B3 00 52 00 
       19 04 AE 00 
       65 00 19 55 
       A0 00 5F 00 
       12 00 39 19 
       04 8E 00 78 
       00 19 04 90 
       00 9F 00 19 
       55 85 00 91 
       00 12 00 14 
       19 04 AA 00 
       29 00 19 04 
       91 00 50 00 
       19 55 8C 00 
       43 00 12 00 
       00 19 04 B3 
       00 52 00 19 
       04 C6 00 56 
       00 19 55 AE 
       00 65 00 12 
       00 39 19 04 
       7C 00 6E 00 
       19 04 85 00 
       91 00 19 55 
       70 00 8C 00 
       12 00 10 19 
       04 A8 00 3F 
       00 19 04 A0 
       00 5F 00 19 
       55 91 00 50 
       00 12 00 14 
       19 04 BA 00 
       1E 00 19 04 
       AA 00 29 00 
       19 55 8C 00 
       43 00 12 00 
       00 19 04 66 
       00 AE 00 19 
       04 5B 00 A2 
       00 19 55 5C 
       00 C7 00 12 
       00 10 19 04 
       A8 00 3F 00 
       19 04 B3 00 
       52 00 19 55 
       A0 00 5F 00 
       12 00 14 19 
       04 AA 00 29 
       00 19 04 A8 
       00 3F 00 19 
       55 91 00 50 
       00 12 00 00 
       19 04 5B 00 
       A2 00 19 04 
       5E 00 94 00 
       19 55 60 00 
       AE 00 12 00 
       39 19 04 70 
       00 8C 00 19 
       04 85 00 91 
       00 19 55 8A 
       00 A0 00 12 
       00 24 19 04 
       5E 00 94 00 
       19 04 70 00 
       8C 00 19 55 
       74 00 9E 00 
       12 00 00 19 
       04 66 00 AE 
       00 19 04 5C 
       00 C7 00 19 
       55 6B 00 DA 
       00 12 00 39 
       19 04 70 00 
       8C 00 19 04 
       8A 00 A0 00 
       19 55 74 00 
       9E 00 12 00 
       39 19 04 EF 
       00 2B 00 19 
       04 BA 00 1E 
       00 19 55 CC 
       00 24 00 12 
       00 00 19 04 
       5B 00 A2 00 
       19 04 60 00 
       AE 00 19 55 
       5C 00 C7 00 
       12 00 00 19 
       04 B3 00 46 
       00 19 04 B3 
       00 52 00 19 
       55 A8 00 3F 
       00 12 00 24 
       19 04 5E 00 
       94 00 19 04 
       74 00 9E 00 
       19 55 60 00 
       AE 00 12 00 
       24 19 04 D6 
       00 23 00 19 
       04 AA 00 29 
       00 19 55 BA 
       00 1E 00 12 
       00 00 19 04 
       BC 00 2F 00 
       19 04 A8 00 
       3F 00 19 55 
       AA 00 29 00 
       12 00 00 19 
       04 B3 00 46 
       00 19 04 BE 
       00 5A 00 19 
       55 B3 00 52 
       00 12 00 00 
       19 04 BC 00 
       2F 00 19 04 
       B3 00 46 00 
       19 55 A8 00 
       3F 00 12 00 
       39 19 04 EF 
       00 2B 00 19 
       04 D6 00 23 
       00 19 55 BA 
       00 1E 00 12 
       00 24 19 04 
       D6 00 23 00 
       19 04 BC 00 
       2F 00 19 55 
       AA 00 29 00 
       12 00 14 19 
       04 60 00 AE 
       00 19 04 74 
       00 9E 00 19 
       55 8B 00 92 
       00 12 00 00 
       19 04 83 00 
       DA 00 19 04 
       6B 00 DA 00 
       19 55 9E 00 
       D0 00 12 00 
       14 19 04 5C 
       00 C7 00 19 
       04 60 00 AE 
       00 19 55 80 
       00 9F 00 12 
       00 10 19 04 
       6B 00 DA 00 
       19 04 5C 00 
       C7 00 19 55 
       87 00 BA 00 
       12 00 14 19 
       04 60 00 AE 
       00 19 04 8B 
       00 92 00 19 
       55 80 00 9F 
       00 12 00 00 
       19 04 AD 00 
       63 00 19 04 
       B3 00 46 00 
       19 55 BC 00 
       2F 00 12 00 
       00 19 04 83 
       00 DA 00 19 
       04 9E 00 D0 
       00 19 55 B3 
       00 D1 00 12 
       00 39 19 04 
       EF 00 86 00 
       19 04 EF 00 
       2B 00 19 55 
       F8 00 41 00 
       12 00 00 19 
       04 AD 00 63 
       00 19 04 A8 
       00 6A 00 19 
       55 B3 00 46 
       00 12 00 00 
       19 04 BA 00 
       C0 00 19 04 
       EF 00 86 00 
       19 55 E4 00 
       8A 00 12 00 
       14 19 04 5C 
       00 C7 00 19 
       04 80 00 9F 
       00 19 55 87 
       00 BA 00 12 
       00 10 19 04 
       6B 00 DA 00 
       19 04 87 00 
       BA 00 19 55 
       9E 00 D0 00 
       12 00 00 19 
       04 BA 00 C0 
       00 19 04 B3 
       00 D1 00 19 
       55 EF 00 86 
       00 12 00 39 
       19 04 C5 00 
       68 00 19 04 
       BC 00 2F 00 
       19 55 D6 00 
       23 00 12 00 
       39 19 04 E3 
       00 78 00 19 
       04 D6 00 23 
       00 19 55 EF 
       00 2B 00 12 
       00 39 19 04 
       C5 00 68 00 
       19 04 AD 00 
       63 00 19 55 
       BC 00 2F 00 
       12 00 39 19 
       04 EF 00 86 
       00 19 04 E3 
       00 78 00 19 
       55 EF 00 2B 
       00 12 00 24 
       19 04 87 00 
       BA 00 19 04 
       80 00 9F 00 
       19 55 AD 00 
       63 00 12 00 
       24 19 04 B3 
       00 D1 00 19 
       04 E3 00 78 
       00 19 55 EF 
       00 86 00 12 
       00 39 19 04 
       E3 00 78 00 
       19 04 C5 00 
       68 00 19 55 
       D6 00 23 00 
       12 00 24 19 
       04 B3 00 D1 
       00 19 04 9E 
       00 D0 00 19 
       55 E3 00 78 
       00 12 00 24 
       19 04 87 00 
       BA 00 19 04 
       AD 00 63 00 
       19 55 C5 00 
       68 00 12 00 
       39 19 04 9E 
       00 D0 00 19 
       04 87 00 BA 
       00 19 55 C5 
       00 68 00 12 
       00 39 19 04 
       9E 00 D0 00 
       19 04 C5 00 
       68 00 19 55 
       E3 00 78 00 
       41 05 10 12 
       00 00 19 04 
       B2 00 66 00 
       19 04 B8 00 
       60 00 19 55 
       9C 00 84 00 
       12 00 00 19 
       04 B2 00 66 
       00 19 04 9C 
       00 84 00 19 
       55 9D 00 81 
       00 12 00 10 
       19 04 9D 00 
       81 00 19 04 
       9C 00 84 00 
       19 55 8C 00 
       AC 00 12 00 
       24 19 04 91 
       00 43 00 19 
       04 7F 00 6E 
       00 19 55 74 
       00 6A 00 12 
       00 24 19 04 
       A3 00 5F 00 
       19 04 B2 00 
       66 00 19 55 
       9D 00 81 00 
       12 00 10 19 
       04 9D 00 81 
       00 19 04 8C 
       00 AC 00 19 
       55 91 00 9F 
       00 12 00 24 
       19 04 A3 00 
       5F 00 19 04 
       9D 00 81 00 
       19 55 91 00 
       78 00 12 00 
       39 19 04 91 
       00 78 00 19 
       04 9D 00 81 
       00 19 55 91 
       00 9F 00 12 
       00 14 19 04 
       BD 00 1F 00 
       19 04 91 00 
       43 00 19 55 
       99 00 40 00 
       12 00 24 19 
       04 91 00 43 
       00 19 04 95 
       00 51 00 19 
       55 7F 00 6E 
       00 12 00 39 
       19 04 74 00 
       6A 00 19 04 
       7F 00 6E 00 
       19 55 71 00 
       8B 00 12 00 
       39 19 04 95 
       00 51 00 19 
       04 91 00 78 
       00 19 55 7F 
       00 6E 00 12 
       00 39 19 04 
       95 00 51 00 
       19 04 A3 00 
       5F 00 19 55 
       91 00 78 00 
       12 00 39 19 
       04 74 00 6A 
       00 19 04 71 
       00 8B 00 19 
       55 60 00 92 
       00 12 00 39 
       19 04 7F 00 
       6E 00 19 04 
       91 00 78 00 
       19 55 86 00 
       90 00 12 00 
       39 19 04 91 
       00 78 00 19 
       04 91 00 9F 
       00 19 55 86 
       00 90 00 12 
       00 00 19 04 
       B5 00 53 00 
       19 04 B2 00 
       66 00 19 55 
       A3 00 5F 00 
       12 00 14 19 
       04 AD 00 29 
       00 19 04 95 
       00 51 00 19 
       55 91 00 43 
       00 12 00 39 
       19 04 7F 00 
       6E 00 19 04 
       86 00 90 00 
       19 55 71 00 
       8B 00 12 00 
       00 19 04 B5 
       00 53 00 19 
       04 C8 00 57 
       00 19 55 B2 
       00 66 00 12 
       00 00 19 04 
       A9 00 3F 00 
       19 04 A3 00 
       5F 00 19 55 
       95 00 51 00 
       12 00 14 19 
       04 BD 00 1F 
       00 19 04 AD 
       00 29 00 19 
       55 91 00 43 
       00 12 00 24 
       19 04 86 00 
       90 00 19 04 
       91 00 9F 00 
       19 55 95 00 
       B1 00 12 00 
       00 19 04 A9 
       00 3F 00 19 
       04 B5 00 53 
       00 19 55 A3 
       00 5F 00 12 
       00 00 19 04 
       5D 00 A0 00 
       19 04 60 00 
       92 00 19 55 
       5E 00 AB 00 
       12 00 14 19 
       04 AD 00 29 
       00 19 04 A9 
       00 3F 00 19 
       55 95 00 51 
       00 12 00 39 
       19 04 71 00 
       8B 00 19 04 
       86 00 90 00 
       19 55 89 00 
       9F 00 12 00 
       24 19 04 60 
       00 92 00 19 
       04 71 00 8B 
       00 19 55 72 
       00 9C 00 12 
       00 24 19 04 
       86 00 90 00 
       19 04 95 00 
       B1 00 19 55 
       89 00 9F 00 
       12 00 24 19 
       04 F8 00 42 
       00 19 04 D0 
       00 24 00 19 
       55 DB 00 37 
       00 12 00 39 
       19 04 71 00 
       8B 00 19 04 
       89 00 9F 00 
       19 55 72 00 
       9C 00 12 00 
       00 19 04 5D 
       00 A0 00 19 
       04 5E 00 AB 
       00 19 55 59 
       00 C4 00 12 
       00 24 19 04 
       60 00 92 00 
       19 04 72 00 
       9C 00 19 55 
       5E 00 AB 00 
       12 00 39 19 
       04 EE 00 2B 
       00 19 04 BD 
       00 1F 00 19 
       55 D0 00 24 
       00 12 00 24 
       19 04 D4 00 
       23 00 19 04 
       AD 00 29 00 
       19 55 BD 00 
       1F 00 12 00 
       00 19 04 BA 
       00 2F 00 19 
       04 A9 00 3F 
       00 19 55 AD 
       00 29 00 12 
       00 24 19 04 
       F8 00 42 00 
       19 04 EE 00 
       2B 00 19 55 
       D0 00 24 00 
       12 00 00 19 
       04 BA 00 2F 
       00 19 04 B2 
       00 46 00 19 
       55 A9 00 3F 
       00 12 00 14 
       19 04 5E 00 
       AB 00 19 04 
       72 00 9C 00 
       19 55 86 00 
       90 00 12 00 
       39 19 04 EE 
       00 2B 00 19 
       04 D4 00 23 
       00 19 55 BD 
       00 1F 00 12 
       00 24 19 04 
       D4 00 23 00 
       19 04 BA 00 
       2F 00 19 55 
       AD 00 29 00 
       12 00 00 19 
       04 7F 00 D8 
       00 19 04 68 
       00 D7 00 19 
       55 93 00 CF 
       00 12 00 14 
       19 04 59 00 
       C4 00 19 04 
       5E 00 AB 00 
       19 55 79 00 
       9D 00 12 00 
       00 19 04 68 
       00 D7 00 19 
       04 59 00 C4 
       00 19 55 7D 
       00 B8 00 12 
       00 10 19 04 
       E0 00 8B 00 
       19 04 F8 00 
       42 00 19 55 
       ED 00 58 00 
       12 00 14 19 
       04 5E 00 AB 
       00 19 04 86 
       00 90 00 19 
       55 79 00 9D 
       00 12 00 00 
       19 04 7F 00 
       D8 00 19 04 
       93 00 CF 00 
       19 55 AB 00 
       D1 00 12 00 
       14 19 04 59 
       00 C4 00 19 
       04 79 00 9D 
       00 19 55 7D 
       00 B8 00 12 
       00 39 19 04 
       E8 00 87 00 
       19 04 EE 00 
       2B 00 19 55 
       F8 00 42 00 
       12 00 10 19 
       04 E0 00 8B 
       00 19 04 E8 
       00 87 00 19 
       55 F8 00 42 
       00 12 00 00 
       19 04 68 00 
       D7 00 19 04 
       7D 00 B8 00 
       19 55 93 00 
       CF 00 12 00 
       00 19 04 B4 
       00 C1 00 19 
       04 E8 00 87 
       00 19 55 E0 
       00 8B 00 12 
       00 39 19 04 
       BC 00 67 00 
       19 04 BA 00 
       2F 00 19 55 
       D4 00 23 00 
       12 00 00 19 
       04 B4 00 C1 
       00 19 04 AB 
       00 D1 00 19 
       55 E8 00 87 
       00 12 00 39 
       19 04 DA 00 
       78 00 19 04 
       D4 00 23 00 
       19 55 EE 00 
       2B 00 12 00 
       39 19 04 BC 
       00 67 00 19 
       04 A6 00 62 
       00 19 55 BA 
       00 2F 00 12 
       00 24 19 04 
       7D 00 B8 00 
       19 04 79 00 
       9D 00 19 55 
       A6 00 62 00 
       12 00 39 19 
       04 E8 00 87 
       00 19 04 DA 
       00 78 00 19 
       55 EE 00 2B 
       00 12 00 39 
       19 04 DA 00 
       78 00 19 04 
       BC 00 67 00 
       19 55 D4 00 
       23 00 12 00 
       24 19 04 AB 
       00 D1 00 19 
       04 DA 00 78 
       00 19 55 E8 
       00 87 00 12 
       00 24 19 04 
       AB 00 D1 00 
       19 04 93 00 
       CF 00 19 55 
       DA 00 78 00 
       12 00 24 19 
       04 7D 00 B8 
       00 19 04 A6 
       00 62 00 19 
       55 BC 00 67 
       00 12 00 39 
       19 04 93 00 
       CF 00 19 04 
       7D 00 B8 00 
       19 55 BC 00 
       67 00 12 00 
       39 19 04 93 
       00 CF 00 19 
       04 BC 00 67 
       00 19 55 DA 
       00 78 00 41 
       05 10 12 00 
       00 19 04 B5 
       00 67 00 19 
       04 BC 00 61 
       00 19 55 A0 
       00 85 00 12 
       00 10 19 04 
       A0 00 81 00 
       19 04 A0 00 
       85 00 19 55 
       8D 00 AC 00 
       12 00 00 19 
       04 B5 00 67 
       00 19 04 A0 
       00 85 00 19 
       55 A0 00 81 
       00 12 00 24 
       19 04 95 00 
       44 00 19 04 
       83 00 6D 00 
       19 55 79 00 
       6A 00 12 00 
       10 19 04 A0 
       00 81 00 19 
       04 8D 00 AC 
       00 19 55 92 
       00 9E 00 12 
       00 24 19 04 
       A6 00 60 00 
       19 04 B5 00 
       67 00 19 55 
       A0 00 81 00 
       12 00 24 19 
       04 A6 00 60 
       00 19 04 A0 
       00 81 00 19 
       55 93 00 78 
       00 12 00 24 
       19 04 95 00 
       44 00 19 04 
       98 00 51 00 
       19 55 83 00 
       6D 00 12 00 
       39 19 04 93 
       00 78 00 19 
       04 A0 00 81 
       00 19 55 92 
       00 9E 00 12 
       00 14 19 04 
       C1 00 1F 00 
       19 04 95 00 
       44 00 19 55 
       9E 00 40 00 
       12 00 39 19 
       04 79 00 6A 
       00 19 04 83 
       00 6D 00 19 
       55 72 00 8A 
       00 12 00 39 
       19 04 98 00 
       51 00 19 04 
       93 00 78 00 
       19 55 83 00 
       6D 00 12 00 
       39 19 04 79 
       00 6A 00 19 
       04 72 00 8A 
       00 19 55 62 
       00 90 00 12 
       00 39 19 04 
       98 00 51 00 
       19 04 A6 00 
       60 00 19 55 
       93 00 78 00 
       12 00 39 19 
       04 83 00 6D 
       00 19 04 93 
       00 78 00 19 
       55 87 00 90 
       00 12 00 39 
       19 04 93 00 
       78 00 19 04 
       92 00 9E 00 
       19 55 87 00 
       90 00 12 00 
       39 19 04 83 
       00 6D 00 19 
       04 87 00 90 
       00 19 55 72 
       00 8A 00 12 
       00 10 19 04 
       B0 00 2A 00 
       19 04 98 00 
       51 00 19 55 
       95 00 44 00 
       12 00 00 19 
       04 B7 00 53 
       00 19 04 B5 
       00 67 00 19 
       55 A6 00 60 
       00 12 00 00 
       19 04 AB 00 
       40 00 19 04 
       A6 00 60 00 
       19 55 98 00 
       51 00 12 00 
       00 19 04 B7 
       00 53 00 19 
       04 CB 00 58 
       00 19 55 B5 
       00 67 00 12 
       00 14 19 04 
       C1 00 1F 00 
       19 04 B0 00 
       2A 00 19 55 
       95 00 44 00 
       12 00 00 19 
       04 60 00 9E 
       00 19 04 62 
       00 90 00 19 
       55 5B 00 A8 
       00 12 00 24 
       19 04 87 00 
       90 00 19 04 
       92 00 9E 00 
       19 55 93 00 
       B1 00 12 00 
       00 19 04 AB 
       00 40 00 19 
       04 B7 00 53 
       00 19 55 A6 
       00 60 00 12 
       00 10 19 04 
       B0 00 2A 00 
       19 04 AB 00 
       40 00 19 55 
       98 00 51 00 
       12 00 24 19 
       04 62 00 90 
       00 19 04 72 
       00 8A 00 19 
       55 70 00 9A 
       00 12 00 39 
       19 04 72 00 
       8A 00 19 04 
       87 00 90 00 
       19 55 87 00 
       9E 00 12 00 
       24 19 04 87 
       00 90 00 19 
       04 93 00 B1 
       00 19 55 87 
       00 9E 00 12 
       00 00 19 04 
       60 00 9E 00 
       19 04 5B 00 
       A8 00 19 55 
       56 00 C1 00 
       12 00 39 19 
       04 72 00 8A 
       00 19 04 87 
       00 9E 00 19 
       55 70 00 9A 
       00 12 00 24 
       19 04 62 00 
       90 00 19 04 
       70 00 9A 00 
       19 55 5B 00 
       A8 00 12 00 
       24 19 04 F7 
       00 43 00 19 
       04 D4 00 25 
       00 19 55 DF 
       00 38 00 12 
       00 39 19 04 
       ED 00 2B 00 
       19 04 C1 00 
       1F 00 19 55 
       D4 00 25 00 
       12 00 00 19 
       04 B9 00 2F 
       00 19 04 AB 
       00 40 00 19 
       55 B0 00 2A 
       00 12 00 24 
       19 04 D2 00 
       23 00 19 04 
       B0 00 2A 00 
       19 55 C1 00 
       1F 00 12 00 
       00 19 04 B9 
       00 2F 00 19 
       04 B1 00 46 
       00 19 55 AB 
       00 40 00 12 
       00 14 19 04 
       5B 00 A8 00 
       19 04 70 00 
       9A 00 19 55 
       81 00 8F 00 
       12 00 24 19 
       04 F7 00 43 
       00 19 04 ED 
       00 2B 00 19 
       55 D4 00 25 
       00 12 00 24 
       19 04 D2 00 
       23 00 19 04 
       B9 00 2F 00 
       19 55 B0 00 
       2A 00 12 00 
       39 19 04 ED 
       00 2B 00 19 
       04 D2 00 23 
       00 19 55 C1 
       00 1F 00 12 
       00 10 19 04 
       56 00 C1 00 
       19 04 5B 00 
       A8 00 19 55 
       72 00 9A 00 
       12 00 00 19 
       04 7C 00 D7 
       00 19 04 64 
       00 D4 00 19 
       55 88 00 CD 
       00 12 00 00 
       19 04 64 00 
       D4 00 19 04 
       56 00 C1 00 
       19 55 74 00 
       B5 00 12 00 
       14 19 04 5B 
       00 A8 00 19 
       04 81 00 8F 
       00 19 55 72 
       00 9A 00 12 
       00 10 19 04 
       DB 00 8D 00 
       19 04 F7 00 
       43 00 19 55 
       EC 00 59 00 
       12 00 00 19 
       04 7C 00 D7 
       00 19 04 88 
       00 CD 00 19 
       55 A1 00 D1 
       00 12 00 10 
       19 04 56 00 
       C1 00 19 04 
       72 00 9A 00 
       19 55 74 00 
       B5 00 12 00 
       00 19 04 64 
       00 D4 00 19 
       04 74 00 B5 
       00 19 55 88 
       00 CD 00 12 
       00 39 19 04 
       E1 00 88 00 
       19 04 ED 00 
       2B 00 19 55 
       F7 00 43 00 
       12 00 10 19 
       04 DB 00 8D 
       00 19 04 E1 
       00 88 00 19 
       55 F7 00 43 
       00 12 00 00 
       19 04 AE 00 
       C1 00 19 04 
       E1 00 88 00 
       19 55 DB 00 
       8D 00 12 00 
       39 19 04 B3 
       00 66 00 19 
       04 B9 00 2F 
       00 19 55 D2 
       00 23 00 12 
       00 00 19 04 
       AE 00 C1 00 
       19 04 A1 00 
       D1 00 19 55 
       E1 00 88 00 
       12 00 39 19 
       04 D0 00 78 
       00 19 04 D2 
       00 23 00 19 
       55 ED 00 2B 
       00 12 00 39 
       19 04 B3 00 
       66 00 19 04 
       9F 00 61 00 
       19 55 B9 00 
       2F 00 12 00 
       24 19 04 74 
       00 B5 00 19 
       04 72 00 9A 
       00 19 55 9F 
       00 61 00 12 
       00 39 19 04 
       E1 00 88 00 
       19 04 D0 00 
       78 00 19 55 
       ED 00 2B 00 
       12 00 24 19 
       04 A1 00 D1 
       00 19 04 88 
       00 CD 00 19 
       55 D0 00 78 
       00 12 00 39 
       19 04 D0 00 
       78 00 19 04 
       B3 00 66 00 
       19 55 D2 00 
       23 00 12 00 
       24 19 04 A1 
       00 D1 00 19 
       04 D0 00 78 
       00 19 55 E1 
       00 88 00 12 
       00 24 19 04 
       74 00 B5 00 
       19 04 9F 00 
       61 00 19 55 
       B3 00 66 00 
       12 00 39 19 
       04 88 00 CD 
       00 19 04 74 
       00 B5 00 19 
       55 B3 00 66 
       00 12 00 39 
       19 04 88 00 
       CD 00 19 04 
       B3 00 66 00 
       19 55 D0 00 
       78 00 41 05 
       10 12 00 00 
       19 04 B9 00 
       68 00 19 04 
       C1 00 63 00 
       19 55 A4 00 
       86 00 12 00 
       10 19 04 A3 
       00 82 00 19 
       04 A4 00 86 
       00 19 55 8F 
       00 AB 00 12 
       00 00 19 04 
       B9 00 68 00 
       19 04 A4 00 
       86 00 19 55 
       A3 00 82 00 
       12 00 24 19 
       04 9A 00 44 
       00 19 04 86 
       00 6D 00 19 
       55 7D 00 69 
       00 12 00 24 
       19 04 7D 00 
       69 00 19 04 
       86 00 6D 00 
       19 55 74 00 
       88 00 12 00 
       10 19 04 A3 
       00 82 00 19 
       04 8F 00 AB 
       00 19 55 93 
       00 9E 00 12 
       00 24 19 04 
       9A 00 44 00 
       19 04 9C 00 
       51 00 19 55 
       86 00 6D 00 
       12 00 24 19 
       04 A9 00 61 
       00 19 04 B9 
       00 68 00 19 
       55 A3 00 82 
       00 12 00 39 
       19 04 96 00 
       78 00 19 04 
       A3 00 82 00 
       19 55 93 00 
       9E 00 12 00 
       24 19 04 A9 
       00 61 00 19 
       04 A3 00 82 
       00 19 55 96 
       00 78 00 12 
       00 24 19 04 
       7D 00 69 00 
       19 04 74 00 
       88 00 19 55 
       64 00 8E 00 
       12 00 39 19 
       04 9C 00 51 
       00 19 04 96 
       00 78 00 19 
       55 86 00 6D 
       00 12 00 00 
       19 04 CD 00 
       5A 00 19 04 
       C1 00 63 00 
       19 55 B9 00 
       68 00 12 00 
       39 19 04 86 
       00 6D 00 19 
       04 96 00 78 
       00 19 55 88 
       00 8F 00 12 
       00 39 19 04 
       9C 00 51 00 
       19 04 A9 00 
       61 00 19 55 
       96 00 78 00 
       12 00 39 19 
       04 96 00 78 
       00 19 04 93 
       00 9E 00 19 
       55 88 00 8F 
       00 12 00 39 
       19 04 86 00 
       6D 00 19 04 
       88 00 8F 00 
       19 55 74 00 
       88 00 12 00 
       10 19 04 B3 
       00 2A 00 19 
       04 9C 00 51 
       00 19 55 9A 
       00 44 00 12 
       00 00 19 04 
       CD 00 5A 00 
       19 04 DE 00 
       4F 00 19 55 
       C1 00 63 00 
       12 00 00 19 
       04 B9 00 54 
       00 19 04 B9 
       00 68 00 19 
       55 A9 00 61 
       00 12 00 00 
       19 04 AD 00 
       40 00 19 04 
       A9 00 61 00 
       19 55 9C 00 
       51 00 12 00 
       00 19 04 62 
       00 9C 00 19 
       04 64 00 8E 
       00 19 55 59 
       00 A5 00 12 
       00 00 19 04 
       B9 00 54 00 
       19 04 CD 00 
       5A 00 19 55 
       B9 00 68 00 
       12 00 39 19 
       04 88 00 8F 
       00 19 04 93 
       00 9E 00 19 
       55 91 00 B0 
       00 12 00 24 
       19 04 64 00 
       8E 00 19 04 
       74 00 88 00 
       19 55 6E 00 
       98 00 12 00 
       39 19 04 74 
       00 88 00 19 
       04 88 00 8F 
       00 19 55 85 
       00 9D 00 12 
       00 10 19 04 
       B3 00 2A 00 
       19 04 AD 00 
       40 00 19 55 
       9C 00 51 00 
       12 00 00 19 
       04 AD 00 40 
       00 19 04 B9 
       00 54 00 19 
       55 A9 00 61 
       00 12 00 00 
       19 04 62 00 
       9C 00 19 04 
       59 00 A5 00 
       19 55 53 00 
       BD 00 12 00 
       39 19 04 88 
       00 8F 00 19 
       04 91 00 B0 
       00 19 55 85 
       00 9D 00 12 
       00 24 19 04 
       64 00 8E 00 
       19 04 6E 00 
       98 00 19 55 
       59 00 A5 00 
       12 00 39 19 
       04 74 00 88 
       00 19 04 85 
       00 9D 00 19 
       55 6E 00 98 
       00 12 00 39 
       19 04 F7 00 
       44 00 19 04 
       D9 00 27 00 
       19 55 E3 00 
       3A 00 12 00 
       39 19 04 EB 
       00 2C 00 19 
       04 C5 00 20 
       00 19 55 D9 
       00 27 00 12 
       00 00 19 04 
       B7 00 2F 00 
       19 04 AD 00 
       40 00 19 55 
       B3 00 2A 00 
       12 00 24 19 
       04 D0 00 23 
       00 19 04 B3 
       00 2A 00 19 
       55 C5 00 20 
       00 12 00 00 
       19 04 B7 00 
       2F 00 19 04 
       B0 00 46 00 
       19 55 AD 00 
       40 00 12 00 
       00 19 04 8C 
       00 C7 00 19 
       04 78 00 D5 
       00 19 55 98 
       00 D0 00 12 
       00 39 19 04 
       F7 00 44 00 
       19 04 EB 00 
       2C 00 19 55 
       D9 00 27 00 
       12 00 10 19 
       04 53 00 BD 
       00 19 04 59 
       00 A5 00 19 
       55 6B 00 98 
       00 12 00 24 
       19 04 D0 00 
       23 00 19 04 
       B7 00 2F 00 
       19 55 B3 00 
       2A 00 12 00 
       00 19 04 78 
       00 D5 00 19 
       04 60 00 D1 
       00 19 55 7E 
       00 CA 00 12 
       00 39 19 04 
       EB 00 2C 00 
       19 04 D0 00 
       23 00 19 55 
       C5 00 20 00 
       12 00 00 19 
       04 60 00 D1 
       00 19 04 53 
       00 BD 00 19 
       55 6A 00 B1 
       00 12 00 00 
       19 04 8C 00 
       C7 00 19 04 
       98 00 D0 00 
       19 55 A7 00 
       C1 00 12 00 
       10 19 04 D5 
       00 8E 00 19 
       04 F7 00 44 
       00 19 55 EC 
       00 5B 00 12 
       00 10 19 04 
       53 00 BD 00 
       19 04 6B 00 
       98 00 19 55 
       6A 00 B1 00 
       12 00 00 19 
       04 78 00 D5 
       00 19 04 7E 
       00 CA 00 19 
       55 98 00 D0 
       00 12 00 00 
       19 04 60 00 
       D1 00 19 04 
       6A 00 B1 00 
       19 55 7E 00 
       CA 00 12 00 
       39 19 04 D8 
       00 89 00 19 
       04 EB 00 2C 
       00 19 55 F7 
       00 44 00 12 
       00 24 19 04 
       A9 00 65 00 
       19 04 B7 00 
       2F 00 19 55 
       D0 00 23 00 
       12 00 10 19 
       04 D5 00 8E 
       00 19 04 D8 
       00 89 00 19 
       55 F7 00 44 
       00 12 00 00 
       19 04 A7 00 
       C1 00 19 04 
       D8 00 89 00 
       19 55 D5 00 
       8E 00 12 00 
       00 19 04 A7 
       00 C1 00 19 
       04 98 00 D0 
       00 19 55 D8 
       00 89 00 12 
       00 24 19 04 
       6A 00 B1 00 
       19 04 6B 00 
       98 00 19 55 
       98 00 60 00 
       12 00 39 19 
       04 C6 00 78 
       00 19 04 D0 
       00 23 00 19 
       55 EB 00 2C 
       00 12 00 24 
       19 04 A9 00 
       65 00 19 04 
       98 00 60 00 
       19 55 B7 00 
       2F 00 12 00 
       39 19 04 D8 
       00 89 00 19 
       04 C6 00 78 
       00 19 55 EB 
       00 2C 00 12 
       00 24 19 04 
       6A 00 B1 00 
       19 04 98 00 
       60 00 19 55 
       A9 00 65 00 
       12 00 24 19 
       04 98 00 D0 
       00 19 04 7E 
       00 CA 00 19 
       55 C6 00 78 
       00 12 00 39 
       19 04 C6 00 
       78 00 19 04 
       A9 00 65 00 
       19 55 D0 00 
       23 00 12 00 
       39 19 04 7E 
       00 CA 00 19 
       04 6A 00 B1 
       00 19 55 A9 
       00 65 00 12 
       00 24 19 04 
       98 00 D0 00 
       19 04 C6 00 
       78 00 19 55 
       D8 00 89 00 
       12 00 39 19 
       04 7E 00 CA 
       00 19 04 A9 
       00 65 00 19 
       55 C6 00 78 
       00 41 05 10 
       12 00 14 19 
       04 A5 00 83 
       00 19 04 A8 
       00 86 00 19 
       55 90 00 AB 
       00 12 00 00 
       19 04 BC 00 
       69 00 19 04 
       C6 00 64 00 
       19 55 A8 00 
       86 00 12 00 
       00 19 04 BC 
       00 69 00 19 
       04 A8 00 86 
       00 19 55 A5 
       00 83 00 12 
       00 24 19 04 
       9F 00 44 00 
       19 04 89 00 
       6C 00 19 55 
       82 00 68 00 
       12 00 24 19 
       04 82 00 68 
       00 19 04 89 
       00 6C 00 19 
       55 76 00 87 
       00 12 00 14 
       19 04 A5 00 
       83 00 19 04 
       90 00 AB 00 
       19 55 94 00 
       9E 00 12 00 
       24 19 04 82 
       00 68 00 19 
       04 76 00 87 
       00 19 55 67 
       00 8C 00 12 
       00 24 19 04 
       9F 00 44 00 
       19 04 A0 00 
       51 00 19 55 
       89 00 6C 00 
       12 00 39 19 
       04 99 00 78 
       00 19 04 A5 
       00 83 00 19 
       55 94 00 9E 
       00 12 00 24 
       19 04 AC 00 
       61 00 19 04 
       BC 00 69 00 
       19 55 A5 00 
       83 00 12 00 
       24 19 04 AC 
       00 61 00 19 
       04 A5 00 83 
       00 19 55 99 
       00 78 00 12 
       00 39 19 04 
       A0 00 51 00 
       19 04 99 00 
       78 00 19 55 
       89 00 6C 00 
       12 00 39 19 
       04 89 00 6C 
       00 19 04 99 
       00 78 00 19 
       55 89 00 8E 
       00 12 00 39 
       19 04 A0 00 
       51 00 19 04 
       AC 00 61 00 
       19 55 99 00 
       78 00 12 00 
       00 19 04 CF 
       00 5B 00 19 
       04 C6 00 64 
       00 19 55 BC 
       00 69 00 12 
       00 39 19 04 
       99 00 78 00 
       19 04 94 00 
       9E 00 19 55 
       89 00 8E 00 
       12 00 39 19 
       04 89 00 6C 
       00 19 04 89 
       00 8E 00 19 
       55 76 00 87 
       00 12 00 10 
       19 04 B6 00 
       2B 00 19 04 
       A0 00 51 00 
       19 55 9F 00 
       44 00 12 00 
       00 19 04 65 
       00 99 00 19 
       04 67 00 8C 
       00 19 55 58 
       00 A1 00 12 
       00 00 19 04 
       BB 00 55 00 
       19 04 BC 00 
       69 00 19 55 
       AC 00 61 00 
       12 00 00 19 
       04 CF 00 5B 
       00 19 04 E2 
       00 51 00 19 
       55 C6 00 64 
       00 12 00 00 
       19 04 B0 00 
       41 00 19 04 
       AC 00 61 00 
       19 55 A0 00 
       51 00 12 00 
       24 19 04 67 
       00 8C 00 19 
       04 76 00 87 
       00 19 55 6D 
       00 95 00 12 
       00 39 19 04 
       89 00 8E 00 
       19 04 94 00 
       9E 00 19 55 
       8F 00 AF 00 
       12 00 00 19 
       04 BB 00 55 
       00 19 04 CF 
       00 5B 00 19 
       55 BC 00 69 
       00 12 00 39 
       19 04 76 00 
       87 00 19 04 
       89 00 8E 00 
       19 55 84 00 
       9B 00 12 00 
       10 19 04 B6 
       00 2B 00 19 
       04 B0 00 41 
       00 19 55 A0 
       00 51 00 12 
       00 00 19 04 
       B0 00 41 00 
       19 04 BB 00 
       55 00 19 55 
       AC 00 61 00 
       12 00 00 19 
       04 65 00 99 
       00 19 04 58 
       00 A1 00 19 
       55 51 00 B9 
       00 12 00 24 
       19 04 67 00 
       8C 00 19 04 
       6D 00 95 00 
       19 55 58 00 
       A1 00 12 00 
       39 19 04 89 
       00 8E 00 19 
       04 8F 00 AF 
       00 19 55 84 
       00 9B 00 12 
       00 39 19 04 
       76 00 87 00 
       19 04 84 00 
       9B 00 19 55 
       6D 00 95 00 
       12 00 39 19 
       04 F6 00 46 
       00 19 04 DD 
       00 28 00 19 
       55 E7 00 3C 
       00 12 00 00 
       19 04 B6 00 
       2F 00 19 04 
       B0 00 41 00 
       19 55 B6 00 
       2B 00 12 00 
       39 19 04 EA 
       00 2D 00 19 
       04 C9 00 21 
       00 19 55 DD 
       00 28 00 12 
       00 24 19 04 
       CE 00 23 00 
       19 04 B6 00 
       2B 00 19 55 
       C9 00 21 00 
       12 00 00 19 
       04 89 00 C6 
       00 19 04 74 
       00 D2 00 19 
       55 8E 00 CF 
       00 12 00 00 
       19 04 B6 00 
       2F 00 19 04 
       AF 00 47 00 
       19 55 B0 00 
       41 00 12 00 
       10 19 04 51 
       00 B9 00 19 
       04 58 00 A1 
       00 19 55 65 
       00 95 00 12 
       00 00 19 04 
       74 00 D2 00 
       19 04 5D 00 
       CD 00 19 55 
       73 00 C7 00 
       12 00 00 19 
       04 5D 00 CD 
       00 19 04 51 
       00 B9 00 19 
       55 61 00 AE 
       00 12 00 24 
       19 04 CE 00 
       23 00 19 04 
       B6 00 2F 00 
       19 55 B6 00 
       2B 00 12 00 
       39 19 04 F6 
       00 46 00 19 
       04 EA 00 2D 
       00 19 55 DD 
       00 28 00 12 
       00 39 19 04 
       EA 00 2D 00 
       19 04 CE 00 
       23 00 19 55 
       C9 00 21 00 
       12 00 00 19 
       04 89 00 C6 
       00 19 04 8E 
       00 CF 00 19 
       55 A0 00 C1 
       00 12 00 10 
       19 04 51 00 
       B9 00 19 04 
       65 00 95 00 
       19 55 61 00 
       AE 00 12 00 
       00 19 04 74 
       00 D2 00 19 
       04 73 00 C7 
       00 19 55 8E 
       00 CF 00 12 
       00 14 19 04 
       CF 00 90 00 
       19 04 F6 00 
       46 00 19 55 
       EB 00 5D 00 
       12 00 00 19 
       04 5D 00 CD 
       00 19 04 61 
       00 AE 00 19 
       55 73 00 C7 
       00 12 00 24 
       19 04 A0 00 
       64 00 19 04 
       B6 00 2F 00 
       19 55 CE 00 
       23 00 12 00 
       39 19 04 CF 
       00 8A 00 19 
       04 EA 00 2D 
       00 19 55 F6 
       00 46 00 12 
       00 00 19 04 
       A0 00 C1 00 
       19 04 CF 00 
       8A 00 19 55 
       CF 00 90 00 
       12 00 00 19 
       04 A0 00 C1 
       00 19 04 8E 
       00 CF 00 19 
       55 CF 00 8A 
       00 12 00 24 
       19 04 61 00 
       AE 00 19 04 
       65 00 95 00 
       19 55 92 00 
       5E 00 12 00 
       14 19 04 CF 
       00 90 00 19 
       04 CF 00 8A 
       00 19 55 F6 
       00 46 00 12 
       00 24 19 04 
       A0 00 64 00 
       19 04 92 00 
       5E 00 19 55 
       B6 00 2F 00 
       12 00 39 19 
       04 BB 00 78 
       00 19 04 CE 
       00 23 00 19 
       55 EA 00 2D 
       00 12 00 24 
       19 04 61 00 
       AE 00 19 04 
       92 00 5E 00 
       19 55 A0 00 
       64 00 12 00 
       24 19 04 8E 
       00 CF 00 19 
       04 73 00 C7 
       00 19 55 BB 
       00 78 00 12 
       00 39 19 04 
       73 00 C7 00 
       19 04 61 00 
       AE 00 19 55 
       A0 00 64 00 
       12 00 39 19 
       04 CF 00 8A 
       00 19 04 BB 
       00 78 00 19 
       55 EA 00 2D 
       00 12 00 39 
       19 04 BB 00 
       78 00 19 04 
       A0 00 64 00 
       19 55 CE 00 
       23 00 12 00 
       24 19 04 8E 
       00 CF 00 19 
       04 BB 00 78 
       00 19 55 CF 
       00 8A 00 12 
       00 39 19 04 
       73 00 C7 00 
       19 04 A0 00 
       64 00 19 55 
       BB 00 78 00 
       41 05 10 12 
       00 14 19 04 
       A8 00 83 00 
       19 04 AB 00 
       87 00 19 55 
       91 00 AB 00 
       12 00 24 19 
       04 A5 00 45 
       00 19 04 8D 
       00 6C 00 19 
       55 87 00 68 
       00 12 00 00 
       19 04 C0 00 
       6A 00 19 04 
       CB 00 66 00 
       19 55 AB 00 
       87 00 12 00 
       00 19 04 C0 
       00 6A 00 19 
       04 AB 00 87 
       00 19 55 A8 
       00 83 00 12 
       00 24 19 04 
       87 00 68 00 
       19 04 8D 00 
       6C 00 19 55 
       77 00 85 00 
       12 00 24 19 
       04 87 00 68 
       00 19 04 77 
       00 85 00 19 
       55 69 00 89 
       00 12 00 24 
       19 04 A5 00 
       45 00 19 04 
       A4 00 52 00 
       19 55 8D 00 
       6C 00 12 00 
       14 19 04 A8 
       00 83 00 19 
       04 91 00 AB 
       00 19 55 94 
       00 9E 00 12 
       00 39 19 04 
       9B 00 78 00 
       19 04 A8 00 
       83 00 19 55 
       94 00 9E 00 
       12 00 24 19 
       04 A4 00 52 
       00 19 04 9B 
       00 78 00 19 
       55 8D 00 6C 
       00 12 00 24 
       19 04 AF 00 
       62 00 19 04 
       A8 00 83 00 
       19 55 9B 00 
       78 00 12 00 
       24 19 04 AF 
       00 62 00 19 
       04 C0 00 6A 
       00 19 55 A8 
       00 83 00 12 
       00 39 19 04 
       8D 00 6C 00 
       19 04 9B 00 
       78 00 19 55 
       8A 00 8E 00 
       12 00 24 19 
       04 A4 00 52 
       00 19 04 AF 
       00 62 00 19 
       55 9B 00 78 
       00 12 00 39 
       19 04 8D 00 
       6C 00 19 04 
       8A 00 8E 00 
       19 55 77 00 
       85 00 12 00 
       39 19 04 9B 
       00 78 00 19 
       04 94 00 9E 
       00 19 55 8A 
       00 8E 00 12 
       00 00 19 04 
       D1 00 5D 00 
       19 04 CB 00 
       66 00 19 55 
       C0 00 6A 00 
       12 00 00 19 
       04 B9 00 2C 
       00 19 04 A4 
       00 52 00 19 
       55 A5 00 45 
       00 12 00 10 
       19 04 94 00 
       9E 00 19 04 
       91 00 AB 00 
       19 55 85 00 
       C5 00 12 00 
       00 19 04 BC 
       00 56 00 19 
       04 C0 00 6A 
       00 19 55 AF 
       00 62 00 12 
       00 24 19 04 
       69 00 89 00 
       19 04 77 00 
       85 00 19 55 
       6C 00 93 00 
       12 00 00 19 
       04 B2 00 41 
       00 19 04 AF 
       00 62 00 19 
       55 A4 00 52 
       00 12 00 00 
       19 04 D1 00 
       5D 00 19 04 
       E5 00 53 00 
       19 55 CB 00 
       66 00 12 00 
       39 19 04 8A 
       00 8E 00 19 
       04 94 00 9E 
       00 19 55 8D 
       00 AF 00 12 
       00 39 19 04 
       77 00 85 00 
       19 04 8A 00 
       8E 00 19 55 
       82 00 9A 00 
       12 00 00 19 
       04 BC 00 56 
       00 19 04 D1 
       00 5D 00 19 
       55 C0 00 6A 
       00 12 00 00 
       19 04 B9 00 
       2C 00 19 04 
       B2 00 41 00 
       19 55 A4 00 
       52 00 12 00 
       00 19 04 B2 
       00 41 00 19 
       04 BC 00 56 
       00 19 55 AF 
       00 62 00 12 
       00 24 19 04 
       69 00 89 00 
       19 04 6C 00 
       93 00 19 55 
       56 00 9E 00 
       12 00 10 19 
       04 94 00 9E 
       00 19 04 85 
       00 C5 00 19 
       55 8D 00 AF 
       00 12 00 39 
       19 04 77 00 
       85 00 19 04 
       82 00 9A 00 
       19 55 6C 00 
       93 00 12 00 
       39 19 04 8A 
       00 8E 00 19 
       04 8D 00 AF 
       00 19 55 82 
       00 9A 00 12 
       00 10 19 04 
       EA 00 5F 00 
       19 04 EC 00 
       3E 00 19 55 
       E5 00 53 00 
       12 00 39 19 
       04 F4 00 48 
       00 19 04 E2 
       00 2A 00 19 
       55 EC 00 3E 
       00 12 00 39 
       19 04 E8 00 
       2E 00 19 04 
       CD 00 22 00 
       19 55 E2 00 
       2A 00 12 00 
       24 19 04 CC 
       00 24 00 19 
       04 B9 00 2C 
       00 19 55 CD 
       00 22 00 12 
       00 00 19 04 
       4F 00 B4 00 
       19 04 56 00 
       9E 00 19 55 
       60 00 91 00 
       12 00 00 19 
       04 85 00 C5 
       00 19 04 71 
       00 D0 00 19 
       55 84 00 CD 
       00 12 00 00 
       19 04 5A 00 
       C9 00 19 04 
       4F 00 B4 00 
       19 55 59 00 
       AA 00 12 00 
       00 19 04 71 
       00 D0 00 19 
       04 5A 00 C9 
       00 19 55 69 
       00 C4 00 12 
       00 10 19 04 
       EA 00 5F 00 
       19 04 F4 00 
       48 00 19 55 
       EC 00 3E 00 
       12 00 24 19 
       04 CC 00 24 
       00 19 04 B4 
       00 2F 00 19 
       55 B9 00 2C 
       00 12 00 39 
       19 04 F4 00 
       48 00 19 04 
       E8 00 2E 00 
       19 55 E2 00 
       2A 00 12 00 
       00 19 04 85 
       00 C5 00 19 
       04 84 00 CD 
       00 19 55 98 
       00 C0 00 12 
       00 39 19 04 
       E8 00 2E 00 
       19 04 CC 00 
       24 00 19 55 
       CD 00 22 00 
       12 00 00 19 
       04 4F 00 B4 
       00 19 04 60 
       00 91 00 19 
       55 59 00 AA 
       00 12 00 00 
       19 04 71 00 
       D0 00 19 04 
       69 00 C4 00 
       19 55 84 00 
       CD 00 12 00 
       00 19 04 5A 
       00 C9 00 19 
       04 59 00 AA 
       00 19 55 69 
       00 C4 00 12 
       00 14 19 04 
       C8 00 91 00 
       19 04 F4 00 
       48 00 19 55 
       EA 00 5F 00 
       12 00 24 19 
       04 59 00 AA 
       00 19 04 60 
       00 91 00 19 
       55 8C 00 5D 
       00 12 00 24 
       19 04 97 00 
       63 00 19 04 
       B4 00 2F 00 
       19 55 CC 00 
       24 00 12 00 
       00 19 04 98 
       00 C0 00 19 
       04 84 00 CD 
       00 19 55 C5 
       00 8C 00 12 
       00 00 19 04 
       98 00 C0 00 
       19 04 C5 00 
       8C 00 19 55 
       C8 00 91 00 
       12 00 39 19 
       04 C5 00 8C 
       00 19 04 E8 
       00 2E 00 19 
       55 F4 00 48 
       00 12 00 24 
       19 04 97 00 
       63 00 19 04 
       8C 00 5D 00 
       19 55 B4 00 
       2F 00 12 00 
       14 19 04 C8 
       00 91 00 19 
       04 C5 00 8C 
       00 19 55 F4 
       00 48 00 12 
       00 39 19 04 
       B0 00 78 00 
       19 04 CC 00 
       24 00 19 55 
       E8 00 2E 00 
       12 00 24 19 
       04 59 00 AA 
       00 19 04 8C 
       00 5D 00 19 
       55 97 00 63 
       00 12 00 24 
       19 04 69 00 
       C4 00 19 04 
       59 00 AA 00 
       19 55 97 00 
       63 00 12 00 
       24 19 04 84 
       00 CD 00 19 
       04 69 00 C4 
       00 19 55 B0 
       00 78 00 12 
       00 39 19 04 
       B0 00 78 00 
       19 04 97 00 
       63 00 19 55 
       CC 00 24 00 
       12 00 39 19 
       04 C5 00 8C 
       00 19 04 B0 
       00 78 00 19 
       55 E8 00 2E 
       00 12 00 24 
       19 04 84 00 
       CD 00 19 04 
       B0 00 78 00 
       19 55 C5 00 
       8C 00 12 00 
       24 19 04 69 
       00 C4 00 19 
       04 97 00 63 
       00 19 55 B0 
       00 78 00 41 
       05 10 12 00 
       14 19 04 AB 
       00 84 00 19 
       04 AF 00 88 
       00 19 55 92 
       00 AA 00 12 
       00 24 19 04 
       AA 00 45 00 
       19 04 91 00 
       6B 00 19 55 
       8C 00 67 00 
       12 00 10 19 
       04 C3 00 6C 
       00 19 04 CF 
       00 68 00 19 
       55 AF 00 88 
       00 12 00 10 
       19 04 C3 00 
       6C 00 19 04 
       AF 00 88 00 
       19 55 AB 00 
       84 00 12 00 
       24 19 04 8C 
       00 67 00 19 
       04 91 00 6B 
       00 19 55 79 
       00 83 00 12 
       00 24 19 04 
       8C 00 67 00 
       19 04 79 00 
       83 00 19 55 
       6C 00 87 00 
       12 00 24 19 
       04 AA 00 45 
       00 19 04 A8 
       00 52 00 19 
       55 91 00 6B 
       00 12 00 14 
       19 04 AB 00 
       84 00 19 04 
       92 00 AA 00 
       19 55 95 00 
       9D 00 12 00 
       39 19 04 9E 
       00 78 00 19 
       04 AB 00 84 
       00 19 55 95 
       00 9D 00 12 
       00 24 19 04 
       A8 00 52 00 
       19 04 9E 00 
       78 00 19 55 
       91 00 6B 00 
       12 00 24 19 
       04 B2 00 62 
       00 19 04 AB 
       00 84 00 19 
       55 9E 00 78 
       00 12 00 39 
       19 04 91 00 
       6B 00 19 04 
       9E 00 78 00 
       19 55 8B 00 
       8D 00 12 00 
       24 19 04 B2 
       00 62 00 19 
       04 C3 00 6C 
       00 19 55 AB 
       00 84 00 12 
       00 39 19 04 
       91 00 6B 00 
       19 04 8B 00 
       8D 00 19 55 
       79 00 83 00 
       12 00 24 19 
       04 A8 00 52 
       00 19 04 B2 
       00 62 00 19 
       55 9E 00 78 
       00 12 00 39 
       19 04 9E 00 
       78 00 19 04 
       95 00 9D 00 
       19 55 8B 00 
       8D 00 12 00 
       00 19 04 D3 
       00 5F 00 19 
       04 CF 00 68 
       00 19 55 C3 
       00 6C 00 12 
       00 00 19 04 
       BD 00 2C 00 
       19 04 A8 00 
       52 00 19 55 
       AA 00 45 00 
       12 00 10 19 
       04 95 00 9D 
       00 19 04 92 
       00 AA 00 19 
       55 82 00 C3 
       00 12 00 24 
       19 04 6C 00 
       87 00 19 04 
       79 00 83 00 
       19 55 6B 00 
       91 00 12 00 
       00 19 04 BE 
       00 57 00 19 
       04 C3 00 6C 
       00 19 55 B2 
       00 62 00 12 
       00 00 19 04 
       B5 00 42 00 
       19 04 B2 00 
       62 00 19 55 
       A8 00 52 00 
       12 00 39 19 
       04 8B 00 8D 
       00 19 04 95 
       00 9D 00 19 
       55 8A 00 AD 
       00 12 00 39 
       19 04 79 00 
       83 00 19 04 
       8B 00 8D 00 
       19 55 81 00 
       99 00 12 00 
       00 19 04 D3 
       00 5F 00 19 
       04 E8 00 55 
       00 19 55 CF 
       00 68 00 12 
       00 24 19 04 
       6C 00 87 00 
       19 04 6B 00 
       91 00 19 55 
       56 00 9A 00 
       12 00 00 19 
       04 BE 00 57 
       00 19 04 D3 
       00 5F 00 19 
       55 C3 00 6C 
       00 12 00 00 
       19 04 BD 00 
       2C 00 19 04 
       B5 00 42 00 
       19 55 A8 00 
       52 00 12 00 
       10 19 04 95 
       00 9D 00 19 
       04 82 00 C3 
       00 19 55 8A 
       00 AD 00 12 
       00 00 19 04 
       B5 00 42 00 
       19 04 BE 00 
       57 00 19 55 
       B2 00 62 00 
       12 00 39 19 
       04 79 00 83 
       00 19 04 81 
       00 99 00 19 
       55 6B 00 91 
       00 12 00 39 
       19 04 8B 00 
       8D 00 19 04 
       8A 00 AD 00 
       19 55 81 00 
       99 00 12 00 
       10 19 04 E8 
       00 61 00 19 
       04 F0 00 40 
       00 19 55 E8 
       00 55 00 12 
       00 00 19 04 
       4E 00 B0 00 
       19 04 56 00 
       9A 00 19 55 
       5B 00 8E 00 
       12 00 39 19 
       04 F2 00 4A 
       00 19 04 E6 
       00 2B 00 19 
       55 F0 00 40 
       00 12 00 24 
       19 04 CA 00 
       25 00 19 04 
       BD 00 2C 00 
       19 55 D1 00 
       23 00 12 00 
       39 19 04 E6 
       00 30 00 19 
       04 D1 00 23 
       00 19 55 E6 
       00 2B 00 12 
       00 00 19 04 
       82 00 C3 00 
       19 04 6D 00 
       CD 00 19 55 
       7B 00 CB 00 
       12 00 00 19 
       04 57 00 C5 
       00 19 04 4E 
       00 B0 00 19 
       55 52 00 A6 
       00 12 00 00 
       19 04 6D 00 
       CD 00 19 04 
       57 00 C5 00 
       19 55 5F 00 
       C0 00 12 00 
       10 19 04 E8 
       00 61 00 19 
       04 F2 00 4A 
       00 19 55 F0 
       00 40 00 12 
       00 24 19 04 
       CA 00 25 00 
       19 04 B3 00 
       30 00 19 55 
       BD 00 2C 00 
       12 00 00 19 
       04 82 00 C3 
       00 19 04 7B 
       00 CB 00 19 
       55 90 00 C0 
       00 12 00 00 
       19 04 4E 00 
       B0 00 19 04 
       5B 00 8E 00 
       19 55 52 00 
       A6 00 12 00 
       39 19 04 F2 
       00 4A 00 19 
       04 E6 00 30 
       00 19 55 E6 
       00 2B 00 12 
       00 39 19 04 
       E6 00 30 00 
       19 04 CA 00 
       25 00 19 55 
       D1 00 23 00 
       12 00 00 19 
       04 6D 00 CD 
       00 19 04 5F 
       00 C0 00 19 
       55 7B 00 CB 
       00 12 00 00 
       19 04 57 00 
       C5 00 19 04 
       52 00 A6 00 
       19 55 5F 00 
       C0 00 12 00 
       14 19 04 C0 
       00 93 00 19 
       04 F2 00 4A 
       00 19 55 E8 
       00 61 00 12 
       00 24 19 04 
       52 00 A6 00 
       19 04 5B 00 
       8E 00 19 55 
       86 00 5C 00 
       12 00 24 19 
       04 8E 00 62 
       00 19 04 B3 
       00 30 00 19 
       55 CA 00 25 
       00 12 00 10 
       19 04 90 00 
       C0 00 19 04 
       7B 00 CB 00 
       19 55 BB 00 
       8D 00 12 00 
       10 19 04 90 
       00 C0 00 19 
       04 BB 00 8D 
       00 19 55 C0 
       00 93 00 12 
       00 24 19 04 
       8E 00 62 00 
       19 04 86 00 
       5C 00 19 55 
       B3 00 30 00 
       12 00 39 19 
       04 BB 00 8D 
       00 19 04 E6 
       00 30 00 19 
       55 F2 00 4A 
       00 12 00 14 
       19 04 C0 00 
       93 00 19 04 
       BB 00 8D 00 
       19 55 F2 00 
       4A 00 12 00 
       24 19 04 52 
       00 A6 00 19 
       04 86 00 5C 
       00 19 55 8E 
       00 62 00 12 
       00 24 19 04 
       5F 00 C0 00 
       19 04 52 00 
       A6 00 19 55 
       8E 00 62 00 
       12 00 39 19 
       04 A5 00 78 
       00 19 04 CA 
       00 25 00 19 
       55 E6 00 30 
       00 12 00 24 
       19 04 7B 00 
       CB 00 19 04 
       5F 00 C0 00 
       19 55 A5 00 
       78 00 12 00 
       39 19 04 A5 
       00 78 00 19 
       04 8E 00 62 
       00 19 55 CA 
       00 25 00 12 
       00 24 19 04 
       7B 00 CB 00 
       19 04 A5 00 
       78 00 19 55 
       BB 00 8D 00 
       12 00 39 19 
       04 BB 00 8D 
       00 19 04 A5 
       00 78 00 19 
       55 E6 00 30 
       00 12 00 24 
       19 04 5F 00 
       C0 00 19 04 
       8E 00 62 00 
       19 55 A5 00 
       78 00 41 05 
       10 12 00 14 
       19 04 AF 00 
       46 00 19 04 
       94 00 6B 00 
       19 55 91 00 
       66 00 12 00 
       14 19 04 AE 
       00 84 00 19 
       04 B2 00 89 
       00 19 55 93 
       00 A9 00 12 
       00 24 19 04 
       91 00 66 00 
       19 04 7C 00 
       82 00 19 55 
       6F 00 85 00 
       12 00 24 19 
       04 91 00 66 
       00 19 04 94 
       00 6B 00 19 
       55 7C 00 82 
       00 12 00 10 
       19 04 C6 00 
       6D 00 19 04 
       B2 00 89 00 
       19 55 AE 00 
       84 00 12 00 
       10 19 04 C6 
       00 6D 00 19 
       04 D3 00 6A 
       00 19 55 B2 
       00 89 00 12 
       00 14 19 04 
       AE 00 84 00 
       19 04 93 00 
       A9 00 19 55 
       96 00 9D 00 
       12 00 14 19 
       04 AF 00 46 
       00 19 04 AB 
       00 52 00 19 
       55 94 00 6B 
       00 12 00 24 
       19 04 AB 00 
       52 00 19 04 
       A1 00 78 00 
       19 55 94 00 
       6B 00 12 00 
       39 19 04 A1 
       00 78 00 19 
       04 AE 00 84 
       00 19 55 96 
       00 9D 00 12 
       00 39 19 04 
       94 00 6B 00 
       19 04 A1 00 
       78 00 19 55 
       8C 00 8C 00 
       12 00 24 19 
       04 B5 00 63 
       00 19 04 AE 
       00 84 00 19 
       55 A1 00 78 
       00 12 00 39 
       19 04 94 00 
       6B 00 19 04 
       8C 00 8C 00 
       19 55 7C 00 
       82 00 12 00 
       24 19 04 B5 
       00 63 00 19 
       04 C6 00 6D 
       00 19 55 AE 
       00 84 00 12 
       00 39 19 04 
       A1 00 78 00 
       19 04 96 00 
       9D 00 19 55 
       8C 00 8C 00 
       12 00 24 19 
       04 AB 00 52 
       00 19 04 B5 
       00 63 00 19 
       55 A1 00 78 
       00 12 00 24 
       19 04 6F 00 
       85 00 19 04 
       7C 00 82 00 
       19 55 6B 00 
       8E 00 12 00 
       14 19 04 96 
       00 9D 00 19 
       04 93 00 A9 
       00 19 55 7F 
       00 C1 00 12 
       00 00 19 04 
       C0 00 2D 00 
       19 04 AB 00 
       52 00 19 55 
       AF 00 46 00 
       12 00 00 19 
       04 D5 00 61 
       00 19 04 D3 
       00 6A 00 19 
       55 C6 00 6D 
       00 12 00 39 
       19 04 7C 00 
       82 00 19 04 
       8C 00 8C 00 
       19 55 80 00 
       97 00 12 00 
       39 19 04 8C 
       00 8C 00 19 
       04 96 00 9D 
       00 19 55 88 
       00 AC 00 12 
       00 00 19 04 
       B7 00 42 00 
       19 04 B5 00 
       63 00 19 55 
       AB 00 52 00 
       12 00 00 19 
       04 C0 00 58 
       00 19 04 C6 
       00 6D 00 19 
       55 B5 00 63 
       00 12 00 24 
       19 04 6F 00 
       85 00 19 04 
       6B 00 8E 00 
       19 55 56 00 
       97 00 12 00 
       00 19 04 D5 
       00 61 00 19 
       04 EB 00 58 
       00 19 55 D3 
       00 6A 00 12 
       00 39 19 04 
       7C 00 82 00 
       19 04 80 00 
       97 00 19 55 
       6B 00 8E 00 
       12 00 14 19 
       04 96 00 9D 
       00 19 04 7F 
       00 C1 00 19 
       55 88 00 AC 
       00 12 00 00 
       19 04 C0 00 
       2D 00 19 04 
       B7 00 42 00 
       19 55 AB 00 
       52 00 12 00 
       39 19 04 8C 
       00 8C 00 19 
       04 88 00 AC 
       00 19 55 80 
       00 97 00 12 
       00 00 19 04 
       C0 00 58 00 
       19 04 D5 00 
       61 00 19 55 
       C6 00 6D 00 
       12 00 00 19 
       04 B7 00 42 
       00 19 04 C0 
       00 58 00 19 
       55 B5 00 63 
       00 12 00 00 
       19 04 4D 00 
       AC 00 19 04 
       56 00 97 00 
       19 55 56 00 
       8B 00 12 00 
       00 19 04 55 
       00 C1 00 19 
       04 4D 00 AC 
       00 19 55 4B 
       00 A1 00 12 
       00 14 19 04 
       E5 00 64 00 
       19 04 F4 00 
       42 00 19 55 
       EB 00 58 00 
       12 00 00 19 
       04 7F 00 C1 
       00 19 04 6A 
       00 CA 00 19 
       55 71 00 C8 
       00 12 00 00 
       19 04 6A 00 
       CA 00 19 04 
       55 00 C1 00 
       19 55 57 00 
       BC 00 12 00 
       24 19 04 C8 
       00 26 00 19 
       04 C0 00 2D 
       00 19 55 D5 
       00 24 00 12 
       00 39 19 04 
       EF 00 4D 00 
       19 04 EB 00 
       2D 00 19 55 
       F4 00 42 00 
       12 00 39 19 
       04 E3 00 32 
       00 19 04 D5 
       00 24 00 19 
       55 EB 00 2D 
       00 12 00 00 
       19 04 4D 00 
       AC 00 19 04 
       56 00 8B 00 
       19 55 4B 00 
       A1 00 12 00 
       00 19 04 7F 
       00 C1 00 19 
       04 71 00 C8 
       00 19 55 89 
       00 BF 00 12 
       00 24 19 04 
       C8 00 26 00 
       19 04 B2 00 
       30 00 19 55 
       C0 00 2D 00 
       12 00 14 19 
       04 E5 00 64 
       00 19 04 EF 
       00 4D 00 19 
       55 F4 00 42 
       00 12 00 00 
       19 04 55 00 
       C1 00 19 04 
       4B 00 A1 00 
       19 55 57 00 
       BC 00 12 00 
       00 19 04 6A 
       00 CA 00 19 
       04 57 00 BC 
       00 19 55 71 
       00 C8 00 12 
       00 39 19 04 
       E3 00 32 00 
       19 04 C8 00 
       26 00 19 55 
       D5 00 24 00 
       12 00 39 19 
       04 EF 00 4D 
       00 19 04 E3 
       00 32 00 19 
       55 EB 00 2D 
       00 12 00 14 
       19 04 4B 00 
       A1 00 19 04 
       56 00 8B 00 
       19 55 80 00 
       5B 00 12 00 
       14 19 04 B8 
       00 94 00 19 
       04 EF 00 4D 
       00 19 55 E5 
       00 64 00 12 
       00 10 19 04 
       89 00 BF 00 
       19 04 71 00 
       C8 00 19 55 
       B1 00 8E 00 
       12 00 24 19 
       04 85 00 61 
       00 19 04 B2 
       00 30 00 19 
       55 C8 00 26 
       00 12 00 24 
       19 04 85 00 
       61 00 19 04 
       80 00 5B 00 
       19 55 B2 00 
       30 00 12 00 
       10 19 04 89 
       00 BF 00 19 
       04 B1 00 8E 
       00 19 55 B8 
       00 94 00 12 
       00 24 19 04 
       57 00 BC 00 
       19 04 4B 00 
       A1 00 19 55 
       85 00 61 00 
       12 00 14 19 
       04 4B 00 A1 
       00 19 04 80 
       00 5B 00 19 
       55 85 00 61 
       00 12 00 14 
       19 04 B8 00 
       94 00 19 04 
       B1 00 8E 00 
       19 55 EF 00 
       4D 00 12 00 
       39 19 04 B1 
       00 8E 00 19 
       04 E3 00 32 
       00 19 55 EF 
       00 4D 00 12 
       00 24 19 04 
       71 00 C8 00 
       19 04 57 00 
       BC 00 19 55 
       9A 00 78 00 
       12 00 39 19 
       04 9A 00 78 
       00 19 04 C8 
       00 26 00 19 
       55 E3 00 32 
       00 12 00 24 
       19 04 71 00 
       C8 00 19 04 
       9A 00 78 00 
       19 55 B1 00 
       8E 00 12 00 
       39 19 04 9A 
       00 78 00 19 
       04 85 00 61 
       00 19 55 C8 
       00 26 00 12 
       00 24 19 04 
       57 00 BC 00 
       19 04 85 00 
       61 00 19 55 
       9A 00 78 00 
       12 00 39 19 
       04 B1 00 8E 
       00 19 04 9A 
       00 78 00 19 
       55 E3 00 32 
       00 41 05 10 
       12 00 14 19 
       04 B4 00 46 
       00 19 04 98 
       00 6A 00 19 
       55 96 00 66 
       00 12 00 14 
       19 04 B0 00 
       85 00 19 04 
       B6 00 89 00 
       19 55 94 00 
       A8 00 12 00 
       24 19 04 96 
       00 66 00 19 
       04 7E 00 80 
       00 19 55 73 
       00 83 00 12 
       00 24 19 04 
       96 00 66 00 
       19 04 98 00 
       6A 00 19 55 
       7E 00 80 00 
       12 00 10 19 
       04 C9 00 6F 
       00 19 04 B6 
       00 89 00 19 
       55 B0 00 85 
       00 12 00 10 
       19 04 C9 00 
       6F 00 19 04 
       D7 00 6C 00 
       19 55 B6 00 
       89 00 12 00 
       14 19 04 B0 
       00 85 00 19 
       04 94 00 A8 
       00 19 55 97 
       00 9C 00 12 
       00 14 19 04 
       B4 00 46 00 
       19 04 AF 00 
       53 00 19 55 
       98 00 6A 00 
       12 00 24 19 
       04 AF 00 53 
       00 19 04 A4 
       00 78 00 19 
       55 98 00 6A 
       00 12 00 39 
       19 04 A4 00 
       78 00 19 04 
       B0 00 85 00 
       19 55 97 00 
       9C 00 12 00 
       39 19 04 98 
       00 6A 00 19 
       04 A4 00 78 
       00 19 55 8D 
       00 8B 00 12 
       00 39 19 04 
       98 00 6A 00 
       19 04 8D 00 
       8B 00 19 55 
       7E 00 80 00 
       12 00 24 19 
       04 B8 00 64 
       00 19 04 B0 
       00 85 00 19 
       55 A4 00 78 
       00 12 00 39 
       19 04 A4 00 
       78 00 19 04 
       97 00 9C 00 
       19 55 8D 00 
       8B 00 12 00 
       24 19 04 B8 
       00 64 00 19 
       04 C9 00 6F 
       00 19 55 B0 
       00 85 00 12 
       00 24 19 04 
       AF 00 53 00 
       19 04 B8 00 
       64 00 19 55 
       A4 00 78 00 
       12 00 24 19 
       04 73 00 83 
       00 19 04 7E 
       00 80 00 19 
       55 6B 00 8C 
       00 12 00 14 
       19 04 97 00 
       9C 00 19 04 
       94 00 A8 00 
       19 55 7D 00 
       BF 00 12 00 
       00 19 04 C3 
       00 2E 00 19 
       04 AF 00 53 
       00 19 55 B4 
       00 46 00 12 
       00 39 19 04 
       7E 00 80 00 
       19 04 8D 00 
       8B 00 19 55 
       7F 00 95 00 
       12 00 39 19 
       04 8D 00 8B 
       00 19 04 97 
       00 9C 00 19 
       55 86 00 AB 
       00 12 00 00 
       19 04 D6 00 
       63 00 19 04 
       D7 00 6C 00 
       19 55 C9 00 
       6F 00 12 00 
       24 19 04 73 
       00 83 00 19 
       04 6B 00 8C 
       00 19 55 56 
       00 93 00 12 
       00 00 19 04 
       B9 00 43 00 
       19 04 B8 00 
       64 00 19 55 
       AF 00 53 00 
       12 00 00 19 
       04 C1 00 59 
       00 19 04 C9 
       00 6F 00 19 
       55 B8 00 64 
       00 12 00 39 
       19 04 7E 00 
       80 00 19 04 
       7F 00 95 00 
       19 55 6B 00 
       8C 00 12 00 
       14 19 04 97 
       00 9C 00 19 
       04 7D 00 BF 
       00 19 55 86 
       00 AB 00 12 
       00 39 19 04 
       8D 00 8B 00 
       19 04 86 00 
       AB 00 19 55 
       7F 00 95 00 
       12 00 00 19 
       04 D6 00 63 
       00 19 04 ED 
       00 5A 00 19 
       55 D7 00 6C 
       00 12 00 00 
       19 04 C3 00 
       2E 00 19 04 
       B9 00 43 00 
       19 55 AF 00 
       53 00 12 00 
       00 19 04 C1 
       00 59 00 19 
       04 D6 00 63 
       00 19 55 C9 
       00 6F 00 12 
       00 00 19 04 
       B9 00 43 00 
       19 04 C1 00 
       59 00 19 55 
       B8 00 64 00 
       12 00 00 19 
       04 4D 00 A7 
       00 19 04 56 
       00 93 00 19 
       55 53 00 87 
       00 12 00 00 
       19 04 54 00 
       BC 00 19 04 
       4D 00 A7 00 
       19 55 46 00 
       9D 00 12 00 
       00 19 04 68 
       00 C6 00 19 
       04 54 00 BC 
       00 19 55 4F 
       00 B8 00 12 
       00 00 19 04 
       7D 00 BF 00 
       19 04 68 00 
       C6 00 19 55 
       69 00 C6 00 
       12 00 14 19 
       04 E2 00 67 
       00 19 04 F7 
       00 45 00 19 
       55 ED 00 5A 
       00 12 00 24 
       19 04 C5 00 
       27 00 19 04 
       C3 00 2E 00 
       19 55 D9 00 
       25 00 12 00 
       39 19 04 EC 
       00 50 00 19 
       04 EF 00 2F 
       00 19 55 F7 
       00 45 00 12 
       00 39 19 04 
       DF 00 34 00 
       19 04 D9 00 
       25 00 19 55 
       EF 00 2F 00 
       12 00 00 19 
       04 4D 00 A7 
       00 19 04 53 
       00 87 00 19 
       55 46 00 9D 
       00 12 00 00 
       19 04 7D 00 
       BF 00 19 04 
       69 00 C6 00 
       19 55 82 00 
       BD 00 12 00 
       00 19 04 54 
       00 BC 00 19 
       04 46 00 9D 
       00 19 55 4F 
       00 B8 00 12 
       00 00 19 04 
       68 00 C6 00 
       19 04 4F 00 
       B8 00 19 55 
       69 00 C6 00 
       12 00 24 19 
       04 C5 00 27 
       00 19 04 B0 
       00 31 00 19 
       55 C3 00 2E 
       00 12 00 14 
       19 04 E2 00 
       67 00 19 04 
       EC 00 50 00 
       19 55 F7 00 
       45 00 12 00 
       39 19 04 DF 
       00 34 00 19 
       04 C5 00 27 
       00 19 55 D9 
       00 25 00 12 
       00 39 19 04 
       EC 00 50 00 
       19 04 DF 00 
       34 00 19 55 
       EF 00 2F 00 
       12 00 14 19 
       04 46 00 9D 
       00 19 04 53 
       00 87 00 19 
       55 7B 00 5A 
       00 12 00 14 
       19 04 B0 00 
       95 00 19 04 
       EC 00 50 00 
       19 55 E2 00 
       67 00 12 00 
       10 19 04 82 
       00 BD 00 19 
       04 69 00 C6 
       00 19 55 A6 
       00 8F 00 12 
       00 24 19 04 
       7C 00 61 00 
       19 04 B0 00 
       31 00 19 55 
       C5 00 27 00 
       12 00 24 19 
       04 7C 00 61 
       00 19 04 7B 
       00 5A 00 19 
       55 B0 00 31 
       00 12 00 24 
       19 04 4F 00 
       B8 00 19 04 
       46 00 9D 00 
       19 55 7C 00 
       61 00 12 00 
       10 19 04 82 
       00 BD 00 19 
       04 A6 00 8F 
       00 19 55 B0 
       00 95 00 12 
       00 14 19 04 
       46 00 9D 00 
       19 04 7B 00 
       5A 00 19 55 
       7C 00 61 00 
       12 00 24 19 
       04 69 00 C6 
       00 19 04 4F 
       00 B8 00 19 
       55 8F 00 78 
       00 12 00 14 
       19 04 B0 00 
       95 00 19 04 
       A6 00 8F 00 
       19 55 EC 00 
       50 00 12 00 
       39 19 04 A6 
       00 8F 00 19 
       04 DF 00 34 
       00 19 55 EC 
       00 50 00 12 
       00 39 19 04 
       8F 00 78 00 
       19 04 C5 00 
       27 00 19 55 
       DF 00 34 00 
       12 00 24 19 
       04 69 00 C6 
       00 19 04 8F 
       00 78 00 19 
       55 A6 00 8F 
       00 12 00 24 
       19 04 4F 00 
       B8 00 19 04 
       7C 00 61 00 
       19 55 8F 00 
       78 00 12 00 
       39 19 04 8F 
       00 78 00 19 
       04 7C 00 61 
       00 19 55 C5 
       00 27 00 12 
       00 39 19 04 
       A6 00 8F 00 
       19 04 8F 00 
       78 00 19 55 
       DF 00 34 00 
       41 05 10 12 
       00 24 19 04 
       9B 00 65 00 
       19 04 81 00 
       7F 00 19 55 
       76 00 81 00 
       12 00 14 19 
       04 BA 00 46 
       00 19 04 9C 
       00 6A 00 19 
       55 9B 00 65 
       00 12 00 24 
       19 04 9B 00 
       65 00 19 04 
       9C 00 6A 00 
       19 55 81 00 
       7F 00 12 00 
       14 19 04 B3 
       00 85 00 19 
       04 B9 00 8A 
       00 19 55 96 
       00 A8 00 12 
       00 00 19 04 
       CC 00 70 00 
       19 04 B9 00 
       8A 00 19 55 
       B3 00 85 00 
       12 00 14 19 
       04 B3 00 85 
       00 19 04 96 
       00 A8 00 19 
       55 98 00 9B 
       00 12 00 00 
       19 04 CC 00 
       70 00 19 04 
       DB 00 6E 00 
       19 55 B9 00 
       8A 00 12 00 
       14 19 04 BA 
       00 46 00 19 
       04 B3 00 53 
       00 19 55 9C 
       00 6A 00 12 
       00 39 19 04 
       9C 00 6A 00 
       19 04 8F 00 
       8A 00 19 55 
       81 00 7F 00 
       12 00 39 19 
       04 9C 00 6A 
       00 19 04 A6 
       00 78 00 19 
       55 8F 00 8A 
       00 12 00 39 
       19 04 A6 00 
       78 00 19 04 
       B3 00 85 00 
       19 55 98 00 
       9B 00 12 00 
       24 19 04 B3 
       00 53 00 19 
       04 A6 00 78 
       00 19 55 9C 
       00 6A 00 12 
       00 24 19 04 
       BB 00 65 00 
       19 04 B3 00 
       85 00 19 55 
       A6 00 78 00 
       12 00 39 19 
       04 A6 00 78 
       00 19 04 98 
       00 9B 00 19 
       55 8F 00 8A 
       00 12 00 24 
       19 04 76 00 
       81 00 19 04 
       81 00 7F 00 
       19 55 6B 00 
       89 00 12 00 
       24 19 04 BB 
       00 65 00 19 
       04 CC 00 70 
       00 19 55 B3 
       00 85 00 12 
       00 24 19 04 
       B3 00 53 00 
       19 04 BB 00 
       65 00 19 55 
       A6 00 78 00 
       12 00 14 19 
       04 98 00 9B 
       00 19 04 96 
       00 A8 00 19 
       55 7B 00 BD 
       00 12 00 39 
       19 04 81 00 
       7F 00 19 04 
       8F 00 8A 00 
       19 55 7E 00 
       94 00 12 00 
       24 19 04 76 
       00 81 00 19 
       04 6B 00 89 
       00 19 55 57 
       00 90 00 12 
       00 39 19 04 
       8F 00 8A 00 
       19 04 98 00 
       9B 00 19 55 
       85 00 AA 00 
       12 00 00 19 
       04 C6 00 2F 
       00 19 04 B3 
       00 53 00 19 
       55 BA 00 46 
       00 12 00 00 
       19 04 D7 00 
       65 00 19 04 
       DB 00 6E 00 
       19 55 CC 00 
       70 00 12 00 
       39 19 04 81 
       00 7F 00 19 
       04 7E 00 94 
       00 19 55 6B 
       00 89 00 12 
       00 00 19 04 
       BB 00 44 00 
       19 04 BB 00 
       65 00 19 55 
       B3 00 53 00 
       12 00 14 19 
       04 98 00 9B 
       00 19 04 7B 
       00 BD 00 19 
       55 85 00 AA 
       00 12 00 00 
       19 04 C2 00 
       5A 00 19 04 
       CC 00 70 00 
       19 55 BB 00 
       65 00 12 00 
       39 19 04 8F 
       00 8A 00 19 
       04 85 00 AA 
       00 19 55 7E 
       00 94 00 12 
       00 00 19 04 
       C6 00 2F 00 
       19 04 BB 00 
       44 00 19 55 
       B3 00 53 00 
       12 00 00 19 
       04 D7 00 65 
       00 19 04 EF 
       00 5D 00 19 
       55 DB 00 6E 
       00 12 00 00 
       19 04 BB 00 
       44 00 19 04 
       C2 00 5A 00 
       19 55 BB 00 
       65 00 12 00 
       00 19 04 C2 
       00 5A 00 19 
       04 D7 00 65 
       00 19 55 CC 
       00 70 00 12 
       00 00 19 04 
       4E 00 A3 00 
       19 04 57 00 
       90 00 19 55 
       50 00 84 00 
       12 00 00 19 
       04 54 00 B8 
       00 19 04 4E 
       00 A3 00 19 
       55 41 00 99 
       00 12 00 00 
       19 04 66 00 
       C3 00 19 04 
       54 00 B8 00 
       19 55 48 00 
       B4 00 12 00 
       00 19 04 7B 
       00 BD 00 19 
       04 66 00 C3 
       00 19 55 61 
       00 C3 00 12 
       00 00 19 04 
       4E 00 A3 00 
       19 04 50 00 
       84 00 19 55 
       41 00 99 00 
       12 00 24 19 
       04 C2 00 28 
       00 19 04 C6 
       00 2F 00 19 
       55 DD 00 27 
       00 12 00 14 
       19 04 DE 00 
       6A 00 19 04 
       FA 00 48 00 
       19 55 EF 00 
       5D 00 12 00 
       00 19 04 7B 
       00 BD 00 19 
       04 61 00 C3 
       00 19 55 7B 
       00 BC 00 12 
       00 00 19 04 
       54 00 B8 00 
       19 04 41 00 
       99 00 19 55 
       48 00 B4 00 
       12 00 39 19 
       04 DB 00 36 
       00 19 04 DD 
       00 27 00 19 
       55 F3 00 31 
       00 12 00 39 
       19 04 E7 00 
       52 00 19 04 
       F3 00 31 00 
       19 55 FA 00 
       48 00 12 00 
       00 19 04 66 
       00 C3 00 19 
       04 48 00 B4 
       00 19 55 61 
       00 C3 00 12 
       00 24 19 04 
       C2 00 28 00 
       19 04 AE 00 
       31 00 19 55 
       C6 00 2F 00 
       12 00 14 19 
       04 DE 00 6A 
       00 19 04 E7 
       00 52 00 19 
       55 FA 00 48 
       00 12 00 39 
       19 04 DB 00 
       36 00 19 04 
       C2 00 28 00 
       19 55 DD 00 
       27 00 12 00 
       14 19 04 41 
       00 99 00 19 
       04 50 00 84 
       00 19 55 76 
       00 59 00 12 
       00 39 19 04 
       E7 00 52 00 
       19 04 DB 00 
       36 00 19 55 
       F3 00 31 00 
       12 00 00 19 
       04 7B 00 BC 
       00 19 04 61 
       00 C3 00 19 
       55 9B 00 90 
       00 12 00 24 
       19 04 48 00 
       B4 00 19 04 
       41 00 99 00 
       19 55 74 00 
       60 00 12 00 
       14 19 04 A8 
       00 96 00 19 
       04 E7 00 52 
       00 19 55 DE 
       00 6A 00 12 
       00 14 19 04 
       41 00 99 00 
       19 04 76 00 
       59 00 19 55 
       74 00 60 00 
       12 00 24 19 
       04 74 00 60 
       00 19 04 76 
       00 59 00 19 
       55 AE 00 31 
       00 12 00 24 
       19 04 74 00 
       60 00 19 04 
       AE 00 31 00 
       19 55 C2 00 
       28 00 12 00 
       00 19 04 7B 
       00 BC 00 19 
       04 9B 00 90 
       00 19 55 A8 
       00 96 00 12 
       00 24 19 04 
       61 00 C3 00 
       19 04 48 00 
       B4 00 19 55 
       84 00 78 00 
       12 00 14 19 
       04 A8 00 96 
       00 19 04 9B 
       00 90 00 19 
       55 E7 00 52 
       00 12 00 39 
       19 04 9B 00 
       90 00 19 04 
       DB 00 36 00 
       19 55 E7 00 
       52 00 12 00 
       24 19 04 48 
       00 B4 00 19 
       04 74 00 60 
       00 19 55 84 
       00 78 00 12 
       00 39 19 04 
       84 00 78 00 
       19 04 C2 00 
       28 00 19 55 
       DB 00 36 00 
       12 00 24 19 
       04 61 00 C3 
       00 19 04 84 
       00 78 00 19 
       55 9B 00 90 
       00 12 00 39 
       19 04 84 00 
       78 00 19 04 
       74 00 60 00 
       19 55 C2 00 
       28 00 12 00 
       39 19 04 9B 
       00 90 00 19 
       04 84 00 78 
       00 19 55 DB 
       00 36 00 41 
       05 10 12 00 
       24 19 04 A0 
       00 65 00 19 
       04 83 00 7D 
       00 19 55 7A 
       00 7F 00 12 
       00 24 19 04 
       A0 00 65 00 
       19 04 A0 00 
       69 00 19 55 
       83 00 7D 00 
       12 00 14 19 
       04 BE 00 47 
       00 19 04 A0 
       00 69 00 19 
       55 A0 00 65 
       00 12 00 14 
       19 04 B6 00 
       86 00 19 04 
       BD 00 8B 00 
       19 55 97 00 
       A7 00 12 00 
       14 19 04 B6 
       00 86 00 19 
       04 97 00 A7 
       00 19 55 99 
       00 9B 00 12 
       00 00 19 04 
       CE 00 72 00 
       19 04 BD 00 
       8B 00 19 55 
       B6 00 86 00 
       12 00 39 19 
       04 A0 00 69 
       00 19 04 91 
       00 89 00 19 
       55 83 00 7D 
       00 12 00 39 
       19 04 A0 00 
       69 00 19 04 
       A9 00 78 00 
       19 55 91 00 
       89 00 12 00 
       14 19 04 BE 
       00 47 00 19 
       04 B7 00 53 
       00 19 55 A0 
       00 69 00 12 
       00 39 19 04 
       A9 00 78 00 
       19 04 B6 00 
       86 00 19 55 
       99 00 9B 00 
       12 00 24 19 
       04 B7 00 53 
       00 19 04 A9 
       00 78 00 19 
       55 A0 00 69 
       00 12 00 00 
       19 04 CE 00 
       72 00 19 04 
       DF 00 70 00 
       19 55 BD 00 
       8B 00 12 00 
       24 19 04 7A 
       00 7F 00 19 
       04 83 00 7D 
       00 19 55 6C 
       00 87 00 12 
       00 39 19 04 
       A9 00 78 00 
       19 04 99 00 
       9B 00 19 55 
       91 00 89 00 
       12 00 14 19 
       04 BD 00 65 
       00 19 04 B6 
       00 86 00 19 
       55 A9 00 78 
       00 12 00 14 
       19 04 99 00 
       9B 00 19 04 
       97 00 A7 00 
       19 55 79 00 
       BB 00 12 00 
       24 19 04 B7 
       00 53 00 19 
       04 BD 00 65 
       00 19 55 A9 
       00 78 00 12 
       00 14 19 04 
       BD 00 65 00 
       19 04 CE 00 
       72 00 19 55 
       B6 00 86 00 
       12 00 24 19 
       04 7A 00 7F 
       00 19 04 6C 
       00 87 00 19 
       55 59 00 8C 
       00 12 00 39 
       19 04 83 00 
       7D 00 19 04 
       91 00 89 00 
       19 55 7E 00 
       92 00 12 00 
       39 19 04 91 
       00 89 00 19 
       04 99 00 9B 
       00 19 55 84 
       00 A8 00 12 
       00 39 19 04 
       83 00 7D 00 
       19 04 7E 00 
       92 00 19 55 
       6C 00 87 00 
       12 00 00 19 
       04 F0 00 60 
       00 19 04 E5 
       00 62 00 19 
       55 DF 00 70 
       00 12 00 14 
       19 04 99 00 
       9B 00 19 04 
       79 00 BB 00 
       19 55 84 00 
       A8 00 12 00 
       39 19 04 91 
       00 89 00 19 
       04 84 00 A8 
       00 19 55 7E 
       00 92 00 12 
       00 00 19 04 
       BD 00 45 00 
       19 04 BD 00 
       65 00 19 55 
       B7 00 53 00 
       12 00 00 19 
       04 D8 00 67 
       00 19 04 DF 
       00 70 00 19 
       55 CE 00 72 
       00 12 00 00 
       19 04 C3 00 
       5B 00 19 04 
       CE 00 72 00 
       19 55 BD 00 
       65 00 12 00 
       00 19 04 F0 
       00 60 00 19 
       04 FD 00 4A 
       00 19 55 E5 
       00 62 00 12 
       00 00 19 04 
       BD 00 45 00 
       19 04 C3 00 
       5B 00 19 55 
       BD 00 65 00 
       12 00 00 19 
       04 D8 00 67 
       00 19 04 F0 
       00 60 00 19 
       55 DF 00 70 
       00 12 00 00 
       19 04 C3 00 
       5B 00 19 04 
       D8 00 67 00 
       19 55 CE 00 
       72 00 12 00 
       00 19 04 54 
       00 B4 00 19 
       04 4F 00 9F 
       00 19 55 3E 
       00 95 00 12 
       00 00 19 04 
       65 00 C0 00 
       19 04 54 00 
       B4 00 19 55 
       43 00 B0 00 
       12 00 00 19 
       04 84 00 A8 
       00 19 04 79 
       00 BB 00 19 
       55 75 00 BA 
       00 12 00 00 
       19 04 79 00 
       BB 00 19 04 
       65 00 C0 00 
       19 55 5B 00 
       BF 00 12 00 
       00 19 04 84 
       00 A8 00 19 
       04 75 00 BA 
       00 19 55 83 
       00 A4 00 12 
       00 00 19 04 
       54 00 B4 00 
       19 04 3E 00 
       95 00 19 55 
       43 00 B0 00 
       12 00 00 19 
       04 79 00 BB 
       00 19 04 5B 
       00 BF 00 19 
       55 75 00 BA 
       00 12 00 00 
       19 04 65 00 
       C0 00 19 04 
       43 00 B0 00 
       19 55 5B 00 
       BF 00 12 00 
       24 19 04 BE 
       00 29 00 19 
       04 C9 00 2F 
       00 19 55 E0 
       00 28 00 12 
       00 14 19 04 
       DA 00 6C 00 
       19 04 FD 00 
       4A 00 19 55 
       F0 00 60 00 
       12 00 39 19 
       04 D6 00 38 
       00 19 04 E0 
       00 28 00 19 
       55 F6 00 33 
       00 12 00 39 
       19 04 E2 00 
       55 00 19 04 
       F6 00 33 00 
       19 55 FD 00 
       4A 00 12 00 
       24 19 04 BE 
       00 29 00 19 
       04 AC 00 32 
       00 19 55 C9 
       00 2F 00 12 
       00 14 19 04 
       3E 00 95 00 
       19 04 4E 00 
       81 00 19 55 
       71 00 59 00 
       12 00 14 19 
       04 DA 00 6C 
       00 19 04 E2 
       00 55 00 19 
       55 FD 00 4A 
       00 12 00 39 
       19 04 D6 00 
       38 00 19 04 
       BE 00 29 00 
       19 55 E0 00 
       28 00 12 00 
       39 19 04 E2 
       00 55 00 19 
       04 D6 00 38 
       00 19 55 F6 
       00 33 00 12 
       00 24 19 04 
       43 00 B0 00 
       19 04 3E 00 
       95 00 19 55 
       6C 00 60 00 
       12 00 00 19 
       04 75 00 BA 
       00 19 04 5B 
       00 BF 00 19 
       55 90 00 90 
       00 12 00 14 
       19 04 3E 00 
       95 00 19 04 
       71 00 59 00 
       19 55 6C 00 
       60 00 12 00 
       24 19 04 6C 
       00 60 00 19 
       04 71 00 59 
       00 19 55 AC 
       00 32 00 12 
       00 14 19 04 
       5B 00 BF 00 
       19 04 43 00 
       B0 00 19 55 
       79 00 78 00 
       12 00 00 19 
       04 75 00 BA 
       00 19 04 90 
       00 90 00 19 
       55 9F 00 97 
       00 12 00 24 
       19 04 6C 00 
       60 00 19 04 
       AC 00 32 00 
       19 55 BE 00 
       29 00 12 00 
       14 19 04 9F 
       00 97 00 19 
       04 E2 00 55 
       00 19 55 DA 
       00 6C 00 12 
       00 24 19 04 
       43 00 B0 00 
       19 04 6C 00 
       60 00 19 55 
       79 00 78 00 
       12 00 14 19 
       04 5B 00 BF 
       00 19 04 79 
       00 78 00 19 
       55 90 00 90 
       00 12 00 14 
       19 04 9F 00 
       97 00 19 04 
       90 00 90 00 
       19 55 E2 00 
       55 00 12 00 
       39 19 04 79 
       00 78 00 19 
       04 BE 00 29 
       00 19 55 D6 
       00 38 00 12 
       00 39 19 04 
       90 00 90 00 
       19 04 D6 00 
       38 00 19 55 
       E2 00 55 00 
       12 00 39 19 
       04 79 00 78 
       00 19 04 6C 
       00 60 00 19 
       55 BE 00 29 
       00 12 00 39 
       19 04 90 00 
       90 00 19 04 
       79 00 78 00 
       19 55 D6 00 
       38 00 41 05 
       10 12 00 24 
       19 04 A5 00 
       64 00 19 04 
       86 00 7C 00 
       19 55 7E 00 
       7D 00 12 00 
       24 19 04 A5 
       00 64 00 19 
       04 A4 00 69 
       00 19 55 86 
       00 7C 00 12 
       00 14 19 04 
       C3 00 47 00 
       19 04 A4 00 
       69 00 19 55 
       A5 00 64 00 
       12 00 14 19 
       04 B8 00 86 
       00 19 04 C0 
       00 8B 00 19 
       55 99 00 A6 
       00 12 00 14 
       19 04 B8 00 
       86 00 19 04 
       99 00 A6 00 
       19 55 9A 00 
       9A 00 12 00 
       39 19 04 A4 
       00 69 00 19 
       04 92 00 88 
       00 19 55 86 
       00 7C 00 12 
       00 00 19 04 
       D1 00 73 00 
       19 04 C0 00 
       8B 00 19 55 
       B8 00 86 00 
       12 00 39 19 
       04 A4 00 69 
       00 19 04 AC 
       00 78 00 19 
       55 92 00 88 
       00 12 00 24 
       19 04 7E 00 
       7D 00 19 04 
       86 00 7C 00 
       19 55 6D 00 
       85 00 12 00 
       39 19 04 AC 
       00 78 00 19 
       04 B8 00 86 
       00 19 55 9A 
       00 9A 00 12 
       00 24 19 04 
       BA 00 54 00 
       19 04 AC 00 
       78 00 19 55 
       A4 00 69 00 
       12 00 14 19 
       04 C3 00 47 
       00 19 04 BA 
       00 54 00 19 
       55 A4 00 69 
       00 12 00 39 
       19 04 AC 00 
       78 00 19 04 
       9A 00 9A 00 
       19 55 92 00 
       88 00 12 00 
       00 19 04 D1 
       00 73 00 19 
       04 E2 00 72 
       00 19 55 C0 
       00 8B 00 12 
       00 14 19 04 
       9A 00 9A 00 
       19 04 99 00 
       A6 00 19 55 
       78 00 B9 00 
       12 00 14 19 
       04 C0 00 66 
       00 19 04 B8 
       00 86 00 19 
       55 AC 00 78 
       00 12 00 24 
       19 04 7E 00 
       7D 00 19 04 
       6D 00 85 00 
       19 55 5B 00 
       89 00 12 00 
       39 19 04 86 
       00 7C 00 19 
       04 92 00 88 
       00 19 55 7E 
       00 91 00 12 
       00 24 19 04 
       BA 00 54 00 
       19 04 C0 00 
       66 00 19 55 
       AC 00 78 00 
       12 00 14 19 
       04 C0 00 66 
       00 19 04 D1 
       00 73 00 19 
       55 B8 00 86 
       00 12 00 39 
       19 04 92 00 
       88 00 19 04 
       9A 00 9A 00 
       19 55 83 00 
       A7 00 12 00 
       39 19 04 86 
       00 7C 00 19 
       04 7E 00 91 
       00 19 55 6D 
       00 85 00 12 
       00 14 19 04 
       9A 00 9A 00 
       19 04 78 00 
       B9 00 19 55 
       83 00 A7 00 
       12 00 39 19 
       04 92 00 88 
       00 19 04 83 
       00 A7 00 19 
       55 7E 00 91 
       00 12 00 00 
       19 04 F1 00 
       62 00 19 04 
       EA 00 64 00 
       19 55 E2 00 
       72 00 12 00 
       00 19 04 BE 
       00 45 00 19 
       04 C0 00 66 
       00 19 55 BA 
       00 54 00 12 
       00 00 19 04 
       D8 00 68 00 
       19 04 E2 00 
       72 00 19 55 
       D1 00 73 00 
       12 00 00 19 
       04 C4 00 5C 
       00 19 04 D1 
       00 73 00 19 
       55 C0 00 66 
       00 12 00 00 
       19 04 55 00 
       B0 00 19 04 
       51 00 9B 00 
       19 55 3C 00 
       92 00 12 00 
       00 19 04 BE 
       00 45 00 19 
       04 C4 00 5C 
       00 19 55 C0 
       00 66 00 12 
       00 00 19 04 
       65 00 BC 00 
       19 04 55 00 
       B0 00 19 55 
       3E 00 AC 00 
       12 00 00 19 
       04 C4 00 5C 
       00 19 04 D8 
       00 68 00 19 
       55 D1 00 73 
       00 12 00 00 
       19 04 F1 00 
       62 00 19 04 
       FE 00 4D 00 
       19 55 EA 00 
       64 00 12 00 
       00 19 04 D8 
       00 68 00 19 
       04 F1 00 62 
       00 19 55 E2 
       00 72 00 12 
       00 00 19 04 
       78 00 B9 00 
       19 04 65 00 
       BC 00 19 55 
       55 00 BC 00 
       12 00 00 19 
       04 83 00 A7 
       00 19 04 78 
       00 B9 00 19 
       55 70 00 B8 
       00 12 00 00 
       19 04 83 00 
       A7 00 19 04 
       70 00 B8 00 
       19 55 7F 00 
       A3 00 12 00 
       00 19 04 55 
       00 B0 00 19 
       04 3C 00 92 
       00 19 55 3E 
       00 AC 00 12 
       00 00 19 04 
       78 00 B9 00 
       19 04 55 00 
       BC 00 19 55 
       70 00 B8 00 
       12 00 00 19 
       04 65 00 BC 
       00 19 04 3E 
       00 AC 00 19 
       55 55 00 BC 
       00 12 00 24 
       19 04 BA 00 
       2B 00 19 04 
       CB 00 30 00 
       19 55 E3 00 
       29 00 12 00 
       14 19 04 D5 
       00 6F 00 19 
       04 FE 00 4D 
       00 19 55 F1 
       00 62 00 12 
       00 39 19 04 
       D0 00 3A 00 
       19 04 E3 00 
       29 00 19 55 
       F8 00 34 00 
       12 00 39 19 
       04 DC 00 58 
       00 19 04 F8 
       00 34 00 19 
       55 FE 00 4D 
       00 12 00 14 
       19 04 3C 00 
       92 00 19 04 
       4D 00 7F 00 
       19 55 6C 00 
       58 00 12 00 
       24 19 04 BA 
       00 2B 00 19 
       04 A9 00 33 
       00 19 55 CB 
       00 30 00 12 
       00 14 19 04 
       D5 00 6F 00 
       19 04 DC 00 
       58 00 19 55 
       FE 00 4D 00 
       12 00 24 19 
       04 3E 00 AC 
       00 19 04 3C 
       00 92 00 19 
       55 65 00 5F 
       00 12 00 39 
       19 04 D0 00 
       3A 00 19 04 
       BA 00 2B 00 
       19 55 E3 00 
       29 00 12 00 
       00 19 04 70 
       00 B8 00 19 
       04 55 00 BC 
       00 19 55 85 
       00 91 00 12 
       00 14 19 04 
       3C 00 92 00 
       19 04 6C 00 
       58 00 19 55 
       65 00 5F 00 
       12 00 39 19 
       04 DC 00 58 
       00 19 04 D0 
       00 3A 00 19 
       55 F8 00 34 
       00 12 00 14 
       19 04 55 00 
       BC 00 19 04 
       3E 00 AC 00 
       19 55 6F 00 
       78 00 12 00 
       24 19 04 65 
       00 5F 00 19 
       04 6C 00 58 
       00 19 55 A9 
       00 33 00 12 
       00 00 19 04 
       70 00 B8 00 
       19 04 85 00 
       91 00 19 55 
       97 00 98 00 
       12 00 24 19 
       04 65 00 5F 
       00 19 04 A9 
       00 33 00 19 
       55 BA 00 2B 
       00 12 00 14 
       19 04 97 00 
       98 00 19 04 
       DC 00 58 00 
       19 55 D5 00 
       6F 00 12 00 
       24 19 04 3E 
       00 AC 00 19 
       04 65 00 5F 
       00 19 55 6F 
       00 78 00 12 
       00 14 19 04 
       55 00 BC 00 
       19 04 6F 00 
       78 00 19 55 
       85 00 91 00 
       12 00 14 19 
       04 97 00 98 
       00 19 04 85 
       00 91 00 19 
       55 DC 00 58 
       00 12 00 39 
       19 04 6F 00 
       78 00 19 04 
       65 00 5F 00 
       19 55 BA 00 
       2B 00 12 00 
       39 19 04 6F 
       00 78 00 19 
       04 BA 00 2B 
       00 19 55 D0 
       00 3A 00 12 
       00 39 19 04 
       85 00 91 00 
       19 04 D0 00 
       3A 00 19 55 
       DC 00 58 00 
       12 00 39 19 
       04 85 00 91 
       00 19 04 6F 
       00 78 00 19 
       55 D0 00 3A 
       00 41 05 10 
       12 00 24 19 
       04 AA 00 64 
       00 19 04 89 
       00 7B 00 19 
       55 82 00 7B 
       00 12 00 24 
       19 04 AA 00 
       64 00 19 04 
       A7 00 69 00 
       19 55 89 00 
       7B 00 12 00 
       10 19 04 C7 
       00 47 00 19 
       04 A7 00 69 
       00 19 55 AA 
       00 64 00 12 
       00 14 19 04 
       BB 00 87 00 
       19 04 C4 00 
       8C 00 19 55 
       9B 00 A5 00 
       12 00 14 19 
       04 BB 00 87 
       00 19 04 9B 
       00 A5 00 19 
       55 9C 00 99 
       00 12 00 39 
       19 04 A7 00 
       69 00 19 04 
       94 00 87 00 
       19 55 89 00 
       7B 00 12 00 
       24 19 04 82 
       00 7B 00 19 
       04 89 00 7B 
       00 19 55 6F 
       00 83 00 12 
       00 39 19 04 
       A7 00 69 00 
       19 04 AE 00 
       78 00 19 55 
       94 00 87 00 
       12 00 39 19 
       04 AE 00 78 
       00 19 04 BB 
       00 87 00 19 
       55 9C 00 99 
       00 12 00 00 
       19 04 D3 00 
       74 00 19 04 
       C4 00 8C 00 
       19 55 BB 00 
       87 00 12 00 
       14 19 04 BD 
       00 54 00 19 
       04 AE 00 78 
       00 19 55 A7 
       00 69 00 12 
       00 39 19 04 
       AE 00 78 00 
       19 04 9C 00 
       99 00 19 55 
       94 00 87 00 
       12 00 24 19 
       04 82 00 7B 
       00 19 04 6F 
       00 83 00 19 
       55 5D 00 87 
       00 12 00 10 
       19 04 C7 00 
       47 00 19 04 
       BD 00 54 00 
       19 55 A7 00 
       69 00 12 00 
       14 19 04 9C 
       00 99 00 19 
       04 9B 00 A5 
       00 19 55 78 
       00 B7 00 12 
       00 00 19 04 
       D3 00 74 00 
       19 04 E6 00 
       73 00 19 55 
       C4 00 8C 00 
       12 00 14 19 
       04 C2 00 67 
       00 19 04 BB 
       00 87 00 19 
       55 AE 00 78 
       00 12 00 39 
       19 04 89 00 
       7B 00 19 04 
       94 00 87 00 
       19 55 7E 00 
       8F 00 12 00 
       39 19 04 94 
       00 87 00 19 
       04 9C 00 99 
       00 19 55 82 
       00 A5 00 12 
       00 14 19 04 
       BD 00 54 00 
       19 04 C2 00 
       67 00 19 55 
       AE 00 78 00 
       12 00 39 19 
       04 89 00 7B 
       00 19 04 7E 
       00 8F 00 19 
       55 6F 00 83 
       00 12 00 14 
       19 04 C2 00 
       67 00 19 04 
       D3 00 74 00 
       19 55 BB 00 
       87 00 12 00 
       14 19 04 9C 
       00 99 00 19 
       04 78 00 B7 
       00 19 55 82 
       00 A5 00 12 
       00 39 19 04 
       94 00 87 00 
       19 04 82 00 
       A5 00 19 55 
       7E 00 8F 00 
       12 00 24 19 
       04 00 01 4F 
       00 19 04 E9 
       00 54 00 19 
       55 EE 00 65 
       00 12 00 10 
       19 04 F1 00 
       65 00 19 04 
       EE 00 65 00 
       19 55 E6 00 
       73 00 12 00 
       00 19 04 C4 
       00 5D 00 19 
       04 D3 00 74 
       00 19 55 C2 
       00 67 00 12 
       00 00 19 04 
       D8 00 6A 00 
       19 04 E6 00 
       73 00 19 55 
       D3 00 74 00 
       12 00 00 19 
       04 65 00 B9 
       00 19 04 57 
       00 AC 00 19 
       55 3B 00 A8 
       00 12 00 24 
       19 04 7E 00 
       8F 00 19 04 
       82 00 A5 00 
       19 55 7C 00 
       A2 00 12 00 
       00 19 04 78 
       00 B7 00 19 
       04 65 00 B9 
       00 19 55 50 
       00 B9 00 12 
       00 10 19 04 
       82 00 A5 00 
       19 04 78 00 
       B7 00 19 55 
       6C 00 B6 00 
       12 00 00 19 
       04 C4 00 5D 
       00 19 04 D8 
       00 6A 00 19 
       55 D3 00 74 
       00 12 00 24 
       19 04 00 01 
       4F 00 19 04 
       FA 00 36 00 
       19 55 E9 00 
       54 00 12 00 
       00 19 04 D8 
       00 6A 00 19 
       04 F1 00 65 
       00 19 55 E6 
       00 73 00 12 
       00 10 19 04 
       F1 00 65 00 
       19 04 00 01 
       4F 00 19 55 
       EE 00 65 00 
       12 00 24 19 
       04 7E 00 8F 
       00 19 04 7C 
       00 A2 00 19 
       55 79 00 8A 
       00 12 00 10 
       19 04 82 00 
       A5 00 19 04 
       6C 00 B6 00 
       19 55 7C 00 
       A2 00 12 00 
       00 19 04 65 
       00 B9 00 19 
       04 3B 00 A8 
       00 19 55 50 
       00 B9 00 12 
       00 00 19 04 
       78 00 B7 00 
       19 04 50 00 
       B9 00 19 55 
       6C 00 B6 00 
       12 00 24 19 
       04 B5 00 2C 
       00 19 04 CC 
       00 31 00 19 
       55 E4 00 2A 
       00 12 00 10 
       19 04 3A 00 
       8F 00 19 04 
       4C 00 7D 00 
       19 55 68 00 
       58 00 12 00 
       14 19 04 CF 
       00 71 00 19 
       04 00 01 4F 
       00 19 55 F1 
       00 65 00 12 
       00 39 19 04 
       CA 00 3C 00 
       19 04 E4 00 
       2A 00 19 55 
       FA 00 36 00 
       12 00 39 19 
       04 D5 00 5B 
       00 19 04 FA 
       00 36 00 19 
       55 00 01 4F 
       00 12 00 24 
       19 04 B5 00 
       2C 00 19 04 
       A6 00 34 00 
       19 55 CC 00 
       31 00 12 00 
       14 19 04 3B 
       00 A8 00 19 
       04 3A 00 8F 
       00 19 55 5E 
       00 5F 00 12 
       00 00 19 04 
       6C 00 B6 00 
       19 04 50 00 
       B9 00 19 55 
       7B 00 91 00 
       12 00 10 19 
       04 3A 00 8F 
       00 19 04 68 
       00 58 00 19 
       55 5E 00 5F 
       00 12 00 14 
       19 04 50 00 
       B9 00 19 04 
       3B 00 A8 00 
       19 55 65 00 
       78 00 12 00 
       14 19 04 CF 
       00 71 00 19 
       04 D5 00 5B 
       00 19 55 00 
       01 4F 00 12 
       00 39 19 04 
       CA 00 3C 00 
       19 04 B5 00 
       2C 00 19 55 
       E4 00 2A 00 
       12 00 24 19 
       04 5E 00 5F 
       00 19 04 68 
       00 58 00 19 
       55 A6 00 34 
       00 12 00 00 
       19 04 6C 00 
       B6 00 19 04 
       7B 00 91 00 
       19 55 8F 00 
       99 00 12 00 
       39 19 04 D5 
       00 5B 00 19 
       04 CA 00 3C 
       00 19 55 FA 
       00 36 00 12 
       00 24 19 04 
       5E 00 5F 00 
       19 04 A6 00 
       34 00 19 55 
       B5 00 2C 00 
       12 00 14 19 
       04 3B 00 A8 
       00 19 04 5E 
       00 5F 00 19 
       55 65 00 78 
       00 12 00 14 
       19 04 8F 00 
       99 00 19 04 
       D5 00 5B 00 
       19 55 CF 00 
       71 00 12 00 
       14 19 04 50 
       00 B9 00 19 
       04 65 00 78 
       00 19 55 7B 
       00 91 00 12 
       00 14 19 04 
       8F 00 99 00 
       19 04 7B 00 
       91 00 19 55 
       D5 00 5B 00 
       12 00 39 19 
       04 65 00 78 
       00 19 04 5E 
       00 5F 00 19 
       55 B5 00 2C 
       00 12 00 39 
       19 04 65 00 
       78 00 19 04 
       B5 00 2C 00 
       19 55 CA 00 
       3C 00 12 00 
       39 19 04 7B 
       00 91 00 19 
       04 CA 00 3C 
       00 19 55 D5 
       00 5B 00 12 
       00 39 19 04 
       7B 00 91 00 
       19 04 65 00 
       78 00 19 55 
       CA 00 3C 00 
       41 05 10 12 
       00 24 19 04 
       AE 00 63 00 
       19 04 8C 00 
       7A 00 19 55 
       86 00 7A 00 
       12 00 24 19 
       04 AE 00 63 
       00 19 04 AB 
       00 68 00 19 
       55 8C 00 7A 
       00 12 00 14 
       19 04 BD 00 
       87 00 19 04 
       C7 00 8D 00 
       19 55 9D 00 
       A4 00 12 00 
       10 19 04 CB 
       00 47 00 19 
       04 AB 00 68 
       00 19 55 AE 
       00 63 00 12 
       00 24 19 04 
       86 00 7A 00 
       19 04 8C 00 
       7A 00 19 55 
       70 00 81 00 
       12 00 14 19 
       04 BD 00 87 
       00 19 04 9D 
       00 A4 00 19 
       55 9E 00 99 
       00 12 00 39 
       19 04 AB 00 
       68 00 19 04 
       96 00 86 00 
       19 55 8C 00 
       7A 00 12 00 
       39 19 04 AB 
       00 68 00 19 
       04 B1 00 78 
       00 19 55 96 
       00 86 00 12 
       00 24 19 04 
       86 00 7A 00 
       19 04 70 00 
       81 00 19 55 
       60 00 85 00 
       12 00 39 19 
       04 B1 00 78 
       00 19 04 BD 
       00 87 00 19 
       55 9E 00 99 
       00 12 00 14 
       19 04 9E 00 
       99 00 19 04 
       9D 00 A4 00 
       19 55 78 00 
       B5 00 12 00 
       39 19 04 B1 
       00 78 00 19 
       04 9E 00 99 
       00 19 55 96 
       00 86 00 12 
       00 00 19 04 
       D5 00 75 00 
       19 04 C7 00 
       8D 00 19 55 
       BD 00 87 00 
       12 00 14 19 
       04 C0 00 54 
       00 19 04 B1 
       00 78 00 19 
       55 AB 00 68 
       00 12 00 10 
       19 04 CB 00 
       47 00 19 04 
       C0 00 54 00 
       19 55 AB 00 
       68 00 12 00 
       39 19 04 8C 
       00 7A 00 19 
       04 96 00 86 
       00 19 55 7F 
       00 8E 00 12 
       00 10 19 04 
       C4 00 67 00 
       19 04 BD 00 
       87 00 19 55 
       B1 00 78 00 
       12 00 39 19 
       04 96 00 86 
       00 19 04 9E 
       00 99 00 19 
       55 82 00 A4 
       00 12 00 00 
       19 04 D5 00 
       75 00 19 04 
       E8 00 75 00 
       19 55 C7 00 
       8D 00 12 00 
       39 19 04 8C 
       00 7A 00 19 
       04 7F 00 8E 
       00 19 55 70 
       00 81 00 12 
       00 14 19 04 
       C0 00 54 00 
       19 04 C4 00 
       67 00 19 55 
       B1 00 78 00 
       12 00 14 19 
       04 9E 00 99 
       00 19 04 78 
       00 B5 00 19 
       55 82 00 A4 
       00 12 00 10 
       19 04 C4 00 
       67 00 19 04 
       D5 00 75 00 
       19 55 BD 00 
       87 00 12 00 
       39 19 04 96 
       00 86 00 19 
       04 82 00 A4 
       00 19 55 7F 
       00 8E 00 12 
       00 00 19 04 
       66 00 B6 00 
       19 04 59 00 
       A9 00 19 55 
       39 00 A5 00 
       12 00 24 19 
       04 00 01 51 
       00 19 04 EE 
       00 54 00 19 
       55 F3 00 67 
       00 12 00 10 
       19 04 F0 00 
       67 00 19 04 
       F3 00 67 00 
       19 55 E8 00 
       75 00 12 00 
       00 19 04 C4 
       00 5E 00 19 
       04 D5 00 75 
       00 19 55 C4 
       00 67 00 12 
       00 00 19 04 
       D7 00 6C 00 
       19 04 E8 00 
       75 00 19 55 
       D5 00 75 00 
       12 00 00 19 
       04 78 00 B5 
       00 19 04 66 
       00 B6 00 19 
       55 4D 00 B6 
       00 12 00 24 
       19 04 7F 00 
       8E 00 19 04 
       82 00 A4 00 
       19 55 79 00 
       A1 00 12 00 
       10 19 04 82 
       00 A4 00 19 
       04 78 00 B5 
       00 19 55 68 
       00 B4 00 12 
       00 24 19 04 
       7F 00 8E 00 
       19 04 79 00 
       A1 00 19 55 
       77 00 8A 00 
       12 00 00 19 
       04 C4 00 5E 
       00 19 04 D7 
       00 6C 00 19 
       55 D5 00 75 
       00 12 00 00 
       19 04 D7 00 
       6C 00 19 04 
       F0 00 67 00 
       19 55 E8 00 
       75 00 12 00 
       24 19 04 00 
       01 51 00 19 
       04 FB 00 37 
       00 19 55 EE 
       00 54 00 12 
       00 10 19 04 
       F0 00 67 00 
       19 04 00 01 
       51 00 19 55 
       F3 00 67 00 
       12 00 10 19 
       04 82 00 A4 
       00 19 04 68 
       00 B4 00 19 
       55 79 00 A1 
       00 12 00 00 
       19 04 66 00 
       B6 00 19 04 
       39 00 A5 00 
       19 55 4D 00 
       B6 00 12 00 
       00 19 04 78 
       00 B5 00 19 
       04 4D 00 B6 
       00 19 55 68 
       00 B4 00 12 
       00 10 19 04 
       39 00 8C 00 
       19 04 4C 00 
       7B 00 19 55 
       64 00 58 00 
       12 00 24 19 
       04 B0 00 2D 
       00 19 04 CD 
       00 31 00 19 
       55 E6 00 2A 
       00 12 00 14 
       19 04 C9 00 
       74 00 19 04 
       00 01 51 00 
       19 55 F0 00 
       67 00 12 00 
       14 19 04 39 
       00 A5 00 19 
       04 39 00 8C 
       00 19 55 58 
       00 5F 00 12 
       00 24 19 04 
       B0 00 2D 00 
       19 04 A3 00 
       34 00 19 55 
       CD 00 31 00 
       12 00 39 19 
       04 C2 00 3E 
       00 19 04 E6 
       00 2A 00 19 
       55 FB 00 37 
       00 12 00 00 
       19 04 68 00 
       B4 00 19 04 
       4D 00 B6 00 
       19 55 71 00 
       91 00 12 00 
       39 19 04 CE 
       00 5D 00 19 
       04 FB 00 37 
       00 19 55 00 
       01 51 00 12 
       00 10 19 04 
       39 00 8C 00 
       19 04 64 00 
       58 00 19 55 
       58 00 5F 00 
       12 00 10 19 
       04 4D 00 B6 
       00 19 04 39 
       00 A5 00 19 
       55 5C 00 78 
       00 12 00 00 
       19 04 68 00 
       B4 00 19 04 
       71 00 91 00 
       19 55 87 00 
       99 00 12 00 
       24 19 04 58 
       00 5F 00 19 
       04 64 00 58 
       00 19 55 A3 
       00 34 00 12 
       00 14 19 04 
       C9 00 74 00 
       19 04 CE 00 
       5D 00 19 55 
       00 01 51 00 
       12 00 39 19 
       04 C2 00 3E 
       00 19 04 B0 
       00 2D 00 19 
       55 E6 00 2A 
       00 12 00 14 
       19 04 39 00 
       A5 00 19 04 
       58 00 5F 00 
       19 55 5C 00 
       78 00 12 00 
       24 19 04 58 
       00 5F 00 19 
       04 A3 00 34 
       00 19 55 B0 
       00 2D 00 12 
       00 39 19 04 
       CE 00 5D 00 
       19 04 C2 00 
       3E 00 19 55 
       FB 00 37 00 
       12 00 10 19 
       04 4D 00 B6 
       00 19 04 5C 
       00 78 00 19 
       55 71 00 91 
       00 12 00 14 
       19 04 87 00 
       99 00 19 04 
       CE 00 5D 00 
       19 55 C9 00 
       74 00 12 00 
       14 19 04 87 
       00 99 00 19 
       04 71 00 91 
       00 19 55 CE 
       00 5D 00 12 
       00 39 19 04 
       5C 00 78 00 
       19 04 58 00 
       5F 00 19 55 
       B0 00 2D 00 
       12 00 39 19 
       04 5C 00 78 
       00 19 04 B0 
       00 2D 00 19 
       55 C2 00 3E 
       00 12 00 39 
       19 04 71 00 
       91 00 19 04 
       C2 00 3E 00 
       19 55 CE 00 
       5D 00 12 00 
       39 19 04 71 
       00 91 00 19 
       04 5C 00 78 
       00 19 55 C2 
       00 3E 00 41 
       05 10 12 00 
       24 19 04 B3 
       00 63 00 19 
       04 90 00 79 
       00 19 55 8B 
       00 79 00 12 
       00 24 19 04 
       B3 00 63 00 
       19 04 AE 00 
       68 00 19 55 
       90 00 79 00 
       12 00 24 19 
       04 8B 00 79 
       00 19 04 90 
       00 79 00 19 
       55 72 00 80 
       00 12 00 14 
       19 04 BF 00 
       87 00 19 04 
       CA 00 8D 00 
       19 55 A0 00 
       A4 00 12 00 
       10 19 04 CF 
       00 47 00 19 
       04 AE 00 68 
       00 19 55 B3 
       00 63 00 12 
       00 39 19 04 
       AE 00 68 00 
       19 04 99 00 
       86 00 19 55 
       90 00 79 00 
       12 00 14 19 
       04 BF 00 87 
       00 19 04 A0 
       00 A4 00 19 
       55 A0 00 98 
       00 12 00 24 
       19 04 8B 00 
       79 00 19 04 
       72 00 80 00 
       19 55 63 00 
       83 00 12 00 
       39 19 04 AE 
       00 68 00 19 
       04 B3 00 78 
       00 19 55 99 
       00 86 00 12 
       00 14 19 04 
       A0 00 98 00 
       19 04 A0 00 
       A4 00 19 55 
       78 00 B3 00 
       12 00 39 19 
       04 B3 00 78 
       00 19 04 A0 
       00 98 00 19 
       55 99 00 86 
       00 12 00 39 
       19 04 B3 00 
       78 00 19 04 
       BF 00 87 00 
       19 55 A0 00 
       98 00 12 00 
       39 19 04 90 
       00 79 00 19 
       04 99 00 86 
       00 19 55 80 
       00 8D 00 12 
       00 10 19 04 
       C3 00 54 00 
       19 04 B3 00 
       78 00 19 55 
       AE 00 68 00 
       12 00 00 19 
       04 D6 00 76 
       00 19 04 CA 
       00 8D 00 19 
       55 BF 00 87 
       00 12 00 10 
       19 04 CF 00 
       47 00 19 04 
       C3 00 54 00 
       19 55 AE 00 
       68 00 12 00 
       39 19 04 99 
       00 86 00 19 
       04 A0 00 98 
       00 19 55 83 
       00 A3 00 12 
       00 39 19 04 
       90 00 79 00 
       19 04 80 00 
       8D 00 19 55 
       72 00 80 00 
       12 00 10 19 
       04 C5 00 68 
       00 19 04 BF 
       00 87 00 19 
       55 B3 00 78 
       00 12 00 14 
       19 04 A0 00 
       98 00 19 04 
       78 00 B3 00 
       19 55 83 00 
       A3 00 12 00 
       00 19 04 D6 
       00 76 00 19 
       04 EB 00 76 
       00 19 55 CA 
       00 8D 00 12 
       00 39 19 04 
       99 00 86 00 
       19 04 83 00 
       A3 00 19 55 
       80 00 8D 00 
       12 00 10 19 
       04 C3 00 54 
       00 19 04 C5 
       00 68 00 19 
       55 B3 00 78 
       00 12 00 10 
       19 04 C5 00 
       68 00 19 04 
       D6 00 76 00 
       19 55 BF 00 
       87 00 12 00 
       00 19 04 68 
       00 B4 00 19 
       04 5C 00 A6 
       00 19 55 38 
       00 A2 00 12 
       00 00 19 04 
       78 00 B3 00 
       19 04 68 00 
       B4 00 19 55 
       4A 00 B4 00 
       12 00 24 19 
       04 80 00 8D 
       00 19 04 83 
       00 A3 00 19 
       55 77 00 A0 
       00 12 00 10 
       19 04 83 00 
       A3 00 19 04 
       78 00 B3 00 
       19 55 65 00 
       B3 00 12 00 
       24 19 04 FF 
       00 52 00 19 
       04 F3 00 55 
       00 19 55 F6 
       00 68 00 12 
       00 00 19 04 
       C3 00 5F 00 
       19 04 D6 00 
       76 00 19 55 
       C5 00 68 00 
       12 00 10 19 
       04 EF 00 69 
       00 19 04 F6 
       00 68 00 19 
       55 EB 00 76 
       00 12 00 00 
       19 04 D6 00 
       6D 00 19 04 
       EB 00 76 00 
       19 55 D6 00 
       76 00 12 00 
       24 19 04 80 
       00 8D 00 19 
       04 77 00 A0 
       00 19 55 76 
       00 89 00 12 
       00 00 19 04 
       68 00 B4 00 
       19 04 38 00 
       A2 00 19 55 
       4A 00 B4 00 
       12 00 10 19 
       04 83 00 A3 
       00 19 04 65 
       00 B3 00 19 
       55 77 00 A0 
       00 12 00 00 
       19 04 C3 00 
       5F 00 19 04 
       D6 00 6D 00 
       19 55 D6 00 
       76 00 12 00 
       00 19 04 78 
       00 B3 00 19 
       04 4A 00 B4 
       00 19 55 65 
       00 B3 00 12 
       00 00 19 04 
       D6 00 6D 00 
       19 04 EF 00 
       69 00 19 55 
       EB 00 76 00 
       12 00 24 19 
       04 FF 00 52 
       00 19 04 FB 
       00 38 00 19 
       55 F3 00 55 
       00 12 00 10 
       19 04 EF 00 
       69 00 19 04 
       FF 00 52 00 
       19 55 F6 00 
       68 00 12 00 
       10 19 04 39 
       00 8A 00 19 
       04 4C 00 79 
       00 19 55 61 
       00 58 00 12 
       00 10 19 04 
       38 00 A2 00 
       19 04 39 00 
       8A 00 19 55 
       52 00 5F 00 
       12 00 24 19 
       04 A9 00 2E 
       00 19 04 CE 
       00 31 00 19 
       55 E6 00 2B 
       00 12 00 00 
       19 04 65 00 
       B3 00 19 04 
       4A 00 B4 00 
       19 55 69 00 
       91 00 12 00 
       10 19 04 4A 
       00 B4 00 19 
       04 38 00 A2 
       00 19 55 54 
       00 78 00 12 
       00 10 19 04 
       39 00 8A 00 
       19 04 61 00 
       58 00 19 55 
       52 00 5F 00 
       12 00 14 19 
       04 C3 00 75 
       00 19 04 FF 
       00 52 00 19 
       55 EF 00 69 
       00 12 00 24 
       19 04 A9 00 
       2E 00 19 04 
       9F 00 35 00 
       19 55 CE 00 
       31 00 12 00 
       39 19 04 BA 
       00 3F 00 19 
       04 E6 00 2B 
       00 19 55 FB 
       00 38 00 12 
       00 39 19 04 
       C5 00 5F 00 
       19 04 FB 00 
       38 00 19 55 
       FF 00 52 00 
       12 00 00 19 
       04 65 00 B3 
       00 19 04 69 
       00 91 00 19 
       55 80 00 99 
       00 12 00 24 
       19 04 52 00 
       5F 00 19 04 
       61 00 58 00 
       19 55 9F 00 
       35 00 12 00 
       10 19 04 38 
       00 A2 00 19 
       04 52 00 5F 
       00 19 55 54 
       00 78 00 12 
       00 39 19 04 
       BA 00 3F 00 
       19 04 A9 00 
       2E 00 19 55 
       E6 00 2B 00 
       12 00 10 19 
       04 4A 00 B4 
       00 19 04 54 
       00 78 00 19 
       55 69 00 91 
       00 12 00 14 
       19 04 C3 00 
       75 00 19 04 
       C5 00 5F 00 
       19 55 FF 00 
       52 00 12 00 
       24 19 04 52 
       00 5F 00 19 
       04 9F 00 35 
       00 19 55 A9 
       00 2E 00 12 
       00 39 19 04 
       C5 00 5F 00 
       19 04 BA 00 
       3F 00 19 55 
       FB 00 38 00 
       12 00 14 19 
       04 80 00 99 
       00 19 04 C5 
       00 5F 00 19 
       55 C3 00 75 
       00 12 00 39 
       19 04 54 00 
       78 00 19 04 
       52 00 5F 00 
       19 55 A9 00 
       2E 00 12 00 
       14 19 04 80 
       00 99 00 19 
       04 69 00 91 
       00 19 55 C5 
       00 5F 00 12 
       00 39 19 04 
       54 00 78 00 
       19 04 A9 00 
       2E 00 19 55 
       BA 00 3F 00 
       12 00 39 19 
       04 69 00 91 
       00 19 04 54 
       00 78 00 19 
       55 BA 00 3F 
       00 12 00 39 
       19 04 69 00 
       91 00 19 04 
       BA 00 3F 00 
       19 55 C5 00 
       5F 00 41 05 
       10 12 00 24 
       19 04 B7 00 
       62 00 19 04 
       93 00 78 00 
       19 55 8F 00 
       78 00 12 00 
       24 19 04 B7 
       00 62 00 19 
       04 B2 00 68 
       00 19 55 93 
       00 78 00 12 
       00 24 19 04 
       8F 00 78 00 
       19 04 93 00 
       78 00 19 55 
       75 00 7F 00 
       12 00 24 19 
       04 8F 00 78 
       00 19 04 75 
       00 7F 00 19 
       55 66 00 81 
       00 12 00 14 
       19 04 C2 00 
       88 00 19 04 
       CE 00 8E 00 
       19 55 A3 00 
       A3 00 12 00 
       39 19 04 B2 
       00 68 00 19 
       04 9B 00 85 
       00 19 55 93 
       00 78 00 12 
       00 14 19 04 
       C2 00 88 00 
       19 04 A3 00 
       A3 00 19 55 
       A2 00 98 00 
       12 00 00 19 
       04 ED 00 77 
       00 19 04 D2 
       00 86 00 19 
       55 CE 00 8E 
       00 12 00 14 
       19 04 A2 00 
       98 00 19 04 
       A3 00 A3 00 
       19 55 7A 00 
       B1 00 12 00 
       39 19 04 B2 
       00 68 00 19 
       04 B6 00 78 
       00 19 55 9B 
       00 85 00 12 
       00 39 19 04 
       B6 00 78 00 
       19 04 A2 00 
       98 00 19 55 
       9B 00 85 00 
       12 00 39 19 
       04 B6 00 78 
       00 19 04 C2 
       00 88 00 19 
       55 A2 00 98 
       00 12 00 39 
       19 04 93 00 
       78 00 19 04 
       9B 00 85 00 
       19 55 81 00 
       8C 00 12 00 
       39 19 04 93 
       00 78 00 19 
       04 81 00 8C 
       00 19 55 75 
       00 7F 00 12 
       00 10 19 04 
       C5 00 54 00 
       19 04 B6 00 
       78 00 19 55 
       B2 00 68 00 
       12 00 39 19 
       04 9B 00 85 
       00 19 04 A2 
       00 98 00 19 
       55 83 00 A2 
       00 12 00 00 
       19 04 ED 00 
       77 00 19 04 
       FA 00 69 00 
       19 55 D2 00 
       86 00 12 00 
       00 19 04 D8 
       00 77 00 19 
       04 CE 00 8E 
       00 19 55 C2 
       00 88 00 12 
       00 14 19 04 
       A2 00 98 00 
       19 04 7A 00 
       B1 00 19 55 
       83 00 A2 00 
       12 00 10 19 
       04 C7 00 68 
       00 19 04 C2 
       00 88 00 19 
       55 B6 00 78 
       00 12 00 39 
       19 04 9B 00 
       85 00 19 04 
       83 00 A2 00 
       19 55 81 00 
       8C 00 12 00 
       00 19 04 D8 
       00 77 00 19 
       04 ED 00 77 
       00 19 55 CE 
       00 8E 00 12 
       00 10 19 04 
       C5 00 54 00 
       19 04 C7 00 
       68 00 19 55 
       B6 00 78 00 
       12 00 10 19 
       04 C7 00 68 
       00 19 04 D8 
       00 77 00 19 
       55 C2 00 88 
       00 12 00 24 
       19 04 75 00 
       7F 00 19 04 
       81 00 8C 00 
       19 55 75 00 
       88 00 12 00 
       00 19 04 7A 
       00 B1 00 19 
       04 6A 00 B2 
       00 19 55 49 
       00 B1 00 12 
       00 24 19 04 
       81 00 8C 00 
       19 04 83 00 
       A2 00 19 55 
       75 00 9F 00 
       12 00 10 19 
       04 83 00 A2 
       00 19 04 7A 
       00 B1 00 19 
       55 63 00 B1 
       00 12 00 24 
       19 04 75 00 
       7F 00 19 04 
       75 00 88 00 
       19 55 65 00 
       78 00 12 00 
       24 19 04 FA 
       00 38 00 19 
       04 E7 00 48 
       00 19 55 F7 
       00 55 00 12 
       00 24 19 04 
       81 00 8C 00 
       19 04 75 00 
       9F 00 19 55 
       75 00 88 00 
       12 00 24 19 
       04 FE 00 54 
       00 19 04 F7 
       00 55 00 19 
       55 FA 00 69 
       00 12 00 00 
       19 04 D5 00 
       6E 00 19 04 
       ED 00 77 00 
       19 55 D8 00 
       77 00 12 00 
       10 19 04 ED 
       00 6A 00 19 
       04 FA 00 69 
       00 19 55 ED 
       00 77 00 12 
       00 10 19 04 
       83 00 A2 00 
       19 04 63 00 
       B1 00 19 55 
       75 00 9F 00 
       12 00 00 19 
       04 7A 00 B1 
       00 19 04 49 
       00 B1 00 19 
       55 63 00 B1 
       00 12 00 24 
       19 04 FA 00 
       38 00 19 04 
       E5 00 2B 00 
       19 55 E7 00 
       48 00 12 00 
       00 19 04 D5 
       00 6E 00 19 
       04 ED 00 6A 
       00 19 55 ED 
       00 77 00 12 
       00 24 19 04 
       FE 00 54 00 
       19 04 FA 00 
       38 00 19 55 
       F7 00 55 00 
       12 00 10 19 
       04 ED 00 6A 
       00 19 04 FE 
       00 54 00 19 
       55 FA 00 69 
       00 12 00 00 
       19 04 75 00 
       9F 00 19 04 
       63 00 B1 00 
       19 55 79 00 
       9A 00 12 00 
       10 19 04 38 
       00 A0 00 19 
       04 3A 00 88 
       00 19 55 4C 
       00 5F 00 12 
       00 00 19 04 
       75 00 9F 00 
       19 04 79 00 
       9A 00 19 55 
       86 00 8E 00 
       12 00 00 19 
       04 63 00 B1 
       00 19 04 49 
       00 B1 00 19 
       55 60 00 91 
       00 12 00 10 
       19 04 49 00 
       B1 00 19 04 
       38 00 A0 00 
       19 55 4D 00 
       78 00 12 00 
       24 19 04 A2 
       00 2F 00 19 
       04 CD 00 32 
       00 19 55 E5 
       00 2B 00 12 
       00 24 19 04 
       A2 00 2F 00 
       19 04 9B 00 
       36 00 19 55 
       CD 00 32 00 
       12 00 14 19 
       04 BC 00 77 
       00 19 04 FE 
       00 54 00 19 
       55 ED 00 6A 
       00 12 00 00 
       19 04 63 00 
       B1 00 19 04 
       60 00 91 00 
       19 55 79 00 
       9A 00 12 00 
       10 19 04 38 
       00 A0 00 19 
       04 4C 00 5F 
       00 19 55 4D 
       00 78 00 12 
       00 24 19 04 
       4C 00 5F 00 
       19 04 5D 00 
       58 00 19 55 
       9B 00 36 00 
       12 00 39 19 
       04 B1 00 41 
       00 19 04 E5 
       00 2B 00 19 
       55 FA 00 38 
       00 12 00 39 
       19 04 BC 00 
       61 00 19 04 
       FA 00 38 00 
       19 55 FE 00 
       54 00 12 00 
       10 19 04 49 
       00 B1 00 19 
       04 4D 00 78 
       00 19 55 60 
       00 91 00 12 
       00 24 19 04 
       4C 00 5F 00 
       19 04 9B 00 
       36 00 19 55 
       A2 00 2F 00 
       12 00 39 19 
       04 B1 00 41 
       00 19 04 A2 
       00 2F 00 19 
       55 E5 00 2B 
       00 12 00 14 
       19 04 BC 00 
       77 00 19 04 
       BC 00 61 00 
       19 55 FE 00 
       54 00 12 00 
       39 19 04 BC 
       00 61 00 19 
       04 B1 00 41 
       00 19 55 FA 
       00 38 00 12 
       00 14 19 04 
       79 00 9A 00 
       19 04 BC 00 
       61 00 19 55 
       BC 00 77 00 
       12 00 39 19 
       04 4D 00 78 
       00 19 04 4C 
       00 5F 00 19 
       55 A2 00 2F 
       00 12 00 14 
       19 04 79 00 
       9A 00 19 04 
       60 00 91 00 
       19 55 BC 00 
       61 00 12 00 
       39 19 04 4D 
       00 78 00 19 
       04 A2 00 2F 
       00 19 55 B1 
       00 41 00 12 
       00 39 19 04 
       60 00 91 00 
       19 04 4D 00 
       78 00 19 55 
       B1 00 41 00 
       12 00 39 19 
       04 60 00 91 
       00 19 04 B1 
       00 41 00 19 
       55 BC 00 61 
       00 41 05 10 
       12 00 24 19 
       04 BC 00 62 
       00 19 04 96 
       00 78 00 19 
       55 93 00 77 
       00 12 00 24 
       19 04 BC 00 
       62 00 19 04 
       B5 00 68 00 
       19 55 96 00 
       78 00 12 00 
       24 19 04 93 
       00 77 00 19 
       04 96 00 78 
       00 19 55 77 
       00 7E 00 12 
       00 24 19 04 
       93 00 77 00 
       19 04 77 00 
       7E 00 19 55 
       69 00 80 00 
       12 00 39 19 
       04 B5 00 68 
       00 19 04 9D 
       00 85 00 19 
       55 96 00 78 
       00 12 00 14 
       19 04 C4 00 
       88 00 19 04 
       D1 00 8E 00 
       19 55 A6 00 
       A3 00 12 00 
       14 19 04 C4 
       00 88 00 19 
       04 A6 00 A3 
       00 19 55 A4 
       00 98 00 12 
       00 14 19 04 
       A4 00 98 00 
       19 04 A6 00 
       A3 00 19 55 
       7B 00 B0 00 
       12 00 39 19 
       04 B5 00 68 
       00 19 04 B8 
       00 78 00 19 
       55 9D 00 85 
       00 12 00 00 
       19 04 EF 00 
       78 00 19 04 
       D6 00 87 00 
       19 55 D1 00 
       8E 00 12 00 
       39 19 04 96 
       00 78 00 19 
       04 9D 00 85 
       00 19 55 83 
       00 8C 00 12 
       00 39 19 04 
       B8 00 78 00 
       19 04 A4 00 
       98 00 19 55 
       9D 00 85 00 
       12 00 39 19 
       04 96 00 78 
       00 19 04 83 
       00 8C 00 19 
       55 77 00 7E 
       00 12 00 39 
       19 04 B8 00 
       78 00 19 04 
       C4 00 88 00 
       19 55 A4 00 
       98 00 12 00 
       39 19 04 9D 
       00 85 00 19 
       04 A4 00 98 
       00 19 55 85 
       00 A1 00 12 
       00 10 19 04 
       C7 00 54 00 
       19 04 B8 00 
       78 00 19 55 
       B5 00 68 00 
       12 00 14 19 
       04 A4 00 98 
       00 19 04 7B 
       00 B0 00 19 
       55 85 00 A1 
       00 12 00 00 
       19 04 D9 00 
       77 00 19 04 
       D1 00 8E 00 
       19 55 C4 00 
       88 00 12 00 
       39 19 04 9D 
       00 85 00 19 
       04 85 00 A1 
       00 19 55 83 
       00 8C 00 12 
       00 00 19 04 
       EF 00 78 00 
       19 04 FD 00 
       69 00 19 55 
       D6 00 87 00 
       12 00 00 19 
       04 C8 00 68 
       00 19 04 C4 
       00 88 00 19 
       55 B8 00 78 
       00 12 00 10 
       19 04 C7 00 
       54 00 19 04 
       C8 00 68 00 
       19 55 B8 00 
       78 00 12 00 
       00 19 04 D9 
       00 77 00 19 
       04 EF 00 78 
       00 19 55 D1 
       00 8E 00 12 
       00 00 19 04 
       7B 00 B0 00 
       19 04 6D 00 
       B0 00 19 55 
       48 00 B0 00 
       12 00 39 19 
       04 77 00 7E 
       00 19 04 83 
       00 8C 00 19 
       55 75 00 87 
       00 12 00 00 
       19 04 C8 00 
       68 00 19 04 
       D9 00 77 00 
       19 55 C4 00 
       88 00 12 00 
       10 19 04 85 
       00 A1 00 19 
       04 7B 00 B0 
       00 19 55 61 
       00 B0 00 12 
       00 24 19 04 
       83 00 8C 00 
       19 04 85 00 
       A1 00 19 55 
       74 00 9F 00 
       12 00 39 19 
       04 77 00 7E 
       00 19 04 75 
       00 87 00 19 
       55 65 00 78 
       00 12 00 24 
       19 04 83 00 
       8C 00 19 04 
       74 00 9F 00 
       19 55 75 00 
       87 00 12 00 
       00 19 04 7B 
       00 B0 00 19 
       04 48 00 B0 
       00 19 55 61 
       00 B0 00 12 
       00 39 19 04 
       F9 00 38 00 
       19 04 EA 00 
       48 00 19 55 
       FB 00 55 00 
       12 00 10 19 
       04 85 00 A1 
       00 19 04 61 
       00 B0 00 19 
       55 74 00 9F 
       00 12 00 00 
       19 04 D3 00 
       6F 00 19 04 
       EF 00 78 00 
       19 55 D9 00 
       77 00 12 00 
       24 19 04 FC 
       00 54 00 19 
       04 FB 00 55 
       00 19 55 FD 
       00 69 00 12 
       00 10 19 04 
       EB 00 6B 00 
       19 04 FD 00 
       69 00 19 55 
       EF 00 78 00 
       12 00 39 19 
       04 F9 00 38 
       00 19 04 E4 
       00 2A 00 19 
       55 EA 00 48 
       00 12 00 00 
       19 04 D3 00 
       6F 00 19 04 
       EB 00 6B 00 
       19 55 EF 00 
       78 00 12 00 
       24 19 04 FC 
       00 54 00 19 
       04 F9 00 38 
       00 19 55 FB 
       00 55 00 12 
       00 10 19 04 
       EB 00 6B 00 
       19 04 FC 00 
       54 00 19 55 
       FD 00 69 00 
       12 00 10 19 
       04 38 00 9E 
       00 19 04 3B 
       00 87 00 19 
       55 48 00 5F 
       00 12 00 00 
       19 04 74 00 
       9F 00 19 04 
       61 00 B0 00 
       19 55 73 00 
       99 00 12 00 
       00 19 04 48 
       00 B0 00 19 
       04 38 00 9E 
       00 19 55 46 
       00 78 00 12 
       00 00 19 04 
       61 00 B0 00 
       19 04 48 00 
       B0 00 19 55 
       59 00 91 00 
       12 00 00 19 
       04 74 00 9F 
       00 19 04 73 
       00 99 00 19 
       55 82 00 8E 
       00 12 00 24 
       19 04 9B 00 
       30 00 19 04 
       CC 00 31 00 
       19 55 E4 00 
       2A 00 12 00 
       10 19 04 38 
       00 9E 00 19 
       04 48 00 5F 
       00 19 55 46 
       00 78 00 12 
       00 00 19 04 
       61 00 B0 00 
       19 04 59 00 
       91 00 19 55 
       73 00 99 00 
       12 00 24 19 
       04 9B 00 30 
       00 19 04 96 
       00 36 00 19 
       55 CC 00 31 
       00 12 00 24 
       19 04 48 00 
       5F 00 19 04 
       5A 00 58 00 
       19 55 96 00 
       36 00 12 00 
       14 19 04 B4 
       00 78 00 19 
       04 FC 00 54 
       00 19 55 EB 
       00 6B 00 12 
       00 00 19 04 
       48 00 B0 00 
       19 04 46 00 
       78 00 19 55 
       59 00 91 00 
       12 00 39 19 
       04 A8 00 42 
       00 19 04 E4 
       00 2A 00 19 
       55 F9 00 38 
       00 12 00 39 
       19 04 B3 00 
       62 00 19 04 
       F9 00 38 00 
       19 55 FC 00 
       54 00 12 00 
       24 19 04 48 
       00 5F 00 19 
       04 96 00 36 
       00 19 55 9B 
       00 30 00 12 
       00 39 19 04 
       A8 00 42 00 
       19 04 9B 00 
       30 00 19 55 
       E4 00 2A 00 
       12 00 14 19 
       04 B4 00 78 
       00 19 04 B3 
       00 62 00 19 
       55 FC 00 54 
       00 12 00 39 
       19 04 46 00 
       78 00 19 04 
       48 00 5F 00 
       19 55 9B 00 
       30 00 12 00 
       14 19 04 73 
       00 99 00 19 
       04 B3 00 62 
       00 19 55 B4 
       00 78 00 12 
       00 14 19 04 
       73 00 99 00 
       19 04 59 00 
       91 00 19 55 
       B3 00 62 00 
       12 00 39 19 
       04 B3 00 62 
       00 19 04 A8 
       00 42 00 19 
       55 F9 00 38 
       00 12 00 39 
       19 04 59 00 
       91 00 19 04 
       46 00 78 00 
       19 55 A8 00 
       42 00 12 00 
       39 19 04 46 
       00 78 00 19 
       04 9B 00 30 
       00 19 55 A8 
       00 42 00 12 
       00 39 19 04 
       59 00 91 00 
       19 04 A8 00 
       42 00 19 55 
       B3 00 62 00 
       41 05 10 12 
       00 24 19 04 
       C0 00 62 00 
       19 04 9A 00 
       77 00 19 55 
       98 00 77 00 
       12 00 24 19 
       04 98 00 77 
       00 19 04 9A 
       00 77 00 19 
       55 7A 00 7E 
       00 12 00 24 
       19 04 98 00 
       77 00 19 04 
       7A 00 7E 00 
       19 55 6D 00 
       80 00 12 00 
       24 19 04 C0 
       00 62 00 19 
       04 B8 00 67 
       00 19 55 9A 
       00 77 00 12 
       00 39 19 04 
       B8 00 67 00 
       19 04 A0 00 
       85 00 19 55 
       9A 00 77 00 
       12 00 14 19 
       04 C7 00 88 
       00 19 04 D4 
       00 8E 00 19 
       55 A9 00 A3 
       00 12 00 14 
       19 04 A7 00 
       98 00 19 04 
       A9 00 A3 00 
       19 55 7D 00 
       AF 00 12 00 
       14 19 04 C7 
       00 88 00 19 
       04 A9 00 A3 
       00 19 55 A7 
       00 98 00 12 
       00 39 19 04 
       9A 00 77 00 
       19 04 A0 00 
       85 00 19 55 
       85 00 8B 00 
       12 00 39 19 
       04 B8 00 67 
       00 19 04 BB 
       00 78 00 19 
       55 A0 00 85 
       00 12 00 39 
       19 04 9A 00 
       77 00 19 04 
       85 00 8B 00 
       19 55 7A 00 
       7E 00 12 00 
       39 19 04 BB 
       00 78 00 19 
       04 A7 00 98 
       00 19 55 A0 
       00 85 00 12 
       00 39 19 04 
       A0 00 85 00 
       19 04 A7 00 
       98 00 19 55 
       86 00 A1 00 
       12 00 39 19 
       04 BB 00 78 
       00 19 04 C7 
       00 88 00 19 
       55 A7 00 98 
       00 12 00 00 
       19 04 F1 00 
       78 00 19 04 
       DB 00 87 00 
       19 55 D4 00 
       8E 00 12 00 
       14 19 04 A7 
       00 98 00 19 
       04 7D 00 AF 
       00 19 55 86 
       00 A1 00 12 
       00 39 19 04 
       A0 00 85 00 
       19 04 86 00 
       A1 00 19 55 
       85 00 8B 00 
       12 00 00 19 
       04 C8 00 54 
       00 19 04 BB 
       00 78 00 19 
       55 B8 00 67 
       00 12 00 00 
       19 04 D9 00 
       78 00 19 04 
       D4 00 8E 00 
       19 55 C7 00 
       88 00 12 00 
       00 19 04 C9 
       00 68 00 19 
       04 C7 00 88 
       00 19 55 BB 
       00 78 00 12 
       00 00 19 04 
       F1 00 78 00 
       19 04 00 01 
       6A 00 19 55 
       DB 00 87 00 
       12 00 00 19 
       04 7D 00 AF 
       00 19 04 70 
       00 AF 00 19 
       55 48 00 AE 
       00 12 00 39 
       19 04 7A 00 
       7E 00 19 04 
       85 00 8B 00 
       19 55 75 00 
       87 00 12 00 
       00 19 04 C8 
       00 54 00 19 
       04 C9 00 68 
       00 19 55 BB 
       00 78 00 12 
       00 00 19 04 
       D9 00 78 00 
       19 04 F1 00 
       78 00 19 55 
       D4 00 8E 00 
       12 00 10 19 
       04 86 00 A1 
       00 19 04 7D 
       00 AF 00 19 
       55 60 00 AF 
       00 12 00 39 
       19 04 85 00 
       8B 00 19 04 
       86 00 A1 00 
       19 55 73 00 
       9E 00 12 00 
       00 19 04 C9 
       00 68 00 19 
       04 D9 00 78 
       00 19 55 C7 
       00 88 00 12 
       00 39 19 04 
       7A 00 7E 00 
       19 04 75 00 
       87 00 19 55 
       66 00 77 00 
       12 00 39 19 
       04 85 00 8B 
       00 19 04 73 
       00 9E 00 19 
       55 75 00 87 
       00 12 00 00 
       19 04 7D 00 
       AF 00 19 04 
       48 00 AE 00 
       19 55 60 00 
       AF 00 12 00 
       10 19 04 86 
       00 A1 00 19 
       04 60 00 AF 
       00 19 55 73 
       00 9E 00 12 
       00 39 19 04 
       F6 00 38 00 
       19 04 ED 00 
       47 00 19 55 
       FE 00 55 00 
       12 00 00 19 
       04 D0 00 6F 
       00 19 04 F1 
       00 78 00 19 
       55 D9 00 78 
       00 12 00 39 
       19 04 F9 00 
       54 00 19 04 
       FE 00 55 00 
       19 55 00 01 
       6A 00 12 00 
       10 19 04 E8 
       00 6C 00 19 
       04 00 01 6A 
       00 19 55 F1 
       00 78 00 12 
       00 00 19 04 
       39 00 9D 00 
       19 04 3D 00 
       86 00 19 55 
       44 00 60 00 
       12 00 00 19 
       04 D0 00 6F 
       00 19 04 E8 
       00 6C 00 19 
       55 F1 00 78 
       00 12 00 39 
       19 04 F6 00 
       38 00 19 04 
       E2 00 2A 00 
       19 55 ED 00 
       47 00 12 00 
       00 19 04 73 
       00 9E 00 19 
       04 60 00 AF 
       00 19 55 6D 
       00 99 00 12 
       00 00 19 04 
       48 00 AE 00 
       19 04 39 00 
       9D 00 19 55 
       41 00 78 00 
       12 00 10 19 
       04 E8 00 6C 
       00 19 04 F9 
       00 54 00 19 
       55 00 01 6A 
       00 12 00 39 
       19 04 F9 00 
       54 00 19 04 
       F6 00 38 00 
       19 55 FE 00 
       55 00 12 00 
       00 19 04 60 
       00 AF 00 19 
       04 48 00 AE 
       00 19 55 53 
       00 91 00 12 
       00 00 19 04 
       73 00 9E 00 
       19 04 6D 00 
       99 00 19 55 
       7E 00 8E 00 
       12 00 00 19 
       04 39 00 9D 
       00 19 04 44 
       00 60 00 19 
       55 41 00 78 
       00 12 00 00 
       19 04 60 00 
       AF 00 19 04 
       53 00 91 00 
       19 55 6D 00 
       99 00 12 00 
       24 19 04 93 
       00 30 00 19 
       04 CB 00 31 
       00 19 55 E2 
       00 2A 00 12 
       00 24 19 04 
       44 00 60 00 
       19 04 58 00 
       58 00 19 55 
       91 00 37 00 
       12 00 00 19 
       04 48 00 AE 
       00 19 04 41 
       00 78 00 19 
       55 53 00 91 
       00 12 00 24 
       19 04 93 00 
       30 00 19 04 
       91 00 37 00 
       19 55 CB 00 
       31 00 12 00 
       14 19 04 AD 
       00 79 00 19 
       04 F9 00 54 
       00 19 55 E8 
       00 6C 00 12 
       00 24 19 04 
       44 00 60 00 
       19 04 91 00 
       37 00 19 55 
       93 00 30 00 
       12 00 39 19 
       04 9E 00 42 
       00 19 04 E2 
       00 2A 00 19 
       55 F6 00 38 
       00 12 00 39 
       19 04 A9 00 
       63 00 19 04 
       F6 00 38 00 
       19 55 F9 00 
       54 00 12 00 
       39 19 04 41 
       00 78 00 19 
       04 44 00 60 
       00 19 55 93 
       00 30 00 12 
       00 39 19 04 
       9E 00 42 00 
       19 04 93 00 
       30 00 19 55 
       E2 00 2A 00 
       12 00 14 19 
       04 AD 00 79 
       00 19 04 A9 
       00 63 00 19 
       55 F9 00 54 
       00 12 00 14 
       19 04 6D 00 
       99 00 19 04 
       53 00 91 00 
       19 55 A9 00 
       63 00 12 00 
       14 19 04 6D 
       00 99 00 19 
       04 A9 00 63 
       00 19 55 AD 
       00 79 00 12 
       00 39 19 04 
       53 00 91 00 
       19 04 41 00 
       78 00 19 55 
       9E 00 42 00 
       12 00 39 19 
       04 A9 00 63 
       00 19 04 9E 
       00 42 00 19 
       55 F6 00 38 
       00 12 00 39 
       19 04 41 00 
       78 00 19 04 
       93 00 30 00 
       19 55 9E 00 
       42 00 12 00 
       39 19 04 53 
       00 91 00 19 
       04 9E 00 42 
       00 19 55 A9 
       00 63 00 41 
       05 10 12 00 
       14 19 04 C4 
       00 62 00 19 
       04 9D 00 77 
       00 19 55 9C 
       00 77 00 12 
       00 24 19 04 
       9C 00 77 00 
       19 04 9D 00 
       77 00 19 55 
       7C 00 7E 00 
       12 00 24 19 
       04 9C 00 77 
       00 19 04 7C 
       00 7E 00 19 
       55 71 00 80 
       00 12 00 14 
       19 04 C4 00 
       62 00 19 04 
       BB 00 67 00 
       19 55 9D 00 
       77 00 12 00 
       39 19 04 BB 
       00 67 00 19 
       04 A3 00 85 
       00 19 55 9D 
       00 77 00 12 
       00 24 19 04 
       A9 00 98 00 
       19 04 AD 00 
       A3 00 19 55 
       80 00 AF 00 
       12 00 14 19 
       04 C9 00 88 
       00 19 04 AD 
       00 A3 00 19 
       55 A9 00 98 
       00 12 00 14 
       19 04 C9 00 
       88 00 19 04 
       D8 00 8F 00 
       19 55 AD 00 
       A3 00 12 00 
       39 19 04 9D 
       00 77 00 19 
       04 A3 00 85 
       00 19 55 86 
       00 8B 00 12 
       00 39 19 04 
       9D 00 77 00 
       19 04 86 00 
       8B 00 19 55 
       7C 00 7E 00 
       12 00 39 19 
       04 BB 00 67 
       00 19 04 BD 
       00 78 00 19 
       55 A3 00 85 
       00 12 00 39 
       19 04 BD 00 
       78 00 19 04 
       A9 00 98 00 
       19 55 A3 00 
       85 00 12 00 
       39 19 04 A3 
       00 85 00 19 
       04 A9 00 98 
       00 19 55 88 
       00 A0 00 12 
       00 24 19 04 
       A9 00 98 00 
       19 04 80 00 
       AF 00 19 55 
       88 00 A0 00 
       12 00 39 19 
       04 BD 00 78 
       00 19 04 C9 
       00 88 00 19 
       55 A9 00 98 
       00 12 00 39 
       19 04 A3 00 
       85 00 19 04 
       88 00 A0 00 
       19 55 86 00 
       8B 00 12 00 
       00 19 04 F2 
       00 78 00 19 
       04 DF 00 87 
       00 19 55 D8 
       00 8F 00 12 
       00 00 19 04 
       CA 00 54 00 
       19 04 BD 00 
       78 00 19 55 
       BB 00 67 00 
       12 00 00 19 
       04 80 00 AF 
       00 19 04 74 
       00 AE 00 19 
       55 49 00 AD 
       00 12 00 39 
       19 04 7C 00 
       7E 00 19 04 
       86 00 8B 00 
       19 55 75 00 
       87 00 12 00 
       00 19 04 DA 
       00 78 00 19 
       04 D8 00 8F 
       00 19 55 C9 
       00 88 00 12 
       00 00 19 04 
       CA 00 68 00 
       19 04 C9 00 
       88 00 19 55 
       BD 00 78 00 
       12 00 14 19 
       04 88 00 A0 
       00 19 04 80 
       00 AF 00 19 
       55 60 00 AE 
       00 12 00 00 
       19 04 F2 00 
       78 00 19 04 
       02 01 69 00 
       19 55 DF 00 
       87 00 12 00 
       39 19 04 86 
       00 8B 00 19 
       04 88 00 A0 
       00 19 55 73 
       00 9E 00 12 
       00 39 19 04 
       7C 00 7E 00 
       19 04 75 00 
       87 00 19 55 
       67 00 77 00 
       12 00 00 19 
       04 CA 00 54 
       00 19 04 CA 
       00 68 00 19 
       55 BD 00 78 
       00 12 00 00 
       19 04 DA 00 
       78 00 19 04 
       F2 00 78 00 
       19 55 D8 00 
       8F 00 12 00 
       00 19 04 CA 
       00 68 00 19 
       04 DA 00 78 
       00 19 55 C9 
       00 88 00 12 
       00 39 19 04 
       86 00 8B 00 
       19 04 73 00 
       9E 00 19 55 
       75 00 87 00 
       12 00 00 19 
       04 80 00 AF 
       00 19 04 49 
       00 AD 00 19 
       55 60 00 AE 
       00 12 00 14 
       19 04 88 00 
       A0 00 19 04 
       60 00 AE 00 
       19 55 73 00 
       9E 00 12 00 
       39 19 04 F2 
       00 37 00 19 
       04 F0 00 46 
       00 19 55 01 
       01 54 00 12 
       00 00 19 04 
       CE 00 6F 00 
       19 04 F2 00 
       78 00 19 55 
       DA 00 78 00 
       12 00 00 19 
       04 3B 00 9C 
       00 19 04 3F 
       00 85 00 19 
       55 40 00 60 
       00 12 00 39 
       19 04 F4 00 
       54 00 19 04 
       01 01 54 00 
       19 55 02 01 
       69 00 12 00 
       14 19 04 E4 
       00 6C 00 19 
       04 02 01 69 
       00 19 55 F2 
       00 78 00 12 
       00 00 19 04 
       73 00 9E 00 
       19 04 60 00 
       AE 00 19 55 
       68 00 99 00 
       12 00 00 19 
       04 49 00 AD 
       00 19 04 3B 
       00 9C 00 19 
       55 3C 00 78 
       00 12 00 00 
       19 04 60 00 
       AE 00 19 04 
       49 00 AD 00 
       19 55 4D 00 
       90 00 12 00 
       00 19 04 CE 
       00 6F 00 19 
       04 E4 00 6C 
       00 19 55 F2 
       00 78 00 12 
       00 39 19 04 
       F2 00 37 00 
       19 04 DE 00 
       29 00 19 55 
       F0 00 46 00 
       12 00 00 19 
       04 73 00 9E 
       00 19 04 68 
       00 99 00 19 
       55 7A 00 8D 
       00 12 00 14 
       19 04 E4 00 
       6C 00 19 04 
       F4 00 54 00 
       19 55 02 01 
       69 00 12 00 
       39 19 04 F4 
       00 54 00 19 
       04 F2 00 37 
       00 19 55 01 
       01 54 00 12 
       00 00 19 04 
       3B 00 9C 00 
       19 04 40 00 
       60 00 19 55 
       3C 00 78 00 
       12 00 00 19 
       04 60 00 AE 
       00 19 04 4D 
       00 90 00 19 
       55 68 00 99 
       00 12 00 00 
       19 04 49 00 
       AD 00 19 04 
       3C 00 78 00 
       19 55 4D 00 
       90 00 12 00 
       14 19 04 40 
       00 60 00 19 
       04 55 00 59 
       00 19 55 8C 
       00 37 00 12 
       00 24 19 04 
       8B 00 31 00 
       19 04 C8 00 
       30 00 19 55 
       DE 00 29 00 
       12 00 24 19 
       04 8B 00 31 
       00 19 04 8C 
       00 37 00 19 
       55 C8 00 30 
       00 12 00 14 
       19 04 40 00 
       60 00 19 04 
       8C 00 37 00 
       19 55 8B 00 
       31 00 12 00 
       24 19 04 A5 
       00 79 00 19 
       04 F4 00 54 
       00 19 55 E4 
       00 6C 00 12 
       00 39 19 04 
       3C 00 78 00 
       19 04 40 00 
       60 00 19 55 
       8B 00 31 00 
       12 00 39 19 
       04 93 00 43 
       00 19 04 DE 
       00 29 00 19 
       55 F2 00 37 
       00 12 00 39 
       19 04 9F 00 
       63 00 19 04 
       F2 00 37 00 
       19 55 F4 00 
       54 00 12 00 
       14 19 04 68 
       00 99 00 19 
       04 4D 00 90 
       00 19 55 9F 
       00 63 00 12 
       00 39 19 04 
       93 00 43 00 
       19 04 8B 00 
       31 00 19 55 
       DE 00 29 00 
       12 00 14 19 
       04 68 00 99 
       00 19 04 9F 
       00 63 00 19 
       55 A5 00 79 
       00 12 00 39 
       19 04 4D 00 
       90 00 19 04 
       3C 00 78 00 
       19 55 93 00 
       43 00 12 00 
       24 19 04 A5 
       00 79 00 19 
       04 9F 00 63 
       00 19 55 F4 
       00 54 00 12 
       00 39 19 04 
       3C 00 78 00 
       19 04 8B 00 
       31 00 19 55 
       93 00 43 00 
       12 00 39 19 
       04 9F 00 63 
       00 19 04 93 
       00 43 00 19 
       55 F2 00 37 
       00 12 00 39 
       19 04 4D 00 
       90 00 19 04 
       93 00 43 00 
       19 55 9F 00 
       63 00 41 05 
       10 12 00 14 
       19 04 C8 00 
       62 00 19 04 
       A0 00 77 00 
       19 55 A1 00 
       77 00 12 00 
       24 19 04 A1 
       00 77 00 19 
       04 7F 00 7E 
       00 19 55 75 
       00 80 00 12 
       00 24 19 04 
       A1 00 77 00 
       19 04 A0 00 
       77 00 19 55 
       7F 00 7E 00 
       12 00 14 19 
       04 C8 00 62 
       00 19 04 BE 
       00 67 00 19 
       55 A0 00 77 
       00 12 00 24 
       19 04 BE 00 
       67 00 19 04 
       A5 00 85 00 
       19 55 A0 00 
       77 00 12 00 
       24 19 04 AC 
       00 98 00 19 
       04 B0 00 A3 
       00 19 55 82 
       00 AF 00 12 
       00 39 19 04 
       A0 00 77 00 
       19 04 88 00 
       8B 00 19 55 
       7F 00 7E 00 
       12 00 39 19 
       04 A0 00 77 
       00 19 04 A5 
       00 85 00 19 
       55 88 00 8B 
       00 12 00 10 
       19 04 CB 00 
       89 00 19 04 
       B0 00 A3 00 
       19 55 AC 00 
       98 00 12 00 
       10 19 04 CB 
       00 89 00 19 
       04 DB 00 8F 
       00 19 55 B0 
       00 A3 00 12 
       00 24 19 04 
       BE 00 67 00 
       19 04 BF 00 
       78 00 19 55 
       A5 00 85 00 
       12 00 24 19 
       04 BF 00 78 
       00 19 04 AC 
       00 98 00 19 
       55 A5 00 85 
       00 12 00 39 
       19 04 A5 00 
       85 00 19 04 
       AC 00 98 00 
       19 55 8A 00 
       A0 00 12 00 
       24 19 04 AC 
       00 98 00 19 
       04 82 00 AF 
       00 19 55 8A 
       00 A0 00 12 
       00 39 19 04 
       A5 00 85 00 
       19 04 8A 00 
       A0 00 19 55 
       88 00 8B 00 
       12 00 24 19 
       04 BF 00 78 
       00 19 04 CB 
       00 89 00 19 
       55 AC 00 98 
       00 12 00 00 
       19 04 82 00 
       AF 00 19 04 
       78 00 AE 00 
       19 55 4A 00 
       AC 00 12 00 
       00 19 04 F3 
       00 78 00 19 
       04 E4 00 87 
       00 19 55 DB 
       00 8F 00 12 
       00 00 19 04 
       CA 00 53 00 
       19 04 BF 00 
       78 00 19 55 
       BE 00 67 00 
       12 00 39 19 
       04 7F 00 7E 
       00 19 04 88 
       00 8B 00 19 
       55 75 00 87 
       00 12 00 14 
       19 04 8A 00 
       A0 00 19 04 
       82 00 AF 00 
       19 55 60 00 
       AD 00 12 00 
       00 19 04 DA 
       00 78 00 19 
       04 DB 00 8F 
       00 19 55 CB 
       00 89 00 12 
       00 00 19 04 
       CA 00 68 00 
       19 04 CB 00 
       89 00 19 55 
       BF 00 78 00 
       12 00 39 19 
       04 7F 00 7E 
       00 19 04 75 
       00 87 00 19 
       55 68 00 77 
       00 12 00 39 
       19 04 88 00 
       8B 00 19 04 
       8A 00 A0 00 
       19 55 73 00 
       9D 00 12 00 
       00 19 04 CA 
       00 53 00 19 
       04 CA 00 68 
       00 19 55 BF 
       00 78 00 12 
       00 00 19 04 
       F3 00 78 00 
       19 04 04 01 
       69 00 19 55 
       E4 00 87 00 
       12 00 39 19 
       04 88 00 8B 
       00 19 04 73 
       00 9D 00 19 
       55 75 00 87 
       00 12 00 00 
       19 04 82 00 
       AF 00 19 04 
       4A 00 AC 00 
       19 55 60 00 
       AD 00 12 00 
       00 19 04 CA 
       00 68 00 19 
       04 DA 00 78 
       00 19 55 CB 
       00 89 00 12 
       00 00 19 04 
       DA 00 78 00 
       19 04 F3 00 
       78 00 19 55 
       DB 00 8F 00 
       12 00 14 19 
       04 8A 00 A0 
       00 19 04 60 
       00 AD 00 19 
       55 73 00 9D 
       00 12 00 00 
       19 04 3E 00 
       9B 00 19 04 
       42 00 85 00 
       19 55 3E 00 
       61 00 12 00 
       00 19 04 CB 
       00 6F 00 19 
       04 F3 00 78 
       00 19 55 DA 
       00 78 00 12 
       00 39 19 04 
       ED 00 35 00 
       19 04 F2 00 
       45 00 19 55 
       03 01 53 00 
       12 00 00 19 
       04 4A 00 AC 
       00 19 04 3E 
       00 9B 00 19 
       55 38 00 78 
       00 12 00 00 
       19 04 73 00 
       9D 00 19 04 
       60 00 AD 00 
       19 55 64 00 
       98 00 12 00 
       14 19 04 E0 
       00 6B 00 19 
       04 04 01 69 
       00 19 55 F3 
       00 78 00 12 
       00 39 19 04 
       F0 00 53 00 
       19 04 03 01 
       53 00 19 55 
       04 01 69 00 
       12 00 00 19 
       04 60 00 AD 
       00 19 04 4A 
       00 AC 00 19 
       55 48 00 90 
       00 12 00 00 
       19 04 73 00 
       9D 00 19 04 
       64 00 98 00 
       19 55 77 00 
       8D 00 12 00 
       00 19 04 CB 
       00 6F 00 19 
       04 E0 00 6B 
       00 19 55 F3 
       00 78 00 12 
       00 00 19 04 
       3E 00 9B 00 
       19 04 3E 00 
       61 00 19 55 
       38 00 78 00 
       12 00 39 19 
       04 ED 00 35 
       00 19 04 DA 
       00 27 00 19 
       55 F2 00 45 
       00 12 00 00 
       19 04 60 00 
       AD 00 19 04 
       48 00 90 00 
       19 55 64 00 
       98 00 12 00 
       00 19 04 4A 
       00 AC 00 19 
       04 38 00 78 
       00 19 55 48 
       00 90 00 12 
       00 14 19 04 
       E0 00 6B 00 
       19 04 F0 00 
       53 00 19 55 
       04 01 69 00 
       12 00 39 19 
       04 F0 00 53 
       00 19 04 ED 
       00 35 00 19 
       55 03 01 53 
       00 12 00 14 
       19 04 3E 00 
       61 00 19 04 
       53 00 5A 00 
       19 55 87 00 
       37 00 12 00 
       24 19 04 83 
       00 31 00 19 
       04 C5 00 30 
       00 19 55 DA 
       00 27 00 12 
       00 24 19 04 
       83 00 31 00 
       19 04 87 00 
       37 00 19 55 
       C5 00 30 00 
       12 00 14 19 
       04 3E 00 61 
       00 19 04 87 
       00 37 00 19 
       55 83 00 31 
       00 12 00 24 
       19 04 38 00 
       78 00 19 04 
       3E 00 61 00 
       19 55 83 00 
       31 00 12 00 
       24 19 04 9D 
       00 78 00 19 
       04 F0 00 53 
       00 19 55 E0 
       00 6B 00 12 
       00 39 19 04 
       89 00 42 00 
       19 04 DA 00 
       27 00 19 55 
       ED 00 35 00 
       12 00 10 19 
       04 64 00 98 
       00 19 04 48 
       00 90 00 19 
       55 95 00 62 
       00 12 00 24 
       19 04 48 00 
       90 00 19 04 
       38 00 78 00 
       19 55 89 00 
       42 00 12 00 
       39 19 04 89 
       00 42 00 19 
       04 83 00 31 
       00 19 55 DA 
       00 27 00 12 
       00 10 19 04 
       64 00 98 00 
       19 04 95 00 
       62 00 19 55 
       9D 00 78 00 
       12 00 39 19 
       04 95 00 62 
       00 19 04 ED 
       00 35 00 19 
       55 F0 00 53 
       00 12 00 24 
       19 04 38 00 
       78 00 19 04 
       83 00 31 00 
       19 55 89 00 
       42 00 12 00 
       24 19 04 9D 
       00 78 00 19 
       04 95 00 62 
       00 19 55 F0 
       00 53 00 12 
       00 24 19 04 
       48 00 90 00 
       19 04 89 00 
       42 00 19 55 
       95 00 62 00 
       12 00 39 19 
       04 95 00 62 
       00 19 04 89 
       00 42 00 19 
       55 ED 00 35 
       00 41 05 10 
       12 00 00 19 
       04 B4 00 A3 
       00 19 04 B4 
       00 A1 00 19 
       55 7C 00 AE 
       00 12 00 00 
       19 04 DE 00 
       8F 00 19 04 
       B4 00 A1 00 
       19 55 B4 00 
       A3 00 12 00 
       00 19 04 DE 
       00 8F 00 19 
       04 E8 00 87 
       00 19 55 B4 
       00 A1 00 12 
       00 00 19 04 
       B4 00 A3 00 
       19 04 7C 00 
       AE 00 19 55 
       85 00 AF 00 
       12 00 24 19 
       04 C0 00 67 
       00 19 04 A8 
       00 85 00 19 
       55 A4 00 78 
       00 12 00 24 
       19 04 AF 00 
       98 00 19 04 
       B4 00 A3 00 
       19 55 85 00 
       AF 00 12 00 
       39 19 04 A4 
       00 78 00 19 
       04 8B 00 8C 
       00 19 55 82 
       00 7E 00 12 
       00 39 19 04 
       A4 00 78 00 
       19 04 A8 00 
       85 00 19 55 
       8B 00 8C 00 
       12 00 10 19 
       04 CE 00 89 
       00 19 04 B4 
       00 A3 00 19 
       55 AF 00 98 
       00 12 00 10 
       19 04 CE 00 
       89 00 19 04 
       DE 00 8F 00 
       19 55 B4 00 
       A3 00 12 00 
       39 19 04 A8 
       00 85 00 19 
       04 AF 00 98 
       00 19 55 8C 
       00 A0 00 12 
       00 24 19 04 
       AF 00 98 00 
       19 04 85 00 
       AF 00 19 55 
       8C 00 A0 00 
       12 00 24 19 
       04 C1 00 78 
       00 19 04 AF 
       00 98 00 19 
       55 A8 00 85 
       00 12 00 24 
       19 04 C0 00 
       67 00 19 04 
       C1 00 78 00 
       19 55 A8 00 
       85 00 12 00 
       39 19 04 A8 
       00 85 00 19 
       04 8C 00 A0 
       00 19 55 8B 
       00 8C 00 12 
       00 00 19 04 
       85 00 AF 00 
       19 04 7C 00 
       AE 00 19 55 
       4C 00 AC 00 
       12 00 24 19 
       04 C1 00 78 
       00 19 04 CE 
       00 89 00 19 
       55 AF 00 98 
       00 12 00 39 
       19 04 82 00 
       7E 00 19 04 
       8B 00 8C 00 
       19 55 76 00 
       87 00 12 00 
       00 19 04 CB 
       00 53 00 19 
       04 C1 00 78 
       00 19 55 C0 
       00 67 00 12 
       00 14 19 04 
       8C 00 A0 00 
       19 04 85 00 
       AF 00 19 55 
       61 00 AD 00 
       12 00 39 19 
       04 82 00 7E 
       00 19 04 76 
       00 87 00 19 
       55 69 00 78 
       00 12 00 00 
       19 04 F3 00 
       78 00 19 04 
       E8 00 87 00 
       19 55 DE 00 
       8F 00 12 00 
       39 19 04 8B 
       00 8C 00 19 
       04 8C 00 A0 
       00 19 55 73 
       00 9D 00 12 
       00 00 19 04 
       CA 00 68 00 
       19 04 CE 00 
       89 00 19 55 
       C1 00 78 00 
       12 00 00 19 
       04 DA 00 77 
       00 19 04 DE 
       00 8F 00 19 
       55 CE 00 89 
       00 12 00 00 
       19 04 85 00 
       AF 00 19 04 
       4C 00 AC 00 
       19 55 61 00 
       AD 00 12 00 
       39 19 04 8B 
       00 8C 00 19 
       04 73 00 9D 
       00 19 55 76 
       00 87 00 12 
       00 00 19 04 
       CB 00 53 00 
       19 04 CA 00 
       68 00 19 55 
       C1 00 78 00 
       12 00 14 19 
       04 8C 00 A0 
       00 19 04 61 
       00 AD 00 19 
       55 73 00 9D 
       00 12 00 00 
       19 04 F3 00 
       78 00 19 04 
       05 01 68 00 
       19 55 E8 00 
       87 00 12 00 
       00 19 04 CA 
       00 68 00 19 
       04 DA 00 77 
       00 19 55 CE 
       00 89 00 12 
       00 00 19 04 
       DA 00 77 00 
       19 04 F3 00 
       78 00 19 55 
       DE 00 8F 00 
       12 00 00 19 
       04 40 00 9B 
       00 19 04 44 
       00 86 00 19 
       55 3B 00 62 
       00 12 00 00 
       19 04 4C 00 
       AC 00 19 04 
       40 00 9B 00 
       19 55 35 00 
       78 00 12 00 
       00 19 04 73 
       00 9D 00 19 
       04 61 00 AD 
       00 19 55 60 
       00 98 00 12 
       00 00 19 04 
       61 00 AD 00 
       19 04 4C 00 
       AC 00 19 55 
       44 00 8F 00 
       12 00 00 19 
       04 C7 00 6E 
       00 19 04 F3 
       00 78 00 19 
       55 DA 00 77 
       00 12 00 39 
       19 04 E7 00 
       33 00 19 04 
       F3 00 44 00 
       19 55 04 01 
       52 00 12 00 
       14 19 04 DC 
       00 6A 00 19 
       04 05 01 68 
       00 19 55 F3 
       00 78 00 12 
       00 00 19 04 
       73 00 9D 00 
       19 04 60 00 
       98 00 19 55 
       74 00 8D 00 
       12 00 00 19 
       04 40 00 9B 
       00 19 04 3B 
       00 62 00 19 
       55 35 00 78 
       00 12 00 39 
       19 04 EA 00 
       51 00 19 04 
       04 01 52 00 
       19 55 05 01 
       68 00 12 00 
       00 19 04 61 
       00 AD 00 19 
       04 44 00 8F 
       00 19 55 60 
       00 98 00 12 
       00 00 19 04 
       4C 00 AC 00 
       19 04 35 00 
       78 00 19 55 
       44 00 8F 00 
       12 00 00 19 
       04 C7 00 6E 
       00 19 04 DC 
       00 6A 00 19 
       55 F3 00 78 
       00 12 00 39 
       19 04 E7 00 
       33 00 19 04 
       D5 00 25 00 
       19 55 F3 00 
       44 00 12 00 
       14 19 04 DC 
       00 6A 00 19 
       04 EA 00 51 
       00 19 55 05 
       01 68 00 12 
       00 39 19 04 
       EA 00 51 00 
       19 04 E7 00 
       33 00 19 55 
       04 01 52 00 
       12 00 00 19 
       04 99 00 77 
       00 19 04 DC 
       00 6A 00 19 
       55 C7 00 6E 
       00 12 00 00 
       19 04 74 00 
       8D 00 19 04 
       60 00 98 00 
       19 55 96 00 
       78 00 12 00 
       00 19 04 74 
       00 8D 00 19 
       04 96 00 78 
       00 19 55 99 
       00 77 00 12 
       00 24 19 04 
       35 00 78 00 
       19 04 3B 00 
       62 00 19 55 
       7C 00 31 00 
       12 00 00 19 
       04 99 00 77 
       00 19 04 96 
       00 78 00 19 
       55 DC 00 6A 
       00 12 00 10 
       19 04 60 00 
       98 00 19 04 
       44 00 8F 00 
       19 55 8B 00 
       61 00 12 00 
       24 19 04 96 
       00 78 00 19 
       04 EA 00 51 
       00 19 55 DC 
       00 6A 00 12 
       00 24 19 04 
       44 00 8F 00 
       19 04 35 00 
       78 00 19 55 
       7F 00 42 00 
       12 00 39 19 
       04 7F 00 42 
       00 19 04 D5 
       00 25 00 19 
       55 E7 00 33 
       00 12 00 10 
       19 04 60 00 
       98 00 19 04 
       8B 00 61 00 
       19 55 96 00 
       78 00 12 00 
       39 19 04 7F 
       00 42 00 19 
       04 7C 00 31 
       00 19 55 D5 
       00 25 00 12 
       00 24 19 04 
       35 00 78 00 
       19 04 7C 00 
       31 00 19 55 
       7F 00 42 00 
       12 00 39 19 
       04 8B 00 61 
       00 19 04 E7 
       00 33 00 19 
       55 EA 00 51 
       00 12 00 24 
       19 04 96 00 
       78 00 19 04 
       8B 00 61 00 
       19 55 EA 00 
       51 00 12 00 
       24 19 04 44 
       00 8F 00 19 
       04 7F 00 42 
       00 19 55 8B 
       00 61 00 12 
       00 39 19 04 
       8B 00 61 00 
       19 04 7F 00 
       42 00 19 55 
       E7 00 33 00 
       41 05 10 12 
       00 00 19 04 
       B8 00 A4 00 
       19 04 B9 00 
       A1 00 19 55 
       80 00 AF 00 
       12 00 00 19 
       04 E1 00 8F 
       00 19 04 B9 
       00 A1 00 19 
       55 B8 00 A4 
       00 12 00 00 
       19 04 B8 00 
       A4 00 19 04 
       80 00 AF 00 
       19 55 88 00 
       AF 00 12 00 
       00 19 04 E1 
       00 8F 00 19 
       04 EC 00 88 
       00 19 55 B9 
       00 A1 00 12 
       00 39 19 04 
       A7 00 78 00 
       19 04 8D 00 
       8C 00 19 55 
       85 00 7F 00 
       12 00 24 19 
       04 B2 00 99 
       00 19 04 B8 
       00 A4 00 19 
       55 88 00 AF 
       00 12 00 24 
       19 04 C3 00 
       67 00 19 04 
       AA 00 86 00 
       19 55 A7 00 
       78 00 12 00 
       39 19 04 A7 
       00 78 00 19 
       04 AA 00 86 
       00 19 55 8D 
       00 8C 00 12 
       00 10 19 04 
       D0 00 89 00 
       19 04 B8 00 
       A4 00 19 55 
       B2 00 99 00 
       12 00 24 19 
       04 B2 00 99 
       00 19 04 88 
       00 AF 00 19 
       55 8E 00 A1 
       00 12 00 39 
       19 04 AA 00 
       86 00 19 04 
       B2 00 99 00 
       19 55 8E 00 
       A1 00 12 00 
       00 19 04 88 
       00 AF 00 19 
       04 80 00 AF 
       00 19 55 4E 
       00 AB 00 12 
       00 39 19 04 
       AA 00 86 00 
       19 04 8E 00 
       A1 00 19 55 
       8D 00 8C 00 
       12 00 24 19 
       04 C3 00 78 
       00 19 04 B2 
       00 99 00 19 
       55 AA 00 86 
       00 12 00 24 
       19 04 C3 00 
       67 00 19 04 
       C3 00 78 00 
       19 55 AA 00 
       86 00 12 00 
       10 19 04 D0 
       00 89 00 19 
       04 E1 00 8F 
       00 19 55 B8 
       00 A4 00 12 
       00 39 19 04 
       85 00 7F 00 
       19 04 8D 00 
       8C 00 19 55 
       77 00 87 00 
       12 00 24 19 
       04 C3 00 78 
       00 19 04 D0 
       00 89 00 19 
       55 B2 00 99 
       00 12 00 39 
       19 04 85 00 
       7F 00 19 04 
       77 00 87 00 
       19 55 6B 00 
       78 00 12 00 
       14 19 04 8E 
       00 A1 00 19 
       04 88 00 AF 
       00 19 55 62 
       00 AD 00 12 
       00 00 19 04 
       CB 00 52 00 
       19 04 C3 00 
       78 00 19 55 
       C3 00 67 00 
       12 00 39 19 
       04 8D 00 8C 
       00 19 04 8E 
       00 A1 00 19 
       55 73 00 9D 
       00 12 00 00 
       19 04 F3 00 
       76 00 19 04 
       EC 00 88 00 
       19 55 E1 00 
       8F 00 12 00 
       00 19 04 88 
       00 AF 00 19 
       04 4E 00 AB 
       00 19 55 62 
       00 AD 00 12 
       00 39 19 04 
       8D 00 8C 00 
       19 04 73 00 
       9D 00 19 55 
       77 00 87 00 
       12 00 00 19 
       04 CA 00 67 
       00 19 04 D0 
       00 89 00 19 
       55 C3 00 78 
       00 12 00 00 
       19 04 DA 00 
       77 00 19 04 
       E1 00 8F 00 
       19 55 D0 00 
       89 00 12 00 
       14 19 04 8E 
       00 A1 00 19 
       04 62 00 AD 
       00 19 55 73 
       00 9D 00 12 
       00 00 19 04 
       CB 00 52 00 
       19 04 CA 00 
       67 00 19 55 
       C3 00 78 00 
       12 00 00 19 
       04 CA 00 67 
       00 19 04 DA 
       00 77 00 19 
       55 D0 00 89 
       00 12 00 00 
       19 04 43 00 
       9B 00 19 04 
       48 00 86 00 
       19 55 3A 00 
       62 00 12 00 
       00 19 04 F3 
       00 76 00 19 
       04 06 01 66 
       00 19 55 EC 
       00 88 00 12 
       00 00 19 04 
       DA 00 77 00 
       19 04 F3 00 
       76 00 19 55 
       E1 00 8F 00 
       12 00 00 19 
       04 4E 00 AB 
       00 19 04 43 
       00 9B 00 19 
       55 32 00 78 
       00 12 00 00 
       19 04 73 00 
       9D 00 19 04 
       62 00 AD 00 
       19 55 5C 00 
       97 00 12 00 
       00 19 04 62 
       00 AD 00 19 
       04 4E 00 AB 
       00 19 55 41 
       00 8E 00 12 
       00 00 19 04 
       43 00 9B 00 
       19 04 3A 00 
       62 00 19 55 
       32 00 78 00 
       12 00 00 19 
       04 C4 00 6D 
       00 19 04 F3 
       00 76 00 19 
       55 DA 00 77 
       00 12 00 00 
       19 04 73 00 
       9D 00 19 04 
       5C 00 97 00 
       19 55 72 00 
       8C 00 12 00 
       39 19 04 E0 
       00 30 00 19 
       04 F4 00 42 
       00 19 55 05 
       01 50 00 12 
       00 00 19 04 
       4E 00 AB 00 
       19 04 32 00 
       78 00 19 55 
       41 00 8E 00 
       12 00 14 19 
       04 D6 00 68 
       00 19 04 06 
       01 66 00 19 
       55 F3 00 76 
       00 12 00 00 
       19 04 62 00 
       AD 00 19 04 
       41 00 8E 00 
       19 55 5C 00 
       97 00 12 00 
       39 19 04 E3 
       00 4E 00 19 
       04 05 01 50 
       00 19 55 06 
       01 66 00 12 
       00 00 19 04 
       C4 00 6D 00 
       19 04 D6 00 
       68 00 19 55 
       F3 00 76 00 
       12 00 39 19 
       04 E0 00 30 
       00 19 04 D0 
       00 23 00 19 
       55 F4 00 42 
       00 12 00 00 
       19 04 72 00 
       8C 00 19 04 
       5C 00 97 00 
       19 55 8E 00 
       76 00 12 00 
       14 19 04 D6 
       00 68 00 19 
       04 E3 00 4E 
       00 19 55 06 
       01 66 00 12 
       00 39 19 04 
       E3 00 4E 00 
       19 04 E0 00 
       30 00 19 55 
       05 01 50 00 
       12 00 00 19 
       04 94 00 76 
       00 19 04 D6 
       00 68 00 19 
       55 C4 00 6D 
       00 12 00 24 
       19 04 32 00 
       78 00 19 04 
       3A 00 62 00 
       19 55 74 00 
       31 00 12 00 
       00 19 04 72 
       00 8C 00 19 
       04 8E 00 76 
       00 19 55 94 
       00 76 00 12 
       00 00 19 04 
       94 00 76 00 
       19 04 8E 00 
       76 00 19 55 
       D6 00 68 00 
       12 00 10 19 
       04 5C 00 97 
       00 19 04 41 
       00 8E 00 19 
       55 81 00 60 
       00 12 00 24 
       19 04 41 00 
       8E 00 19 04 
       32 00 78 00 
       19 55 75 00 
       41 00 12 00 
       24 19 04 32 
       00 78 00 19 
       04 74 00 31 
       00 19 55 75 
       00 41 00 12 
       00 24 19 04 
       8E 00 76 00 
       19 04 E3 00 
       4E 00 19 55 
       D6 00 68 00 
       12 00 10 19 
       04 5C 00 97 
       00 19 04 81 
       00 60 00 19 
       55 8E 00 76 
       00 12 00 39 
       19 04 75 00 
       41 00 19 04 
       74 00 31 00 
       19 55 D0 00 
       23 00 12 00 
       39 19 04 75 
       00 41 00 19 
       04 D0 00 23 
       00 19 55 E0 
       00 30 00 12 
       00 24 19 04 
       41 00 8E 00 
       19 04 75 00 
       41 00 19 55 
       81 00 60 00 
       12 00 39 19 
       04 81 00 60 
       00 19 04 E0 
       00 30 00 19 
       55 E3 00 4E 
       00 12 00 24 
       19 04 8E 00 
       76 00 19 04 
       81 00 60 00 
       19 55 E3 00 
       4E 00 12 00 
       39 19 04 81 
       00 60 00 19 
       04 75 00 41 
       00 19 55 E0 
       00 30 00 41 
       05 10 12 00 
       00 19 04 BC 
       00 A5 00 19 
       04 BE 00 A3 
       00 19 55 84 
       00 B0 00 12 
       00 00 19 04 
       BC 00 A5 00 
       19 04 84 00 
       B0 00 19 55 
       8C 00 B0 00 
       12 00 00 19 
       04 E4 00 8F 
       00 19 04 BE 
       00 A3 00 19 
       55 BC 00 A5 
       00 12 00 39 
       19 04 AB 00 
       79 00 19 04 
       8F 00 8D 00 
       19 55 89 00 
       80 00 12 00 
       24 19 04 C5 
       00 67 00 19 
       04 AD 00 86 
       00 19 55 AB 
       00 79 00 12 
       00 24 19 04 
       B5 00 99 00 
       19 04 BC 00 
       A5 00 19 55 
       8C 00 B0 00 
       12 00 00 19 
       04 E4 00 8F 
       00 19 04 F0 
       00 88 00 19 
       55 BE 00 A3 
       00 12 00 39 
       19 04 AB 00 
       79 00 19 04 
       AD 00 86 00 
       19 55 8F 00 
       8D 00 12 00 
       00 19 04 8C 
       00 B0 00 19 
       04 84 00 B0 
       00 19 55 50 
       00 AC 00 12 
       00 24 19 04 
       B5 00 99 00 
       19 04 8C 00 
       B0 00 19 55 
       91 00 A1 00 
       12 00 39 19 
       04 AD 00 86 
       00 19 04 B5 
       00 99 00 19 
       55 91 00 A1 
       00 12 00 39 
       19 04 AD 00 
       86 00 19 04 
       91 00 A1 00 
       19 55 8F 00 
       8D 00 12 00 
       10 19 04 D2 
       00 89 00 19 
       04 BC 00 A5 
       00 19 55 B5 
       00 99 00 12 
       00 24 19 04 
       C5 00 78 00 
       19 04 B5 00 
       99 00 19 55 
       AD 00 86 00 
       12 00 24 19 
       04 C5 00 67 
       00 19 04 C5 
       00 78 00 19 
       55 AD 00 86 
       00 12 00 39 
       19 04 89 00 
       80 00 19 04 
       8F 00 8D 00 
       19 55 78 00 
       88 00 12 00 
       10 19 04 D2 
       00 89 00 19 
       04 E4 00 8F 
       00 19 55 BC 
       00 A5 00 12 
       00 39 19 04 
       89 00 80 00 
       19 04 78 00 
       88 00 19 55 
       6D 00 79 00 
       12 00 24 19 
       04 91 00 A1 
       00 19 04 8C 
       00 B0 00 19 
       55 63 00 AD 
       00 12 00 24 
       19 04 C5 00 
       78 00 19 04 
       D2 00 89 00 
       19 55 B5 00 
       99 00 12 00 
       39 19 04 8F 
       00 8D 00 19 
       04 91 00 A1 
       00 19 55 74 
       00 9D 00 12 
       00 14 19 04 
       06 01 64 00 
       19 04 EF 00 
       78 00 19 55 
       F0 00 88 00 
       12 00 00 19 
       04 8C 00 B0 
       00 19 04 50 
       00 AC 00 19 
       55 63 00 AD 
       00 12 00 39 
       19 04 8F 00 
       8D 00 19 04 
       74 00 9D 00 
       19 55 78 00 
       88 00 12 00 
       24 19 04 91 
       00 A1 00 19 
       04 63 00 AD 
       00 19 55 74 
       00 9D 00 12 
       00 10 19 04 
       F3 00 75 00 
       19 04 F0 00 
       88 00 19 55 
       E4 00 8F 00 
       12 00 00 19 
       04 CA 00 66 
       00 19 04 D2 
       00 89 00 19 
       55 C5 00 78 
       00 12 00 00 
       19 04 D9 00 
       76 00 19 04 
       E4 00 8F 00 
       19 55 D2 00 
       89 00 12 00 
       14 19 04 06 
       01 64 00 19 
       04 06 01 4E 
       00 19 55 EF 
       00 78 00 12 
       00 00 19 04 
       CA 00 66 00 
       19 04 D9 00 
       76 00 19 55 
       D2 00 89 00 
       12 00 00 19 
       04 50 00 AC 
       00 19 04 46 
       00 9C 00 19 
       55 31 00 78 
       00 12 00 10 
       19 04 F3 00 
       75 00 19 04 
       06 01 64 00 
       19 55 F0 00 
       88 00 12 00 
       14 19 04 78 
       00 88 00 19 
       04 74 00 9D 
       00 19 55 70 
       00 8C 00 12 
       00 00 19 04 
       D9 00 76 00 
       19 04 F3 00 
       75 00 19 55 
       E4 00 8F 00 
       12 00 00 19 
       04 63 00 AD 
       00 19 04 50 
       00 AC 00 19 
       55 3E 00 8E 
       00 12 00 10 
       19 04 74 00 
       9D 00 19 04 
       63 00 AD 00 
       19 55 59 00 
       96 00 12 00 
       14 19 04 78 
       00 88 00 19 
       04 70 00 8C 
       00 19 55 75 
       00 78 00 12 
       00 10 19 04 
       74 00 9D 00 
       19 04 59 00 
       96 00 19 55 
       70 00 8C 00 
       12 00 00 19 
       04 50 00 AC 
       00 19 04 31 
       00 78 00 19 
       55 3E 00 8E 
       00 12 00 00 
       19 04 C0 00 
       6B 00 19 04 
       F3 00 75 00 
       19 55 D9 00 
       76 00 12 00 
       00 19 04 63 
       00 AD 00 19 
       04 3E 00 8E 
       00 19 55 59 
       00 96 00 12 
       00 39 19 04 
       D8 00 2D 00 
       19 04 F4 00 
       40 00 19 55 
       06 01 4E 00 
       12 00 24 19 
       04 D0 00 66 
       00 19 04 06 
       01 64 00 19 
       55 F3 00 75 
       00 12 00 39 
       19 04 DC 00 
       4B 00 19 04 
       06 01 4E 00 
       19 55 06 01 
       64 00 12 00 
       00 19 04 C0 
       00 6B 00 19 
       04 D0 00 66 
       00 19 55 F3 
       00 75 00 12 
       00 39 19 04 
       D8 00 2D 00 
       19 04 CA 00 
       21 00 19 55 
       F4 00 40 00 
       12 00 24 19 
       04 31 00 78 
       00 19 04 39 
       00 63 00 19 
       55 6D 00 30 
       00 12 00 00 
       19 04 70 00 
       8C 00 19 04 
       59 00 96 00 
       19 55 87 00 
       74 00 12 00 
       00 19 04 70 
       00 8C 00 19 
       04 87 00 74 
       00 19 55 8F 
       00 75 00 12 
       00 00 19 04 
       8F 00 75 00 
       19 04 D0 00 
       66 00 19 55 
       C0 00 6B 00 
       12 00 24 19 
       04 D0 00 66 
       00 19 04 DC 
       00 4B 00 19 
       55 06 01 64 
       00 12 00 39 
       19 04 DC 00 
       4B 00 19 04 
       D8 00 2D 00 
       19 55 06 01 
       4E 00 12 00 
       24 19 04 3E 
       00 8E 00 19 
       04 31 00 78 
       00 19 55 6C 
       00 40 00 12 
       00 10 19 04 
       59 00 96 00 
       19 04 3E 00 
       8E 00 19 55 
       77 00 5E 00 
       12 00 00 19 
       04 8F 00 75 
       00 19 04 87 
       00 74 00 19 
       55 D0 00 66 
       00 12 00 24 
       19 04 31 00 
       78 00 19 04 
       6D 00 30 00 
       19 55 6C 00 
       40 00 12 00 
       10 19 04 59 
       00 96 00 19 
       04 77 00 5E 
       00 19 55 87 
       00 74 00 12 
       00 39 19 04 
       6C 00 40 00 
       19 04 6D 00 
       30 00 19 55 
       CA 00 21 00 
       12 00 24 19 
       04 87 00 74 
       00 19 04 DC 
       00 4B 00 19 
       55 D0 00 66 
       00 12 00 39 
       19 04 6C 00 
       40 00 19 04 
       CA 00 21 00 
       19 55 D8 00 
       2D 00 12 00 
       24 19 04 3E 
       00 8E 00 19 
       04 6C 00 40 
       00 19 55 77 
       00 5E 00 12 
       00 24 19 04 
       87 00 74 00 
       19 04 77 00 
       5E 00 19 55 
       DC 00 4B 00 
       12 00 39 19 
       04 77 00 5E 
       00 19 04 D8 
       00 2D 00 19 
       55 DC 00 4B 
       00 12 00 39 
       19 04 77 00 
       5E 00 19 04 
       6C 00 40 00 
       19 55 D8 00 
       2D 00 41 05 
       10 12 00 00 
       19 04 BF 00 
       A6 00 19 04 
       C3 00 A4 00 
       19 55 88 00 
       B2 00 12 00 
       00 19 04 BF 
       00 A6 00 19 
       04 88 00 B2 
       00 19 55 8F 
       00 B1 00 12 
       00 39 19 04 
       AE 00 7A 00 
       19 04 92 00 
       8E 00 19 55 
       8C 00 81 00 
       12 00 00 19 
       04 E7 00 8F 
       00 19 04 C3 
       00 A4 00 19 
       55 BF 00 A6 
       00 12 00 39 
       19 04 AE 00 
       7A 00 19 04 
       B0 00 87 00 
       19 55 92 00 
       8E 00 12 00 
       24 19 04 C8 
       00 67 00 19 
       04 B0 00 87 
       00 19 55 AE 
       00 7A 00 12 
       00 24 19 04 
       B7 00 9A 00 
       19 04 BF 00 
       A6 00 19 55 
       8F 00 B1 00 
       12 00 00 19 
       04 8F 00 B1 
       00 19 04 88 
       00 B2 00 19 
       55 52 00 AC 
       00 12 00 00 
       19 04 E7 00 
       8F 00 19 04 
       F4 00 88 00 
       19 55 C3 00 
       A4 00 12 00 
       24 19 04 B7 
       00 9A 00 19 
       04 8F 00 B1 
       00 19 55 93 
       00 A2 00 12 
       00 39 19 04 
       B0 00 87 00 
       19 04 93 00 
       A2 00 19 55 
       92 00 8E 00 
       12 00 39 19 
       04 B0 00 87 
       00 19 04 B7 
       00 9A 00 19 
       55 93 00 A2 
       00 12 00 39 
       19 04 8C 00 
       81 00 19 04 
       92 00 8E 00 
       19 55 79 00 
       88 00 12 00 
       14 19 04 D3 
       00 89 00 19 
       04 BF 00 A6 
       00 19 55 B7 
       00 9A 00 12 
       00 24 19 04 
       C6 00 78 00 
       19 04 B7 00 
       9A 00 19 55 
       B0 00 87 00 
       12 00 24 19 
       04 C8 00 67 
       00 19 04 C6 
       00 78 00 19 
       55 B0 00 87 
       00 12 00 39 
       19 04 8C 00 
       81 00 19 04 
       79 00 88 00 
       19 55 6F 00 
       7A 00 12 00 
       24 19 04 93 
       00 A2 00 19 
       04 8F 00 B1 
       00 19 55 64 
       00 AD 00 12 
       00 14 19 04 
       D3 00 89 00 
       19 04 E7 00 
       8F 00 19 55 
       BF 00 A6 00 
       12 00 39 19 
       04 92 00 8E 
       00 19 04 93 
       00 A2 00 19 
       55 75 00 9E 
       00 12 00 24 
       19 04 C6 00 
       78 00 19 04 
       D3 00 89 00 
       19 55 B7 00 
       9A 00 12 00 
       00 19 04 8F 
       00 B1 00 19 
       04 52 00 AC 
       00 19 55 64 
       00 AD 00 12 
       00 39 19 04 
       92 00 8E 00 
       19 04 75 00 
       9E 00 19 55 
       79 00 88 00 
       12 00 24 19 
       04 93 00 A2 
       00 19 04 64 
       00 AD 00 19 
       55 75 00 9E 
       00 12 00 14 
       19 04 05 01 
       62 00 19 04 
       F3 00 78 00 
       19 55 F4 00 
       88 00 12 00 
       00 19 04 C9 
       00 65 00 19 
       04 D3 00 89 
       00 19 55 C6 
       00 78 00 12 
       00 10 19 04 
       F2 00 73 00 
       19 04 F4 00 
       88 00 19 55 
       E7 00 8F 00 
       12 00 00 19 
       04 D9 00 74 
       00 19 04 E7 
       00 8F 00 19 
       55 D3 00 89 
       00 12 00 00 
       19 04 52 00 
       AC 00 19 04 
       4A 00 9D 00 
       19 55 30 00 
       78 00 12 00 
       14 19 04 79 
       00 88 00 19 
       04 75 00 9E 
       00 19 55 6E 
       00 8B 00 12 
       00 14 19 04 
       05 01 62 00 
       19 04 06 01 
       4B 00 19 55 
       F3 00 78 00 
       12 00 00 19 
       04 C9 00 65 
       00 19 04 D9 
       00 74 00 19 
       55 D3 00 89 
       00 12 00 00 
       19 04 64 00 
       AD 00 19 04 
       52 00 AC 00 
       19 55 3C 00 
       8D 00 12 00 
       10 19 04 75 
       00 9E 00 19 
       04 64 00 AD 
       00 19 55 57 
       00 95 00 12 
       00 14 19 04 
       79 00 88 00 
       19 04 6E 00 
       8B 00 19 55 
       74 00 78 00 
       12 00 10 19 
       04 F2 00 73 
       00 19 04 05 
       01 62 00 19 
       55 F4 00 88 
       00 12 00 00 
       19 04 D9 00 
       74 00 19 04 
       F2 00 73 00 
       19 55 E7 00 
       8F 00 12 00 
       10 19 04 75 
       00 9E 00 19 
       04 57 00 95 
       00 19 55 6E 
       00 8B 00 12 
       00 00 19 04 
       52 00 AC 00 
       19 04 30 00 
       78 00 19 55 
       3C 00 8D 00 
       12 00 00 19 
       04 64 00 AD 
       00 19 04 3C 
       00 8D 00 19 
       55 57 00 95 
       00 12 00 00 
       19 04 BB 00 
       6A 00 19 04 
       F2 00 73 00 
       19 55 D9 00 
       74 00 12 00 
       39 19 04 D0 
       00 29 00 19 
       04 F4 00 3E 
       00 19 55 06 
       01 4B 00 12 
       00 24 19 04 
       30 00 78 00 
       19 04 39 00 
       64 00 19 55 
       67 00 30 00 
       12 00 24 19 
       04 CA 00 63 
       00 19 04 05 
       01 62 00 19 
       55 F2 00 73 
       00 12 00 39 
       19 04 D4 00 
       47 00 19 04 
       06 01 4B 00 
       19 55 05 01 
       62 00 12 00 
       00 19 04 6E 
       00 8B 00 19 
       04 57 00 95 
       00 19 55 80 
       00 72 00 12 
       00 39 19 04 
       D0 00 29 00 
       19 04 C3 00 
       1F 00 19 55 
       F4 00 3E 00 
       12 00 00 19 
       04 BB 00 6A 
       00 19 04 CA 
       00 63 00 19 
       55 F2 00 73 
       00 12 00 00 
       19 04 6E 00 
       8B 00 19 04 
       80 00 72 00 
       19 55 8B 00 
       74 00 12 00 
       00 19 04 8B 
       00 74 00 19 
       04 CA 00 63 
       00 19 55 BB 
       00 6A 00 12 
       00 24 19 04 
       3C 00 8D 00 
       19 04 30 00 
       78 00 19 55 
       64 00 3E 00 
       12 00 14 19 
       04 57 00 95 
       00 19 04 3C 
       00 8D 00 19 
       55 6E 00 5C 
       00 12 00 39 
       19 04 D4 00 
       47 00 19 04 
       D0 00 29 00 
       19 55 06 01 
       4B 00 12 00 
       24 19 04 CA 
       00 63 00 19 
       04 D4 00 47 
       00 19 55 05 
       01 62 00 12 
       00 24 19 04 
       30 00 78 00 
       19 04 67 00 
       30 00 19 55 
       64 00 3E 00 
       12 00 00 19 
       04 8B 00 74 
       00 19 04 80 
       00 72 00 19 
       55 CA 00 63 
       00 12 00 14 
       19 04 57 00 
       95 00 19 04 
       6E 00 5C 00 
       19 55 80 00 
       72 00 12 00 
       39 19 04 64 
       00 3E 00 19 
       04 67 00 30 
       00 19 55 C3 
       00 1F 00 12 
       00 24 19 04 
       3C 00 8D 00 
       19 04 64 00 
       3E 00 19 55 
       6E 00 5C 00 
       12 00 39 19 
       04 64 00 3E 
       00 19 04 C3 
       00 1F 00 19 
       55 D0 00 29 
       00 12 00 24 
       19 04 80 00 
       72 00 19 04 
       D4 00 47 00 
       19 55 CA 00 
       63 00 12 00 
       24 19 04 80 
       00 72 00 19 
       04 6E 00 5C 
       00 19 55 D4 
       00 47 00 12 
       00 39 19 04 
       6E 00 5C 00 
       19 04 D0 00 
       29 00 19 55 
       D4 00 47 00 
       12 00 39 19 
       04 6E 00 5C 
       00 19 04 64 
       00 3E 00 19 
       55 D0 00 29 
       00 41 05 10 
       12 00 00 19 
       04 C3 00 A8 
       00 19 04 C8 
       00 A6 00 19 
       55 8D 00 B3 
       00 12 00 00 
       19 04 C3 00 
       A8 00 19 04 
       8D 00 B3 00 
       19 55 92 00 
       B3 00 12 00 
       39 19 04 B1 
       00 7B 00 19 
       04 94 00 8F 
       00 19 55 8F 
       00 83 00 12 
       00 39 19 04 
       B1 00 7B 00 
       19 04 B2 00 
       88 00 19 55 
       94 00 8F 00 
       12 00 00 19 
       04 92 00 B3 
       00 19 04 8D 
       00 B3 00 19 
       55 55 00 AD 
       00 12 00 14 
       19 04 CA 00 
       68 00 19 04 
       B2 00 88 00 
       19 55 B1 00 
       7B 00 12 00 
       00 19 04 E9 
       00 8F 00 19 
       04 C8 00 A6 
       00 19 55 C3 
       00 A8 00 12 
       00 24 19 04 
       BA 00 9B 00 
       19 04 C3 00 
       A8 00 19 55 
       92 00 B3 00 
       12 00 24 19 
       04 BA 00 9B 
       00 19 04 92 
       00 B3 00 19 
       55 96 00 A3 
       00 12 00 39 
       19 04 8F 00 
       83 00 19 04 
       94 00 8F 00 
       19 55 7A 00 
       89 00 12 00 
       39 19 04 B2 
       00 88 00 19 
       04 96 00 A3 
       00 19 55 94 
       00 8F 00 12 
       00 39 19 04 
       B2 00 88 00 
       19 04 BA 00 
       9B 00 19 55 
       96 00 A3 00 
       12 00 00 19 
       04 E9 00 8F 
       00 19 04 F8 
       00 88 00 19 
       55 C8 00 A6 
       00 12 00 39 
       19 04 8F 00 
       83 00 19 04 
       7A 00 89 00 
       19 55 71 00 
       7B 00 12 00 
       24 19 04 C8 
       00 78 00 19 
       04 BA 00 9B 
       00 19 55 B2 
       00 88 00 12 
       00 14 19 04 
       D5 00 89 00 
       19 04 C3 00 
       A8 00 19 55 
       BA 00 9B 00 
       12 00 14 19 
       04 CA 00 68 
       00 19 04 C8 
       00 78 00 19 
       55 B2 00 88 
       00 12 00 24 
       19 04 96 00 
       A3 00 19 04 
       92 00 B3 00 
       19 55 66 00 
       AD 00 12 00 
       39 19 04 94 
       00 8F 00 19 
       04 96 00 A3 
       00 19 55 76 
       00 9E 00 12 
       00 00 19 04 
       92 00 B3 00 
       19 04 55 00 
       AD 00 19 55 
       66 00 AD 00 
       12 00 14 19 
       04 D5 00 89 
       00 19 04 E9 
       00 8F 00 19 
       55 C3 00 A8 
       00 12 00 24 
       19 04 C8 00 
       78 00 19 04 
       D5 00 89 00 
       19 55 BA 00 
       9B 00 12 00 
       39 19 04 94 
       00 8F 00 19 
       04 76 00 9E 
       00 19 55 7A 
       00 89 00 12 
       00 24 19 04 
       96 00 A3 00 
       19 04 66 00 
       AD 00 19 55 
       76 00 9E 00 
       12 00 24 19 
       04 04 01 5F 
       00 19 04 F8 
       00 78 00 19 
       55 F8 00 88 
       00 12 00 00 
       19 04 55 00 
       AD 00 19 04 
       4E 00 9E 00 
       19 55 2F 00 
       78 00 12 00 
       00 19 04 C8 
       00 64 00 19 
       04 D5 00 89 
       00 19 55 C8 
       00 78 00 12 
       00 14 19 04 
       F1 00 71 00 
       19 04 F8 00 
       88 00 19 55 
       E9 00 8F 00 
       12 00 24 19 
       04 7A 00 89 
       00 19 04 76 
       00 9E 00 19 
       55 6C 00 8B 
       00 12 00 00 
       19 04 D7 00 
       73 00 19 04 
       E9 00 8F 00 
       19 55 D5 00 
       89 00 12 00 
       00 19 04 66 
       00 AD 00 19 
       04 55 00 AD 
       00 19 55 3A 
       00 8C 00 12 
       00 14 19 04 
       76 00 9E 00 
       19 04 66 00 
       AD 00 19 55 
       54 00 94 00 
       12 00 24 19 
       04 7A 00 89 
       00 19 04 6C 
       00 8B 00 19 
       55 73 00 78 
       00 12 00 00 
       19 04 C8 00 
       64 00 19 04 
       D7 00 73 00 
       19 55 D5 00 
       89 00 12 00 
       24 19 04 04 
       01 5F 00 19 
       04 05 01 48 
       00 19 55 F8 
       00 78 00 12 
       00 00 19 04 
       D7 00 73 00 
       19 04 F1 00 
       71 00 19 55 
       E9 00 8F 00 
       12 00 14 19 
       04 F1 00 71 
       00 19 04 04 
       01 5F 00 19 
       55 F8 00 88 
       00 12 00 00 
       19 04 55 00 
       AD 00 19 04 
       2F 00 78 00 
       19 55 3A 00 
       8C 00 12 00 
       14 19 04 76 
       00 9E 00 19 
       04 54 00 94 
       00 19 55 6C 
       00 8B 00 12 
       00 00 19 04 
       66 00 AD 00 
       19 04 3A 00 
       8C 00 19 55 
       54 00 94 00 
       12 00 00 19 
       04 B7 00 67 
       00 19 04 F1 
       00 71 00 19 
       55 D7 00 73 
       00 12 00 14 
       19 04 2F 00 
       78 00 19 04 
       3A 00 65 00 
       19 55 61 00 
       30 00 12 00 
       39 19 04 C8 
       00 25 00 19 
       04 F3 00 3C 
       00 19 55 05 
       01 48 00 12 
       00 00 19 04 
       6C 00 8B 00 
       19 04 54 00 
       94 00 19 55 
       79 00 70 00 
       12 00 24 19 
       04 C3 00 5F 
       00 19 04 04 
       01 5F 00 19 
       55 F1 00 71 
       00 12 00 39 
       19 04 CB 00 
       43 00 19 04 
       05 01 48 00 
       19 55 04 01 
       5F 00 12 00 
       00 19 04 6C 
       00 8B 00 19 
       04 79 00 70 
       00 19 55 86 
       00 72 00 12 
       00 39 19 04 
       C8 00 25 00 
       19 04 BC 00 
       1C 00 19 55 
       F3 00 3C 00 
       12 00 24 19 
       04 3A 00 8C 
       00 19 04 2F 
       00 78 00 19 
       55 5C 00 3D 
       00 12 00 00 
       19 04 B7 00 
       67 00 19 04 
       C3 00 5F 00 
       19 55 F1 00 
       71 00 12 00 
       14 19 04 54 
       00 94 00 19 
       04 3A 00 8C 
       00 19 55 66 
       00 59 00 12 
       00 00 19 04 
       86 00 72 00 
       19 04 C3 00 
       5F 00 19 55 
       B7 00 67 00 
       12 00 14 19 
       04 2F 00 78 
       00 19 04 61 
       00 30 00 19 
       55 5C 00 3D 
       00 12 00 39 
       19 04 CB 00 
       43 00 19 04 
       C8 00 25 00 
       19 55 05 01 
       48 00 12 00 
       24 19 04 C3 
       00 5F 00 19 
       04 CB 00 43 
       00 19 55 04 
       01 5F 00 12 
       00 00 19 04 
       86 00 72 00 
       19 04 79 00 
       70 00 19 55 
       C3 00 5F 00 
       12 00 14 19 
       04 54 00 94 
       00 19 04 66 
       00 59 00 19 
       55 79 00 70 
       00 12 00 39 
       19 04 5C 00 
       3D 00 19 04 
       61 00 30 00 
       19 55 BC 00 
       1C 00 12 00 
       24 19 04 3A 
       00 8C 00 19 
       04 5C 00 3D 
       00 19 55 66 
       00 59 00 12 
       00 39 19 04 
       5C 00 3D 00 
       19 04 BC 00 
       1C 00 19 55 
       C8 00 25 00 
       12 00 24 19 
       04 79 00 70 
       00 19 04 CB 
       00 43 00 19 
       55 C3 00 5F 
       00 12 00 24 
       19 04 79 00 
       70 00 19 04 
       66 00 59 00 
       19 55 CB 00 
       43 00 12 00 
       39 19 04 66 
       00 59 00 19 
       04 5C 00 3D 
       00 19 55 C8 
       00 25 00 12 
       00 39 19 04 
       66 00 59 00 
       19 04 C8 00 
       25 00 19 55 
       CB 00 43 00 
       41 05 10 12 
       00 00 19 04 
       C7 00 A9 00 
       19 04 CD 00 
       A8 00 19 55 
       91 00 B5 00 
       12 00 00 19 
       04 C7 00 A9 
       00 19 04 91 
       00 B5 00 19 
       55 95 00 B4 
       00 12 00 39 
       19 04 B5 00 
       7C 00 19 04 
       97 00 90 00 
       19 55 92 00 
       84 00 12 00 
       00 19 04 95 
       00 B4 00 19 
       04 91 00 B5 
       00 19 55 58 
       00 AD 00 12 
       00 39 19 04 
       B5 00 7C 00 
       19 04 B5 00 
       89 00 19 55 
       97 00 90 00 
       12 00 14 19 
       04 CC 00 68 
       00 19 04 B5 
       00 89 00 19 
       55 B5 00 7C 
       00 12 00 24 
       19 04 BC 00 
       9C 00 19 04 
       C7 00 A9 00 
       19 55 95 00 
       B4 00 12 00 
       39 19 04 92 
       00 84 00 19 
       04 97 00 90 
       00 19 55 7C 
       00 8A 00 12 
       00 00 19 04 
       EC 00 8F 00 
       19 04 CD 00 
       A8 00 19 55 
       C7 00 A9 00 
       12 00 39 19 
       04 92 00 84 
       00 19 04 7C 
       00 8A 00 19 
       55 74 00 7D 
       00 12 00 24 
       19 04 BC 00 
       9C 00 19 04 
       95 00 B4 00 
       19 55 98 00 
       A4 00 12 00 
       39 19 04 B5 
       00 89 00 19 
       04 98 00 A4 
       00 19 55 97 
       00 90 00 12 
       00 39 19 04 
       B5 00 89 00 
       19 04 BC 00 
       9C 00 19 55 
       98 00 A4 00 
       12 00 24 19 
       04 98 00 A4 
       00 19 04 95 
       00 B4 00 19 
       55 67 00 AE 
       00 12 00 00 
       19 04 EC 00 
       8F 00 19 04 
       FB 00 88 00 
       19 55 CD 00 
       A8 00 12 00 
       14 19 04 C9 
       00 78 00 19 
       04 BC 00 9C 
       00 19 55 B5 
       00 89 00 12 
       00 14 19 04 
       CC 00 68 00 
       19 04 C9 00 
       78 00 19 55 
       B5 00 89 00 
       12 00 00 19 
       04 95 00 B4 
       00 19 04 58 
       00 AD 00 19 
       55 67 00 AE 
       00 12 00 39 
       19 04 97 00 
       90 00 19 04 
       98 00 A4 00 
       19 55 77 00 
       9E 00 12 00 
       14 19 04 D6 
       00 88 00 19 
       04 C7 00 A9 
       00 19 55 BC 
       00 9C 00 12 
       00 39 19 04 
       97 00 90 00 
       19 04 77 00 
       9E 00 19 55 
       7C 00 8A 00 
       12 00 24 19 
       04 98 00 A4 
       00 19 04 67 
       00 AE 00 19 
       55 77 00 9E 
       00 12 00 14 
       19 04 D6 00 
       88 00 19 04 
       EC 00 8F 00 
       19 55 C7 00 
       A9 00 12 00 
       14 19 04 C9 
       00 78 00 19 
       04 D6 00 88 
       00 19 55 BC 
       00 9C 00 12 
       00 00 19 04 
       58 00 AD 00 
       19 04 51 00 
       9F 00 19 55 
       30 00 78 00 
       12 00 00 19 
       04 C7 00 63 
       00 19 04 D6 
       00 88 00 19 
       55 C9 00 78 
       00 12 00 24 
       19 04 03 01 
       5C 00 19 04 
       FC 00 78 00 
       19 55 FB 00 
       88 00 12 00 
       24 19 04 7C 
       00 8A 00 19 
       04 77 00 9E 
       00 19 55 6B 
       00 8A 00 12 
       00 00 19 04 
       67 00 AE 00 
       19 04 58 00 
       AD 00 19 55 
       39 00 8B 00 
       12 00 14 19 
       04 77 00 9E 
       00 19 04 67 
       00 AE 00 19 
       55 53 00 93 
       00 12 00 24 
       19 04 7C 00 
       8A 00 19 04 
       6B 00 8A 00 
       19 55 72 00 
       78 00 12 00 
       00 19 04 D6 
       00 71 00 19 
       04 EC 00 8F 
       00 19 55 D6 
       00 88 00 12 
       00 14 19 04 
       EF 00 6F 00 
       19 04 FB 00 
       88 00 19 55 
       EC 00 8F 00 
       12 00 00 19 
       04 C7 00 63 
       00 19 04 D6 
       00 71 00 19 
       55 D6 00 88 
       00 12 00 00 
       19 04 58 00 
       AD 00 19 04 
       30 00 78 00 
       19 55 39 00 
       8B 00 12 00 
       24 19 04 03 
       01 5C 00 19 
       04 04 01 45 
       00 19 55 FC 
       00 78 00 12 
       00 14 19 04 
       77 00 9E 00 
       19 04 53 00 
       93 00 19 55 
       6B 00 8A 00 
       12 00 00 19 
       04 67 00 AE 
       00 19 04 39 
       00 8B 00 19 
       55 53 00 93 
       00 12 00 00 
       19 04 D6 00 
       71 00 19 04 
       EF 00 6F 00 
       19 55 EC 00 
       8F 00 12 00 
       14 19 04 EF 
       00 6F 00 19 
       04 03 01 5C 
       00 19 55 FB 
       00 88 00 12 
       00 14 19 04 
       30 00 78 00 
       19 04 3B 00 
       66 00 19 55 
       5C 00 30 00 
       12 00 00 19 
       04 B2 00 65 
       00 19 04 EF 
       00 6F 00 19 
       55 D6 00 71 
       00 12 00 00 
       19 04 6B 00 
       8A 00 19 04 
       53 00 93 00 
       19 55 72 00 
       6D 00 12 00 
       39 19 04 BF 
       00 22 00 19 
       04 F2 00 39 
       00 19 55 04 
       01 45 00 12 
       00 14 19 04 
       39 00 8B 00 
       19 04 30 00 
       78 00 19 55 
       55 00 3C 00 
       12 00 00 19 
       04 6B 00 8A 
       00 19 04 72 
       00 6D 00 19 
       55 82 00 71 
       00 12 00 14 
       19 04 53 00 
       93 00 19 04 
       39 00 8B 00 
       19 55 5F 00 
       57 00 12 00 
       39 19 04 BF 
       00 22 00 19 
       04 B6 00 1A 
       00 19 55 F2 
       00 39 00 12 
       00 24 19 04 
       BC 00 5C 00 
       19 04 03 01 
       5C 00 19 55 
       EF 00 6F 00 
       12 00 14 19 
       04 30 00 78 
       00 19 04 5C 
       00 30 00 19 
       55 55 00 3C 
       00 12 00 39 
       19 04 C2 00 
       3F 00 19 04 
       04 01 45 00 
       19 55 03 01 
       5C 00 12 00 
       00 19 04 B2 
       00 65 00 19 
       04 BC 00 5C 
       00 19 55 EF 
       00 6F 00 12 
       00 00 19 04 
       82 00 71 00 
       19 04 BC 00 
       5C 00 19 55 
       B2 00 65 00 
       12 00 14 19 
       04 53 00 93 
       00 19 04 5F 
       00 57 00 19 
       55 72 00 6D 
       00 12 00 39 
       19 04 55 00 
       3C 00 19 04 
       5C 00 30 00 
       19 55 B6 00 
       1A 00 12 00 
       00 19 04 82 
       00 71 00 19 
       04 72 00 6D 
       00 19 55 BC 
       00 5C 00 12 
       00 14 19 04 
       39 00 8B 00 
       19 04 55 00 
       3C 00 19 55 
       5F 00 57 00 
       12 00 39 19 
       04 C2 00 3F 
       00 19 04 BF 
       00 22 00 19 
       55 04 01 45 
       00 12 00 24 
       19 04 BC 00 
       5C 00 19 04 
       C2 00 3F 00 
       19 55 03 01 
       5C 00 12 00 
       39 19 04 55 
       00 3C 00 19 
       04 B6 00 1A 
       00 19 55 BF 
       00 22 00 12 
       00 24 19 04 
       72 00 6D 00 
       19 04 C2 00 
       3F 00 19 55 
       BC 00 5C 00 
       12 00 39 19 
       04 5F 00 57 
       00 19 04 55 
       00 3C 00 19 
       55 BF 00 22 
       00 12 00 24 
       19 04 72 00 
       6D 00 19 04 
       5F 00 57 00 
       19 55 C2 00 
       3F 00 12 00 
       39 19 04 5F 
       00 57 00 19 
       04 BF 00 22 
       00 19 55 C2 
       00 3F 00 41 
       05 10 12 00 
       00 19 04 CA 
       00 AB 00 19 
       04 D1 00 AA 
       00 19 55 95 
       00 B8 00 12 
       00 39 19 04 
       B8 00 7E 00 
       19 04 99 00 
       91 00 19 55 
       96 00 86 00 
       12 00 00 19 
       04 CA 00 AB 
       00 19 04 95 
       00 B8 00 19 
       55 98 00 B6 
       00 12 00 00 
       19 04 98 00 
       B6 00 19 04 
       95 00 B8 00 
       19 55 5A 00 
       AE 00 12 00 
       39 19 04 B8 
       00 7E 00 19 
       04 B7 00 8A 
       00 19 55 99 
       00 91 00 12 
       00 39 19 04 
       96 00 86 00 
       19 04 99 00 
       91 00 19 55 
       7D 00 8A 00 
       12 00 39 19 
       04 96 00 86 
       00 19 04 7D 
       00 8A 00 19 
       55 76 00 7E 
       00 12 00 10 
       19 04 CE 00 
       68 00 19 04 
       B7 00 8A 00 
       19 55 B8 00 
       7E 00 12 00 
       24 19 04 BF 
       00 9D 00 19 
       04 CA 00 AB 
       00 19 55 98 
       00 B6 00 12 
       00 39 19 04 
       B7 00 8A 00 
       19 04 9A 00 
       A5 00 19 55 
       99 00 91 00 
       12 00 24 19 
       04 BF 00 9D 
       00 19 04 98 
       00 B6 00 19 
       55 9A 00 A5 
       00 12 00 00 
       19 04 EE 00 
       8F 00 19 04 
       D1 00 AA 00 
       19 55 CA 00 
       AB 00 12 00 
       39 19 04 B7 
       00 8A 00 19 
       04 BF 00 9D 
       00 19 55 9A 
       00 A5 00 12 
       00 24 19 04 
       9A 00 A5 00 
       19 04 98 00 
       B6 00 19 55 
       69 00 AE 00 
       12 00 00 19 
       04 98 00 B6 
       00 19 04 5A 
       00 AE 00 19 
       55 69 00 AE 
       00 12 00 39 
       19 04 99 00 
       91 00 19 04 
       9A 00 A5 00 
       19 55 78 00 
       9F 00 12 00 
       10 19 04 CE 
       00 68 00 19 
       04 CA 00 78 
       00 19 55 B7 
       00 8A 00 12 
       00 14 19 04 
       CA 00 78 00 
       19 04 BF 00 
       9D 00 19 55 
       B7 00 8A 00 
       12 00 39 19 
       04 99 00 91 
       00 19 04 78 
       00 9F 00 19 
       55 7D 00 8A 
       00 12 00 00 
       19 04 EE 00 
       8F 00 19 04 
       FE 00 88 00 
       19 55 D1 00 
       AA 00 12 00 
       14 19 04 D7 
       00 88 00 19 
       04 CA 00 AB 
       00 19 55 BF 
       00 9D 00 12 
       00 24 19 04 
       9A 00 A5 00 
       19 04 69 00 
       AE 00 19 55 
       78 00 9F 00 
       12 00 00 19 
       04 5A 00 AE 
       00 19 04 55 
       00 A0 00 19 
       55 31 00 78 
       00 12 00 14 
       19 04 CA 00 
       78 00 19 04 
       D7 00 88 00 
       19 55 BF 00 
       9D 00 12 00 
       14 19 04 D7 
       00 88 00 19 
       04 EE 00 8F 
       00 19 55 CA 
       00 AB 00 12 
       00 00 19 04 
       69 00 AE 00 
       19 04 5A 00 
       AE 00 19 55 
       39 00 8A 00 
       12 00 24 19 
       04 7D 00 8A 
       00 19 04 78 
       00 9F 00 19 
       55 69 00 89 
       00 12 00 00 
       19 04 C6 00 
       62 00 19 04 
       D7 00 88 00 
       19 55 CA 00 
       78 00 12 00 
       14 19 04 78 
       00 9F 00 19 
       04 69 00 AE 
       00 19 55 51 
       00 92 00 12 
       00 24 19 04 
       7D 00 8A 00 
       19 04 69 00 
       89 00 19 55 
       72 00 78 00 
       12 00 24 19 
       04 00 01 58 
       00 19 04 FF 
       00 78 00 19 
       55 FE 00 88 
       00 12 00 00 
       19 04 5A 00 
       AE 00 19 04 
       31 00 78 00 
       19 55 39 00 
       8A 00 12 00 
       00 19 04 D4 
       00 6F 00 19 
       04 EE 00 8F 
       00 19 55 D7 
       00 88 00 12 
       00 14 19 04 
       EC 00 6C 00 
       19 04 FE 00 
       88 00 19 55 
       EE 00 8F 00 
       12 00 14 19 
       04 78 00 9F 
       00 19 04 51 
       00 92 00 19 
       55 69 00 89 
       00 12 00 00 
       19 04 C6 00 
       62 00 19 04 
       D4 00 6F 00 
       19 55 D7 00 
       88 00 12 00 
       00 19 04 69 
       00 AE 00 19 
       04 39 00 8A 
       00 19 55 51 
       00 92 00 12 
       00 24 19 04 
       00 01 58 00 
       19 04 02 01 
       42 00 19 55 
       FF 00 78 00 
       12 00 10 19 
       04 31 00 78 
       00 19 04 3C 
       00 67 00 19 
       55 59 00 30 
       00 12 00 00 
       19 04 D4 00 
       6F 00 19 04 
       EC 00 6C 00 
       19 55 EE 00 
       8F 00 12 00 
       14 19 04 EC 
       00 6C 00 19 
       04 00 01 58 
       00 19 55 FE 
       00 88 00 12 
       00 14 19 04 
       39 00 8A 00 
       19 04 31 00 
       78 00 19 55 
       50 00 3A 00 
       12 00 00 19 
       04 69 00 89 
       00 19 04 51 
       00 92 00 19 
       55 6C 00 6B 
       00 12 00 00 
       19 04 AD 00 
       63 00 19 04 
       EC 00 6C 00 
       19 55 D4 00 
       6F 00 12 00 
       00 19 04 69 
       00 89 00 19 
       04 6C 00 6B 
       00 19 55 7E 
       00 6F 00 12 
       00 39 19 04 
       B7 00 1E 00 
       19 04 F1 00 
       37 00 19 55 
       02 01 42 00 
       12 00 14 19 
       04 51 00 92 
       00 19 04 39 
       00 8A 00 19 
       55 58 00 54 
       00 12 00 10 
       19 04 31 00 
       78 00 19 04 
       59 00 30 00 
       19 55 50 00 
       3A 00 12 00 
       39 19 04 B7 
       00 1E 00 19 
       04 B0 00 17 
       00 19 55 F1 
       00 37 00 12 
       00 24 19 04 
       B5 00 58 00 
       19 04 00 01 
       58 00 19 55 
       EC 00 6C 00 
       12 00 00 19 
       04 AD 00 63 
       00 19 04 B5 
       00 58 00 19 
       55 EC 00 6C 
       00 12 00 39 
       19 04 B9 00 
       3A 00 19 04 
       02 01 42 00 
       19 55 00 01 
       58 00 12 00 
       00 19 04 7E 
       00 6F 00 19 
       04 B5 00 58 
       00 19 55 AD 
       00 63 00 12 
       00 14 19 04 
       51 00 92 00 
       19 04 58 00 
       54 00 19 55 
       6C 00 6B 00 
       12 00 14 19 
       04 39 00 8A 
       00 19 04 50 
       00 3A 00 19 
       55 58 00 54 
       00 12 00 39 
       19 04 50 00 
       3A 00 19 04 
       59 00 30 00 
       19 55 B0 00 
       17 00 12 00 
       00 19 04 7E 
       00 6F 00 19 
       04 6C 00 6B 
       00 19 55 B5 
       00 58 00 12 
       00 39 19 04 
       B9 00 3A 00 
       19 04 B7 00 
       1E 00 19 55 
       02 01 42 00 
       12 00 39 19 
       04 50 00 3A 
       00 19 04 B0 
       00 17 00 19 
       55 B7 00 1E 
       00 12 00 24 
       19 04 B5 00 
       58 00 19 04 
       B9 00 3A 00 
       19 55 00 01 
       58 00 12 00 
       39 19 04 58 
       00 54 00 19 
       04 50 00 3A 
       00 19 55 B7 
       00 1E 00 12 
       00 24 19 04 
       6C 00 6B 00 
       19 04 B9 00 
       3A 00 19 55 
       B5 00 58 00 
       12 00 24 19 
       04 6C 00 6B 
       00 19 04 58 
       00 54 00 19 
       55 B9 00 3A 
       00 12 00 39 
       19 04 58 00 
       54 00 19 04 
       B7 00 1E 00 
       19 55 B9 00 
       3A 00 41 05 
       10 12 00 39 
       19 04 BB 00 
       7F 00 19 04 
       9B 00 92 00 
       19 55 99 00 
       88 00 12 00 
       00 19 04 CD 
       00 AC 00 19 
       04 D5 00 AC 
       00 19 55 99 
       00 BA 00 12 
       00 00 19 04 
       9B 00 B8 00 
       19 04 99 00 
       BA 00 19 55 
       5D 00 AF 00 
       12 00 00 19 
       04 CD 00 AC 
       00 19 04 99 
       00 BA 00 19 
       55 9B 00 B8 
       00 12 00 39 
       19 04 99 00 
       88 00 19 04 
       7F 00 8B 00 
       19 55 79 00 
       80 00 12 00 
       39 19 04 BB 
       00 7F 00 19 
       04 B9 00 8B 
       00 19 55 9B 
       00 92 00 12 
       00 39 19 04 
       99 00 88 00 
       19 04 9B 00 
       92 00 19 55 
       7F 00 8B 00 
       12 00 10 19 
       04 CF 00 69 
       00 19 04 B9 
       00 8B 00 19 
       55 BB 00 7F 
       00 12 00 39 
       19 04 B9 00 
       8B 00 19 04 
       9C 00 A7 00 
       19 55 9B 00 
       92 00 12 00 
       24 19 04 C1 
       00 9E 00 19 
       04 CD 00 AC 
       00 19 55 9B 
       00 B8 00 12 
       00 24 19 04 
       C1 00 9E 00 
       19 04 9B 00 
       B8 00 19 55 
       9C 00 A7 00 
       12 00 00 19 
       04 9B 00 B8 
       00 19 04 5D 
       00 AF 00 19 
       55 6A 00 AF 
       00 12 00 24 
       19 04 9C 00 
       A7 00 19 04 
       9B 00 B8 00 
       19 55 6A 00 
       AF 00 12 00 
       39 19 04 B9 
       00 8B 00 19 
       04 C1 00 9E 
       00 19 55 9C 
       00 A7 00 12 
       00 39 19 04 
       9B 00 92 00 
       19 04 9C 00 
       A7 00 19 55 
       79 00 9F 00 
       12 00 00 19 
       04 EF 00 8F 
       00 19 04 D5 
       00 AC 00 19 
       55 CD 00 AC 
       00 12 00 39 
       19 04 9B 00 
       92 00 19 04 
       79 00 9F 00 
       19 55 7F 00 
       8B 00 12 00 
       00 19 04 5D 
       00 AF 00 19 
       04 59 00 A2 
       00 19 55 32 
       00 78 00 12 
       00 10 19 04 
       CF 00 69 00 
       19 04 CB 00 
       78 00 19 55 
       B9 00 8B 00 
       12 00 14 19 
       04 CB 00 78 
       00 19 04 C1 
       00 9E 00 19 
       55 B9 00 8B 
       00 12 00 24 
       19 04 9C 00 
       A7 00 19 04 
       6A 00 AF 00 
       19 55 79 00 
       9F 00 12 00 
       14 19 04 D8 
       00 88 00 19 
       04 CD 00 AC 
       00 19 55 C1 
       00 9E 00 12 
       00 00 19 04 
       EF 00 8F 00 
       19 04 01 01 
       88 00 19 55 
       D5 00 AC 00 
       12 00 14 19 
       04 CB 00 78 
       00 19 04 D8 
       00 88 00 19 
       55 C1 00 9E 
       00 12 00 00 
       19 04 6A 00 
       AF 00 19 04 
       5D 00 AF 00 
       19 55 39 00 
       89 00 12 00 
       14 19 04 D8 
       00 88 00 19 
       04 EF 00 8F 
       00 19 55 CD 
       00 AC 00 12 
       00 24 19 04 
       7F 00 8B 00 
       19 04 79 00 
       9F 00 19 55 
       68 00 89 00 
       12 00 24 19 
       04 79 00 9F 
       00 19 04 6A 
       00 AF 00 19 
       55 50 00 91 
       00 12 00 24 
       19 04 7F 00 
       8B 00 19 04 
       68 00 89 00 
       19 55 72 00 
       78 00 12 00 
       00 19 04 5D 
       00 AF 00 19 
       04 32 00 78 
       00 19 55 39 
       00 89 00 12 
       00 00 19 04 
       C5 00 61 00 
       19 04 D8 00 
       88 00 19 55 
       CB 00 78 00 
       12 00 24 19 
       04 FD 00 54 
       00 19 04 03 
       01 78 00 19 
       55 01 01 88 
       00 12 00 24 
       19 04 79 00 
       9F 00 19 04 
       50 00 91 00 
       19 55 68 00 
       89 00 12 00 
       00 19 04 6A 
       00 AF 00 19 
       04 39 00 89 
       00 19 55 50 
       00 91 00 12 
       00 00 19 04 
       D1 00 6D 00 
       19 04 EF 00 
       8F 00 19 55 
       D8 00 88 00 
       12 00 10 19 
       04 32 00 78 
       00 19 04 3E 
       00 68 00 19 
       55 56 00 30 
       00 12 00 24 
       19 04 E9 00 
       69 00 19 04 
       01 01 88 00 
       19 55 EF 00 
       8F 00 12 00 
       00 19 04 C5 
       00 61 00 19 
       04 D1 00 6D 
       00 19 55 D8 
       00 88 00 12 
       00 24 19 04 
       FD 00 54 00 
       19 04 FF 00 
       3E 00 19 55 
       03 01 78 00 
       12 00 00 19 
       04 D1 00 6D 
       00 19 04 E9 
       00 69 00 19 
       55 EF 00 8F 
       00 12 00 24 
       19 04 E9 00 
       69 00 19 04 
       FD 00 54 00 
       19 55 01 01 
       88 00 12 00 
       14 19 04 39 
       00 89 00 19 
       04 32 00 78 
       00 19 55 4B 
       00 39 00 12 
       00 00 19 04 
       68 00 89 00 
       19 04 50 00 
       91 00 19 55 
       67 00 68 00 
       12 00 10 19 
       04 32 00 78 
       00 19 04 56 
       00 30 00 19 
       55 4B 00 39 
       00 12 00 14 
       19 04 50 00 
       91 00 19 04 
       39 00 89 00 
       19 55 52 00 
       51 00 12 00 
       00 19 04 68 
       00 89 00 19 
       04 67 00 68 
       00 19 55 7A 
       00 6D 00 12 
       00 00 19 04 
       A9 00 60 00 
       19 04 E9 00 
       69 00 19 55 
       D1 00 6D 00 
       12 00 39 19 
       04 AE 00 1A 
       00 19 04 EF 
       00 35 00 19 
       55 FF 00 3E 
       00 12 00 39 
       19 04 AE 00 
       1A 00 19 04 
       AA 00 15 00 
       19 55 EF 00 
       35 00 12 00 
       14 19 04 39 
       00 89 00 19 
       04 4B 00 39 
       00 19 55 52 
       00 51 00 12 
       00 39 19 04 
       4B 00 39 00 
       19 04 56 00 
       30 00 19 55 
       AA 00 15 00 
       12 00 14 19 
       04 50 00 91 
       00 19 04 52 
       00 51 00 19 
       55 67 00 68 
       00 12 00 00 
       19 04 7A 00 
       6D 00 19 04 
       AE 00 54 00 
       19 55 A9 00 
       60 00 12 00 
       00 19 04 A9 
       00 60 00 19 
       04 AE 00 54 
       00 19 55 E9 
       00 69 00 12 
       00 24 19 04 
       AE 00 54 00 
       19 04 FD 00 
       54 00 19 55 
       E9 00 69 00 
       12 00 39 19 
       04 B0 00 35 
       00 19 04 FF 
       00 3E 00 19 
       55 FD 00 54 
       00 12 00 00 
       19 04 7A 00 
       6D 00 19 04 
       67 00 68 00 
       19 55 AE 00 
       54 00 12 00 
       39 19 04 4B 
       00 39 00 19 
       04 AA 00 15 
       00 19 55 AE 
       00 1A 00 12 
       00 39 19 04 
       B0 00 35 00 
       19 04 AE 00 
       1A 00 19 55 
       FF 00 3E 00 
       12 00 24 19 
       04 AE 00 54 
       00 19 04 B0 
       00 35 00 19 
       55 FD 00 54 
       00 12 00 39 
       19 04 52 00 
       51 00 19 04 
       4B 00 39 00 
       19 55 AE 00 
       1A 00 12 00 
       24 19 04 67 
       00 68 00 19 
       04 52 00 51 
       00 19 55 B0 
       00 35 00 12 
       00 24 19 04 
       67 00 68 00 
       19 04 B0 00 
       35 00 19 55 
       AE 00 54 00 
       12 00 39 19 
       04 52 00 51 
       00 19 04 AE 
       00 1A 00 19 
       55 B0 00 35 
       00 41 05 10 
       12 00 39 19 
       04 BE 00 81 
       00 19 04 9D 
       00 93 00 19 
       55 9C 00 8A 
       00 12 00 00 
       19 04 9D 00 
       B9 00 19 04 
       9C 00 BC 00 
       19 55 60 00 
       B0 00 12 00 
       00 19 04 D0 
       00 AE 00 19 
       04 D9 00 AE 
       00 19 55 9C 
       00 BC 00 12 
       00 39 19 04 
       9C 00 8A 00 
       19 04 80 00 
       8C 00 19 55 
       7B 00 81 00 
       12 00 00 19 
       04 D0 00 AE 
       00 19 04 9C 
       00 BC 00 19 
       55 9D 00 B9 
       00 12 00 39 
       19 04 9C 00 
       8A 00 19 04 
       9D 00 93 00 
       19 55 80 00 
       8C 00 12 00 
       39 19 04 BE 
       00 81 00 19 
       04 BB 00 8C 
       00 19 55 9D 
       00 93 00 12 
       00 00 19 04 
       D1 00 69 00 
       19 04 BB 00 
       8C 00 19 55 
       BE 00 81 00 
       12 00 39 19 
       04 BB 00 8C 
       00 19 04 9E 
       00 A8 00 19 
       55 9D 00 93 
       00 12 00 00 
       19 04 9D 00 
       B9 00 19 04 
       60 00 B0 00 
       19 55 6C 00 
       AF 00 12 00 
       24 19 04 C3 
       00 9F 00 19 
       04 9D 00 B9 
       00 19 55 9E 
       00 A8 00 12 
       00 24 19 04 
       9E 00 A8 00 
       19 04 9D 00 
       B9 00 19 55 
       6C 00 AF 00 
       12 00 00 19 
       04 60 00 B0 
       00 19 04 5D 
       00 A3 00 19 
       55 34 00 78 
       00 12 00 24 
       19 04 C3 00 
       9F 00 19 04 
       D0 00 AE 00 
       19 55 9D 00 
       B9 00 12 00 
       39 19 04 9D 
       00 93 00 19 
       04 9E 00 A8 
       00 19 55 7A 
       00 A0 00 12 
       00 39 19 04 
       BB 00 8C 00 
       19 04 C3 00 
       9F 00 19 55 
       9E 00 A8 00 
       12 00 39 19 
       04 9D 00 93 
       00 19 04 7A 
       00 A0 00 19 
       55 80 00 8C 
       00 12 00 24 
       19 04 9E 00 
       A8 00 19 04 
       6C 00 AF 00 
       19 55 7A 00 
       A0 00 12 00 
       00 19 04 D1 
       00 69 00 19 
       04 CC 00 78 
       00 19 55 BB 
       00 8C 00 12 
       00 10 19 04 
       F0 00 8E 00 
       19 04 D9 00 
       AE 00 19 55 
       D0 00 AE 00 
       12 00 10 19 
       04 CC 00 78 
       00 19 04 C3 
       00 9F 00 19 
       55 BB 00 8C 
       00 12 00 14 
       19 04 D8 00 
       87 00 19 04 
       D0 00 AE 00 
       19 55 C3 00 
       9F 00 12 00 
       00 19 04 6C 
       00 AF 00 19 
       04 60 00 B0 
       00 19 55 39 
       00 88 00 12 
       00 10 19 04 
       F0 00 8E 00 
       19 04 03 01 
       87 00 19 55 
       D9 00 AE 00 
       12 00 39 19 
       04 80 00 8C 
       00 19 04 7A 
       00 A0 00 19 
       55 67 00 88 
       00 12 00 10 
       19 04 CC 00 
       78 00 19 04 
       D8 00 87 00 
       19 55 C3 00 
       9F 00 12 00 
       00 19 04 60 
       00 B0 00 19 
       04 34 00 78 
       00 19 55 39 
       00 88 00 12 
       00 39 19 04 
       80 00 8C 00 
       19 04 67 00 
       88 00 19 55 
       72 00 78 00 
       12 00 24 19 
       04 7A 00 A0 
       00 19 04 6C 
       00 AF 00 19 
       55 4F 00 8F 
       00 12 00 14 
       19 04 D8 00 
       87 00 19 04 
       F0 00 8E 00 
       19 55 D0 00 
       AE 00 12 00 
       00 19 04 C3 
       00 60 00 19 
       04 D8 00 87 
       00 19 55 CC 
       00 78 00 12 
       00 00 19 04 
       6C 00 AF 00 
       19 04 39 00 
       88 00 19 55 
       4F 00 8F 00 
       12 00 24 19 
       04 7A 00 A0 
       00 19 04 4F 
       00 8F 00 19 
       55 67 00 88 
       00 12 00 00 
       19 04 34 00 
       78 00 19 04 
       41 00 68 00 
       19 55 54 00 
       30 00 12 00 
       39 19 04 FA 
       00 50 00 19 
       04 06 01 78 
       00 19 55 03 
       01 87 00 12 
       00 00 19 04 
       CF 00 6B 00 
       19 04 F0 00 
       8E 00 19 55 
       D8 00 87 00 
       12 00 00 19 
       04 C3 00 60 
       00 19 04 CF 
       00 6B 00 19 
       55 D8 00 87 
       00 12 00 24 
       19 04 E5 00 
       65 00 19 04 
       03 01 87 00 
       19 55 F0 00 
       8E 00 12 00 
       10 19 04 39 
       00 88 00 19 
       04 34 00 78 
       00 19 55 48 
       00 38 00 12 
       00 39 19 04 
       FA 00 50 00 
       19 04 FC 00 
       3B 00 19 55 
       06 01 78 00 
       12 00 00 19 
       04 34 00 78 
       00 19 04 54 
       00 30 00 19 
       55 48 00 38 
       00 12 00 10 
       19 04 67 00 
       88 00 19 04 
       4F 00 8F 00 
       19 55 62 00 
       65 00 12 00 
       00 19 04 CF 
       00 6B 00 19 
       04 E5 00 65 
       00 19 55 F0 
       00 8E 00 12 
       00 14 19 04 
       4F 00 8F 00 
       19 04 39 00 
       88 00 19 55 
       4D 00 4F 00 
       12 00 24 19 
       04 E5 00 65 
       00 19 04 FA 
       00 50 00 19 
       55 03 01 87 
       00 12 00 10 
       19 04 67 00 
       88 00 19 04 
       62 00 65 00 
       19 55 76 00 
       6B 00 12 00 
       00 19 04 A4 
       00 5D 00 19 
       04 E5 00 65 
       00 19 55 CF 
       00 6B 00 12 
       00 10 19 04 
       39 00 88 00 
       19 04 48 00 
       38 00 19 55 
       4D 00 4F 00 
       12 00 39 19 
       04 48 00 38 
       00 19 04 54 
       00 30 00 19 
       55 A4 00 14 
       00 12 00 39 
       19 04 A7 00 
       17 00 19 04 
       EE 00 32 00 
       19 55 FC 00 
       3B 00 12 00 
       14 19 04 4F 
       00 8F 00 19 
       04 4D 00 4F 
       00 19 55 62 
       00 65 00 12 
       00 39 19 04 
       A7 00 17 00 
       19 04 A4 00 
       14 00 19 55 
       EE 00 32 00 
       12 00 00 19 
       04 76 00 6B 
       00 19 04 A6 
       00 50 00 19 
       55 A4 00 5D 
       00 12 00 00 
       19 04 76 00 
       6B 00 19 04 
       62 00 65 00 
       19 55 A6 00 
       50 00 12 00 
       00 19 04 A4 
       00 5D 00 19 
       04 A6 00 50 
       00 19 55 E5 
       00 65 00 12 
       00 24 19 04 
       A6 00 50 00 
       19 04 FA 00 
       50 00 19 55 
       E5 00 65 00 
       12 00 39 19 
       04 48 00 38 
       00 19 04 A4 
       00 14 00 19 
       55 A7 00 17 
       00 12 00 39 
       19 04 A8 00 
       31 00 19 04 
       FC 00 3B 00 
       19 55 FA 00 
       50 00 12 00 
       39 19 04 4D 
       00 4F 00 19 
       04 48 00 38 
       00 19 55 A7 
       00 17 00 12 
       00 39 19 04 
       A8 00 31 00 
       19 04 A7 00 
       17 00 19 55 
       FC 00 3B 00 
       12 00 24 19 
       04 62 00 65 
       00 19 04 4D 
       00 4F 00 19 
       55 A8 00 31 
       00 12 00 24 
       19 04 A6 00 
       50 00 19 04 
       A8 00 31 00 
       19 55 FA 00 
       50 00 12 00 
       24 19 04 62 
       00 65 00 19 
       04 A8 00 31 
       00 19 55 A6 
       00 50 00 12 
       00 39 19 04 
       4D 00 4F 00 
       19 04 A7 00 
       17 00 19 55 
       A8 00 31 00 
